source_name,organization,dataset_name,source_url,download_url,reference_period,extraction_date,file_format,file_name,file_size_bytes,checksum,records,schema_version,ingestion_status,processing_status,source_etag,source_last_modified
SINASC,Ministerio da Saude,Nascidos Vivos - 2024,https://dadosabertos.saude.gov.br/dataset/sistema-de-informacao-sobre-nascidos-vivos-sinasc/resource/61145247-d2bb-463a-befc-01dd5a86ff34,https://s3.sa-east-1.amazonaws.com/ckan.saude.gov.br/SINASC/csv/SINASC_2024_csv.zip,2024,2026-09-20T15:20:16.835712+00:00,ZIP/CSV,SINASC_2024_csv_27e55de6359e.zip,92289354,27e55de6359e1b1914301dc1d752d78e9535a7a52cc0640931dd94876aca6027,2389325,header-sha256:447a1c5696ee08fd534acfee47abd4bd35a5075967ca206795c50c1f1ceded5a,success,raw_validated,"""7ec37eb8d70bb3736869fe72bb1bf2d0-12""","Fri, 08 May 2026 17:40:56 GMT"
IBGE_DTB,IBGE,Divisao Territorial Brasileira 2024,https://geoftp.ibge.gov.br/organizacao_do_territorio/estrutura_territorial/divisao_territorial/2024/DTB_2024.zip,https://geoftp.ibge.gov.br/organizacao_do_territorio/estrutura_territorial/divisao_territorial/2024/DTB_2024.zip,2024,2026-09-21T00:35:54.949100+00:00,ZIP/ODS,DTB_2024.zip,1867011,218d2017cc29ff21cb6e8a0b015c40ea8f456900f95aa18f534be4ea94b473f0,5571,dtb-2024-municipios-v1,success,raw_validated,,
IBGE_UF,IBGE,Localidades - Estados,https://servicodados.ibge.gov.br/api/v1/localidades/estados,https://servicodados.ibge.gov.br/api/v1/localidades/estados,snapshot,2026-09-21T00:35:54.952103+00:00,JSON,ibge_estados_api.json,2446,7ca1368dea3af83cba1af84ae8a7e88f1173c97586831d086cc8b3c1ba9c6596,27,localidades-estados-v1,success,raw_validated,,
CNES_LEITOS,Ministerio da Saude,Hospitais e Leitos 2024,https://dadosabertos.saude.gov.br/dataset/hospitais-e-leitos,https://s3.sa-east-1.amazonaws.com/ckan.saude.gov.br/Leitos_SUS/Leitos_2024.csv,2024,2026-09-21T14:50:12.160218+00:00,CSV,Leitos_2024.csv,25197031,72a73c4b2b18a8d62170a82b8b04a84e646b41129f765bc45b3ed8f9afac3409,85225,columns-sha256:60f59d03f8b3b5f1f42c8e51402acabf4438ab5a494d4ca9ba934873390c75ce,success,raw_validated,,
CNES_DICIONARIO_LEITOS,Ministerio da Saude,Dicionario Hospitais e Leitos,https://dadosabertos.saude.gov.br/dataset/hospitais-e-leitos,https://s3.sa-east-1.amazonaws.com/ckan.saude.gov.br/Leitos_SUS/Dicion%C3%A1rio_Leito_hospitalar.pdf,2024,2026-09-21T14:50:12.164776+00:00,PDF,Dicionario_Leito_hospitalar.pdf,461418,93343ca76e3a9466b83da38bed29206449e3461dd12852559d5584bbd67c2e96,34,dictionary-34-fields-v1,success,raw_validated,,
SIH_RD,Ministerio da Saude / DATASUS,SIH/SUS AIH Reduzida AC 2024-01,https://datasus.saude.gov.br/transferencia-de-arquivos/,ftp://ftp.datasus.gov.br/dissemin/publicos/SIHSUS/200801_/Dados/RDAC2401.dbc,2024-01,2026-09-21T15:06:54.555724+00:00,DBC/DBF,RDAC2401.dbc,313213,41b7ad58932cd56d6c60455cbf67e7995f5fd2e64375d0cc440631a191638429,4315,dbf-fields-sha256:1346db65ec139f090f75a64b14d24eca6ee0e49f9726b65b3a0da3f360270c5d,success,raw_validated,,
SIH_RD,Ministerio da Saude / DATASUS,SIH/SUS AIH Reduzida AC 2024-02,https://datasus.saude.gov.br/transferencia-de-arquivos/,ftp://ftp.datasus.gov.br/dissemin/publicos/SIHSUS/200801_/Dados/RDAC2402.dbc,2024-02,2026-09-21T15:06:55.159916+00:00,DBC/DBF,RDAC2402.dbc,316988,7fb69a40c85b69faf9493e3d11010b4d5b46090c7cfb72618e4c86edf12c60b4,4316,dbf-fields-sha256:1346db65ec139f090f75a64b14d24eca6ee0e49f9726b65b3a0da3f360270c5d,success,raw_validated,,
SIH_RD,Ministerio da Saude / DATASUS,SIH/SUS AIH Reduzida AC 2024-03,https://datasus.saude.gov.br/transferencia-de-arquivos/,ftp://ftp.datasus.gov.br/dissemin/publicos/SIHSUS/200801_/Dados/RDAC2403.dbc,2024-03,2026-09-21T15:06:55.836546+00:00,DBC/DBF,RDAC2403.dbc,321304,30aa46891ef2c7f6282b07bb04e830943dcc567d5b223d0497e4aea5043bd788,4517,dbf-fields-sha256:1346db65ec139f090f75a64b14d24eca6ee0e49f9726b65b3a0da3f360270c5d,success,raw_validated,,
SIH_RD,Ministerio da Saude / DATASUS,SIH/SUS AIH Reduzida AC 2024-04,https://datasus.saude.gov.br/transferencia-de-arquivos/,ftp://ftp.datasus.gov.br/dissemin/publicos/SIHSUS/200801_/Dados/RDAC2404.dbc,2024-04,2026-09-21T15:06:56.514211+00:00,DBC/DBF,RDAC2404.dbc,369651,a7ddc2e865ad9b81d673aadf668a56f2f790038040504bbeaa6cc2f9221b65dc,5214,dbf-fields-sha256:1346db65ec139f090f75a64b14d24eca6ee0e49f9726b65b3a0da3f360270c5d,success,raw_validated,,
SIH_RD,Ministerio da Saude / DATASUS,SIH/SUS AIH Reduzida AC 2024-05,https://datasus.saude.gov.br/transferencia-de-arquivos/,ftp://ftp.datasus.gov.br/dissemin/publicos/SIHSUS/200801_/Dados/RDAC2405.dbc,2024-05,2026-09-21T15:06:57.150798+00:00,DBC/DBF,RDAC2405.dbc,362821,85f3c764db22a814b8f1ee3ba881307eeaa3e6d491d88c76ecfa05b0ec039a1f,5133,dbf-fields-sha256:1346db65ec139f090f75a64b14d24eca6ee0e49f9726b65b3a0da3f360270c5d,success,raw_validated,,
SIH_RD,Ministerio da Saude / DATASUS,SIH/SUS AIH Reduzida AC 2024-06,https://datasus.saude.gov.br/transferencia-de-arquivos/,ftp://ftp.datasus.gov.br/dissemin/publicos/SIHSUS/200801_/Dados/RDAC2406.dbc,2024-06,2026-09-21T15:06:57.778586+00:00,DBC/DBF,RDAC2406.dbc,334783,038de312ca1560d6f532125c8b74a8ef4b5d980fdf3299040e283707168400ee,4675,dbf-fields-sha256:1346db65ec139f090f75a64b14d24eca6ee0e49f9726b65b3a0da3f360270c5d,success,raw_validated,,
SIH_RD,Ministerio da Saude / DATASUS,SIH/SUS AIH Reduzida AC 2024-07,https://datasus.saude.gov.br/transferencia-de-arquivos/,ftp://ftp.datasus.gov.br/dissemin/publicos/SIHSUS/200801_/Dados/RDAC2407.dbc,2024-07,2026-09-21T15:06:58.462719+00:00,DBC/DBF,RDAC2407.dbc,423121,87cde34b3cea7837ff8b39b219d3f398bc7f3a4696584fdb0de3a611672f3088,5830,dbf-fields-sha256:1346db65ec139f090f75a64b14d24eca6ee0e49f9726b65b3a0da3f360270c5d,success,raw_validated,,
SIH_RD,Ministerio da Saude / DATASUS,SIH/SUS AIH Reduzida AC 2024-08,https://datasus.saude.gov.br/transferencia-de-arquivos/,ftp://ftp.datasus.gov.br/dissemin/publicos/SIHSUS/200801_/Dados/RDAC2408.dbc,2024-08,2026-09-21T15:06:59.125278+00:00,DBC/DBF,RDAC2408.dbc,346250,767e395d9cc0803aeedf238da5336c1b86b82d0d33da386ba9b452a4cb4886a9,4712,dbf-fields-sha256:1346db65ec139f090f75a64b14d24eca6ee0e49f9726b65b3a0da3f360270c5d,success,raw_validated,,
SIH_RD,Ministerio da Saude / DATASUS,SIH/SUS AIH Reduzida AC 2024-09,https://datasus.saude.gov.br/transferencia-de-arquivos/,ftp://ftp.datasus.gov.br/dissemin/publicos/SIHSUS/200801_/Dados/RDAC2409.dbc,2024-09,2026-09-21T15:06:59.729587+00:00,DBC/DBF,RDAC2409.dbc,353421,268108f4a02ab8266837780fc104ce813add0f56cf2811a75d75f83fa1564931,4896,dbf-fields-sha256:1346db65ec139f090f75a64b14d24eca6ee0e49f9726b65b3a0da3f360270c5d,success,raw_validated,,
SIH_RD,Ministerio da Saude / DATASUS,SIH/SUS AIH Reduzida AC 2024-10,https://datasus.saude.gov.br/transferencia-de-arquivos/,ftp://ftp.datasus.gov.br/dissemin/publicos/SIHSUS/200801_/Dados/RDAC2410.dbc,2024-10,2026-09-21T15:07:00.461768+00:00,DBC/DBF,RDAC2410.dbc,348885,f24a0daae828ac9c3d753c96127338ca9239d42b6c2a147a6fbbe688e86b6329,4771,dbf-fields-sha256:1346db65ec139f090f75a64b14d24eca6ee0e49f9726b65b3a0da3f360270c5d,success,raw_validated,,
SIH_RD,Ministerio da Saude / DATASUS,SIH/SUS AIH Reduzida AC 2024-11,https://datasus.saude.gov.br/transferencia-de-arquivos/,ftp://ftp.datasus.gov.br/dissemin/publicos/SIHSUS/200801_/Dados/RDAC2411.dbc,2024-11,2026-09-21T15:07:01.140307+00:00,DBC/DBF,RDAC2411.dbc,360713,76441501df259e0883552eceeed78224db99f1e663f96dd55614e1c6996f8e4d,5042,dbf-fields-sha256:1346db65ec139f090f75a64b14d24eca6ee0e49f9726b65b3a0da3f360270c5d,success,raw_validated,,
SIH_RD,Ministerio da Saude / DATASUS,SIH/SUS AIH Reduzida AC 2024-12,https://datasus.saude.gov.br/transferencia-de-arquivos/,ftp://ftp.datasus.gov.br/dissemin/publicos/SIHSUS/200801_/Dados/RDAC2412.dbc,2024-12,2026-09-21T15:07:01.729882+00:00,DBC/DBF,RDAC2412.dbc,276626,85cb08982dc1db04bbf928ad2a1dad50216113fb3db63e22123bbfd34679dcb4,3851,dbf-fields-sha256:1346db65ec139f090f75a64b14d24eca6ee0e49f9726b65b3a0da3f360270c5d,success,raw_validated,,
SIH_RD,Ministerio da Saude / DATASUS,SIH/SUS AIH Reduzida AL 2024-01,https://datasus.saude.gov.br/transferencia-de-arquivos/,ftp://ftp.datasus.gov.br/dissemin/publicos/SIHSUS/200801_/Dados/RDAL2401.dbc,2024-01,2026-09-21T15:07:02.718445+00:00,DBC/DBF,RDAL2401.dbc,1001024,21eb11f745c82058995e15ae34802210482f82e73767e182060376c158b81b4d,13664,dbf-fields-sha256:1346db65ec139f090f75a64b14d24eca6ee0e49f9726b65b3a0da3f360270c5d,success,raw_validated,,
SIH_RD,Ministerio da Saude / DATASUS,SIH/SUS AIH Reduzida AL 2024-02,https://datasus.saude.gov.br/transferencia-de-arquivos/,ftp://ftp.datasus.gov.br/dissemin/publicos/SIHSUS/200801_/Dados/RDAL2402.dbc,2024-02,2026-09-21T15:07:03.624708+00:00,DBC/DBF,RDAL2402.dbc,952749,1b98f16d70ffbc23037993d6a10fbcc84c4428e6d85629d0478cd762925f0593,13108,dbf-fields-sha256:1346db65ec139f090f75a64b14d24eca6ee0e49f9726b65b3a0da3f360270c5d,success,raw_validated,,
SIH_RD,Ministerio da Saude / DATASUS,SIH/SUS AIH Reduzida AL 2024-03,https://datasus.saude.gov.br/transferencia-de-arquivos/,ftp://ftp.datasus.gov.br/dissemin/publicos/SIHSUS/200801_/Dados/RDAL2403.dbc,2024-03,2026-09-21T15:07:04.532419+00:00,DBC/DBF,RDAL2403.dbc,1052383,8e9629d90a081d7946b301690c4c41633f2d79fd253d931026494d89ff4680a8,14638,dbf-fields-sha256:1346db65ec139f090f75a64b14d24eca6ee0e49f9726b65b3a0da3f360270c5d,success,raw_validated,,
SIH_RD,Ministerio da Saude / DATASUS,SIH/SUS AIH Reduzida AL 2024-04,https://datasus.saude.gov.br/transferencia-de-arquivos/,ftp://ftp.datasus.gov.br/dissemin/publicos/SIHSUS/200801_/Dados/RDAL2404.dbc,2024-04,2026-09-21T15:07:05.419683+00:00,DBC/DBF,RDAL2404.dbc,1077468,c0e00747b166c68c6412348e66e319eee4229b5cce8efd4910ab2af9adee294d,14943,dbf-fields-sha256:1346db65ec139f090f75a64b14d24eca6ee0e49f9726b65b3a0da3f360270c5d,success,raw_validated,,
SIH_RD,Ministerio da Saude / DATASUS,SIH/SUS AIH Reduzida AL 2024-05,https://datasus.saude.gov.br/transferencia-de-arquivos/,ftp://ftp.datasus.gov.br/dissemin/publicos/SIHSUS/200801_/Dados/RDAL2405.dbc,2024-05,2026-09-21T15:07:06.304183+00:00,DBC/DBF,RDAL2405.dbc,1087312,bb292b70d818aeaaf4cb114b8bb34215f14e6246ed2d5ef9729470ad5c490dc0,15072,dbf-fields-sha256:1346db65ec139f090f75a64b14d24eca6ee0e49f9726b65b3a0da3f360270c5d,success,raw_validated,,
SIH_RD,Ministerio da Saude / DATASUS,SIH/SUS AIH Reduzida AL 2024-06,https://datasus.saude.gov.br/transferencia-de-arquivos/,ftp://ftp.datasus.gov.br/dissemin/publicos/SIHSUS/200801_/Dados/RDAL2406.dbc,2024-06,2026-09-21T15:07:07.222735+00:00,DBC/DBF,RDAL2406.dbc,1109307,50f7c202d15d5ef0011bc782ef02a38885a42bec5d647bb8319449b4a5a0cccd,15277,dbf-fields-sha256:1346db65ec139f090f75a64b14d24eca6ee0e49f9726b65b3a0da3f360270c5d,success,raw_validated,,
SIH_RD,Ministerio da Saude / DATASUS,SIH/SUS AIH Reduzida AL 2024-07,https://datasus.saude.gov.br/transferencia-de-arquivos/,ftp://ftp.datasus.gov.br/dissemin/publicos/SIHSUS/200801_/Dados/RDAL2407.dbc,2024-07,2026-09-21T15:07:08.216601+00:00,DBC/DBF,RDAL2407.dbc,1114063,e4c4b70efefbe942371eb670077581da37436f64bebdcf5f462ae1cbda247276,15294,dbf-fields-sha256:1346db65ec139f090f75a64b14d24eca6ee0e49f9726b65b3a0da3f360270c5d,success,raw_validated,,
SIH_RD,Ministerio da Saude / DATASUS,SIH/SUS AIH Reduzida AL 2024-08,https://datasus.saude.gov.br/transferencia-de-arquivos/,ftp://ftp.datasus.gov.br/dissemin/publicos/SIHSUS/200801_/Dados/RDAL2408.dbc,2024-08,2026-09-21T15:07:09.160905+00:00,DBC/DBF,RDAL2408.dbc,1106167,176d06e737ab11929a022daf9b89def1009e912d40c68d02f4fec674e741f2f5,15290,dbf-fields-sha256:1346db65ec139f090f75a64b14d24eca6ee0e49f9726b65b3a0da3f360270c5d,success,raw_validated,,
SIH_RD,Ministerio da Saude / DATASUS,SIH/SUS AIH Reduzida AL 2024-09,https://datasus.saude.gov.br/transferencia-de-arquivos/,ftp://ftp.datasus.gov.br/dissemin/publicos/SIHSUS/200801_/Dados/RDAL2409.dbc,2024-09,2026-09-21T15:07:10.111775+00:00,DBC/DBF,RDAL2409.dbc,1075022,14cafa768de82568a75445d237272da2365740d5ad005875af1e697a76e449ce,14743,dbf-fields-sha256:1346db65ec139f090f75a64b14d24eca6ee0e49f9726b65b3a0da3f360270c5d,success,raw_validated,,
SIH_RD,Ministerio da Saude / DATASUS,SIH/SUS AIH Reduzida AL 2024-10,https://datasus.saude.gov.br/transferencia-de-arquivos/,ftp://ftp.datasus.gov.br/dissemin/publicos/SIHSUS/200801_/Dados/RDAL2410.dbc,2024-10,2026-09-21T15:07:11.055775+00:00,DBC/DBF,RDAL2410.dbc,1095533,6ff4ff488838efced7e1021d997608a1f6169d6df471874a903ff9c00e4ccf54,14983,dbf-fields-sha256:1346db65ec139f090f75a64b14d24eca6ee0e49f9726b65b3a0da3f360270c5d,success,raw_validated,,
SIH_RD,Ministerio da Saude / DATASUS,SIH/SUS AIH Reduzida AL 2024-11,https://datasus.saude.gov.br/transferencia-de-arquivos/,ftp://ftp.datasus.gov.br/dissemin/publicos/SIHSUS/200801_/Dados/RDAL2411.dbc,2024-11,2026-09-21T15:07:11.955649+00:00,DBC/DBF,RDAL2411.dbc,996388,18f5e642ef2e8c8f6e68e02b5c5280fbb3e5417e0a4a43e4e30cfb430a3440d4,13726,dbf-fields-sha256:1346db65ec139f090f75a64b14d24eca6ee0e49f9726b65b3a0da3f360270c5d,success,raw_validated,,
SIH_RD,Ministerio da Saude / DATASUS,SIH/SUS AIH Reduzida AL 2024-12,https://datasus.saude.gov.br/transferencia-de-arquivos/,ftp://ftp.datasus.gov.br/dissemin/publicos/SIHSUS/200801_/Dados/RDAL2412.dbc,2024-12,2026-09-21T15:07:12.914834+00:00,DBC/DBF,RDAL2412.dbc,1005587,101f6cd0d1336d73eabf1e83a70eacc2e714d9571512a68c0cf3b33416ed287e,13656,dbf-fields-sha256:1346db65ec139f090f75a64b14d24eca6ee0e49f9726b65b3a0da3f360270c5d,success,raw_validated,,
SIH_RD,Ministerio da Saude / DATASUS,SIH/SUS AIH Reduzida AM 2024-01,https://datasus.saude.gov.br/transferencia-de-arquivos/,ftp://ftp.datasus.gov.br/dissemin/publicos/SIHSUS/200801_/Dados/RDAM2401.dbc,2024-01,2026-09-21T15:07:13.855272+00:00,DBC/DBF,RDAM2401.dbc,1077340,6c9dc75d73bc80f1639a213aa6b03aaefb1246390645dcae9ec419a495d68ddd,15990,dbf-fields-sha256:1346db65ec139f090f75a64b14d24eca6ee0e49f9726b65b3a0da3f360270c5d,success,raw_validated,,
SIH_RD,Ministerio da Saude / DATASUS,SIH/SUS AIH Reduzida AM 2024-02,https://datasus.saude.gov.br/transferencia-de-arquivos/,ftp://ftp.datasus.gov.br/dissemin/publicos/SIHSUS/200801_/Dados/RDAM2402.dbc,2024-02,2026-09-21T15:07:14.854135+00:00,DBC/DBF,RDAM2402.dbc,1244792,90c0484cda241ad33075cf54400283dd0e84cfcf699eaf86a2c59b47a007962f,18532,dbf-fields-sha256:1346db65ec139f090f75a64b14d24eca6ee0e49f9726b65b3a0da3f360270c5d,success,raw_validated,,
SIH_RD,Ministerio da Saude / DATASUS,SIH/SUS AIH Reduzida AM 2024-03,https://datasus.saude.gov.br/transferencia-de-arquivos/,ftp://ftp.datasus.gov.br/dissemin/publicos/SIHSUS/200801_/Dados/RDAM2403.dbc,2024-03,2026-09-21T15:07:15.967817+00:00,DBC/DBF,RDAM2403.dbc,1341110,04bb0e40285d17bc9a56135b0bcac66cb724c06bd0495c937abf2691af27bed2,19267,dbf-fields-sha256:1346db65ec139f090f75a64b14d24eca6ee0e49f9726b65b3a0da3f360270c5d,success,raw_validated,,
SIH_RD,Ministerio da Saude / DATASUS,SIH/SUS AIH Reduzida AM 2024-04,https://datasus.saude.gov.br/transferencia-de-arquivos/,ftp://ftp.datasus.gov.br/dissemin/publicos/SIHSUS/200801_/Dados/RDAM2404.dbc,2024-04,2026-09-21T15:07:16.913132+00:00,DBC/DBF,RDAM2404.dbc,1352730,05db780b6771bdb44bad227ea8434056790d57776f96703570e40d47bd4e802b,19407,dbf-fields-sha256:1346db65ec139f090f75a64b14d24eca6ee0e49f9726b65b3a0da3f360270c5d,success,raw_validated,,
SIH_RD,Ministerio da Saude / DATASUS,SIH/SUS AIH Reduzida AM 2024-05,https://datasus.saude.gov.br/transferencia-de-arquivos/,ftp://ftp.datasus.gov.br/dissemin/publicos/SIHSUS/200801_/Dados/RDAM2405.dbc,2024-05,2026-09-21T15:07:17.988926+00:00,DBC/DBF,RDAM2405.dbc,1411982,8154f5ee51855ac789c6c613788be31189543e8cfdebf24ab42431a6d5a7171c,20218,dbf-fields-sha256:1346db65ec139f090f75a64b14d24eca6ee0e49f9726b65b3a0da3f360270c5d,success,raw_validated,,
SIH_RD,Ministerio da Saude / DATASUS,SIH/SUS AIH Reduzida AM 2024-06,https://datasus.saude.gov.br/transferencia-de-arquivos/,ftp://ftp.datasus.gov.br/dissemin/publicos/SIHSUS/200801_/Dados/RDAM2406.dbc,2024-06,2026-09-21T15:07:19.004623+00:00,DBC/DBF,RDAM2406.dbc,1308336,b80b1a340831627b89e95ac8dff053c1d75ace07f429d6f425b1e201448210b3,18921,dbf-fields-sha256:1346db65ec139f090f75a64b14d24eca6ee0e49f9726b65b3a0da3f360270c5d,success,raw_validated,,
SIH_RD,Ministerio da Saude / DATASUS,SIH/SUS AIH Reduzida AM 2024-07,https://datasus.saude.gov.br/transferencia-de-arquivos/,ftp://ftp.datasus.gov.br/dissemin/publicos/SIHSUS/200801_/Dados/RDAM2407.dbc,2024-07,2026-09-21T15:07:20.000834+00:00,DBC/DBF,RDAM2407.dbc,1327483,5e0136fadcc4a22b2a4261a9bd56fdc3be547eda1f3e4e95853886ef48f17c96,19286,dbf-fields-sha256:1346db65ec139f090f75a64b14d24eca6ee0e49f9726b65b3a0da3f360270c5d,success,raw_validated,,
SIH_RD,Ministerio da Saude / DATASUS,SIH/SUS AIH Reduzida AM 2024-08,https://datasus.saude.gov.br/transferencia-de-arquivos/,ftp://ftp.datasus.gov.br/dissemin/publicos/SIHSUS/200801_/Dados/RDAM2408.dbc,2024-08,2026-09-21T15:07:21.078789+00:00,DBC/DBF,RDAM2408.dbc,1292304,1f3a09504c6170ffdbb08a21da72d9d4fd1f530a9b6b782e9d5f49d358f50695,18733,dbf-fields-sha256:1346db65ec139f090f75a64b14d24eca6ee0e49f9726b65b3a0da3f360270c5d,success,raw_validated,,
SIH_RD,Ministerio da Saude / DATASUS,SIH/SUS AIH Reduzida AM 2024-09,https://datasus.saude.gov.br/transferencia-de-arquivos/,ftp://ftp.datasus.gov.br/dissemin/publicos/SIHSUS/200801_/Dados/RDAM2409.dbc,2024-09,2026-09-21T15:07:22.095738+00:00,DBC/DBF,RDAM2409.dbc,1369731,d7a448dc2041b9790f2940c8bacf5a69d8b7b37bd03555b181160b94025f7735,19962,dbf-fields-sha256:1346db65ec139f090f75a64b14d24eca6ee0e49f9726b65b3a0da3f360270c5d,success,raw_validated,,
SIH_RD,Ministerio da Saude / DATASUS,SIH/SUS AIH Reduzida AM 2024-10,https://datasus.saude.gov.br/transferencia-de-arquivos/,ftp://ftp.datasus.gov.br/dissemin/publicos/SIHSUS/200801_/Dados/RDAM2410.dbc,2024-10,2026-09-21T15:07:23.142168+00:00,DBC/DBF,RDAM2410.dbc,1391000,a93b90ef99ca570b6385229c68872c1f1666ed74b8f7a9d97bde41d608f68f2b,20118,dbf-fields-sha256:1346db65ec139f090f75a64b14d24eca6ee0e49f9726b65b3a0da3f360270c5d,success,raw_validated,,
SIH_RD,Ministerio da Saude / DATASUS,SIH/SUS AIH Reduzida AM 2024-11,https://datasus.saude.gov.br/transferencia-de-arquivos/,ftp://ftp.datasus.gov.br/dissemin/publicos/SIHSUS/200801_/Dados/RDAM2411.dbc,2024-11,2026-09-21T15:07:24.189598+00:00,DBC/DBF,RDAM2411.dbc,1272179,ea8b754573002b7390a2d9b15515e76dc7e4f0ac8bbdd3c1e33de3bea7a2f0ce,18532,dbf-fields-sha256:1346db65ec139f090f75a64b14d24eca6ee0e49f9726b65b3a0da3f360270c5d,success,raw_validated,,
SIH_RD,Ministerio da Saude / DATASUS,SIH/SUS AIH Reduzida AM 2024-12,https://datasus.saude.gov.br/transferencia-de-arquivos/,ftp://ftp.datasus.gov.br/dissemin/publicos/SIHSUS/200801_/Dados/RDAM2412.dbc,2024-12,2026-09-21T15:07:25.158652+00:00,DBC/DBF,RDAM2412.dbc,1164822,5329f02c340f88a9ff2a3c459a6b4ad98746e1c59bf90f339adb973531b3992d,17037,dbf-fields-sha256:1346db65ec139f090f75a64b14d24eca6ee0e49f9726b65b3a0da3f360270c5d,success,raw_validated,,
SIH_RD,Ministerio da Saude / DATASUS,SIH/SUS AIH Reduzida AP 2024-01,https://datasus.saude.gov.br/transferencia-de-arquivos/,ftp://ftp.datasus.gov.br/dissemin/publicos/SIHSUS/200801_/Dados/RDAP2401.dbc,2024-01,2026-09-21T15:07:26.123912+00:00,DBC/DBF,RDAP2401.dbc,313194,1fc8485a88a93b164383cdd240b801ef3aee72cc8cbbc22a449d78196e49a282,4790,dbf-fields-sha256:1346db65ec139f090f75a64b14d24eca6ee0e49f9726b65b3a0da3f360270c5d,success,raw_validated,,
SIH_RD,Ministerio da Saude / DATASUS,SIH/SUS AIH Reduzida AP 2024-02,https://datasus.saude.gov.br/transferencia-de-arquivos/,ftp://ftp.datasus.gov.br/dissemin/publicos/SIHSUS/200801_/Dados/RDAP2402.dbc,2024-02,2026-09-21T15:07:26.696507+00:00,DBC/DBF,RDAP2402.dbc,294645,031ea99f43722eb23996059992c6d9ab7bd06a7190091c861a1e443796d4d7f4,4538,dbf-fields-sha256:1346db65ec139f090f75a64b14d24eca6ee0e49f9726b65b3a0da3f360270c5d,success,raw_validated,,
SIH_RD,Ministerio da Saude / DATASUS,SIH/SUS AIH Reduzida AP 2024-03,https://datasus.saude.gov.br/transferencia-de-arquivos/,ftp://ftp.datasus.gov.br/dissemin/publicos/SIHSUS/200801_/Dados/RDAP2403.dbc,2024-03,2026-09-21T15:07:27.623180+00:00,DBC/DBF,RDAP2403.dbc,301316,ed790a746b0d7b46d13dae57e39563e638d62fb28339cb6cb5a66220247f69e2,4645,dbf-fields-sha256:1346db65ec139f090f75a64b14d24eca6ee0e49f9726b65b3a0da3f360270c5d,success,raw_validated,,
SIH_RD,Ministerio da Saude / DATASUS,SIH/SUS AIH Reduzida AP 2024-04,https://datasus.saude.gov.br/transferencia-de-arquivos/,ftp://ftp.datasus.gov.br/dissemin/publicos/SIHSUS/200801_/Dados/RDAP2404.dbc,2024-04,2026-09-21T15:07:28.586690+00:00,DBC/DBF,RDAP2404.dbc,291066,1c376a35886894c050dba8b2c15c9fd17eb5547b70e76bb783c0ef79809d89ba,4427,dbf-fields-sha256:1346db65ec139f090f75a64b14d24eca6ee0e49f9726b65b3a0da3f360270c5d,success,raw_validated,,
SIH_RD,Ministerio da Saude / DATASUS,SIH/SUS AIH Reduzida AP 2024-05,https://datasus.saude.gov.br/transferencia-de-arquivos/,ftp://ftp.datasus.gov.br/dissemin/publicos/SIHSUS/200801_/Dados/RDAP2405.dbc,2024-05,2026-09-21T15:07:29.504615+00:00,DBC/DBF,RDAP2405.dbc,310278,20498b655ae5c7e8e42dcff32a7876348bf8f02da64b127bfc5405b1fa19ff0e,4700,dbf-fields-sha256:1346db65ec139f090f75a64b14d24eca6ee0e49f9726b65b3a0da3f360270c5d,success,raw_validated,,
SIH_RD,Ministerio da Saude / DATASUS,SIH/SUS AIH Reduzida AP 2024-06,https://datasus.saude.gov.br/transferencia-de-arquivos/,ftp://ftp.datasus.gov.br/dissemin/publicos/SIHSUS/200801_/Dados/RDAP2406.dbc,2024-06,2026-09-21T15:07:30.468869+00:00,DBC/DBF,RDAP2406.dbc,306410,96ec1b651012b78a26138de16a6b81e32bb06ec1a3f3600c6060a834a105cd75,4652,dbf-fields-sha256:1346db65ec139f090f75a64b14d24eca6ee0e49f9726b65b3a0da3f360270c5d,success,raw_validated,,
SIH_RD,Ministerio da Saude / DATASUS,SIH/SUS AIH Reduzida AP 2024-07,https://datasus.saude.gov.br/transferencia-de-arquivos/,ftp://ftp.datasus.gov.br/dissemin/publicos/SIHSUS/200801_/Dados/RDAP2407.dbc,2024-07,2026-09-21T15:07:31.400463+00:00,DBC/DBF,RDAP2407.dbc,325869,ed6e7a4590d867b7a155f2f268d9671efdb13dece1c532d79b5f52225e630fe4,4936,dbf-fields-sha256:1346db65ec139f090f75a64b14d24eca6ee0e49f9726b65b3a0da3f360270c5d,success,raw_validated,,
SIH_RD,Ministerio da Saude / DATASUS,SIH/SUS AIH Reduzida AP 2024-08,https://datasus.saude.gov.br/transferencia-de-arquivos/,ftp://ftp.datasus.gov.br/dissemin/publicos/SIHSUS/200801_/Dados/RDAP2408.dbc,2024-08,2026-09-21T15:07:32.040128+00:00,DBC/DBF,RDAP2408.dbc,321792,db5b6037e29a21d9920908b6ebeab31cffbee8efb4903bead0f8705ffb3585cd,4838,dbf-fields-sha256:1346db65ec139f090f75a64b14d24eca6ee0e49f9726b65b3a0da3f360270c5d,success,raw_validated,,
SIH_RD,Ministerio da Saude / DATASUS,SIH/SUS AIH Reduzida AP 2024-09,https://datasus.saude.gov.br/transferencia-de-arquivos/,ftp://ftp.datasus.gov.br/dissemin/publicos/SIHSUS/200801_/Dados/RDAP2409.dbc,2024-09,2026-09-21T15:07:32.707253+00:00,DBC/DBF,RDAP2409.dbc,342262,a9530ce8259b555ee022f6fcd9456aa253c069cf42b86e129b94e886a43fa421,5188,dbf-fields-sha256:1346db65ec139f090f75a64b14d24eca6ee0e49f9726b65b3a0da3f360270c5d,success,raw_validated,,
SIH_RD,Ministerio da Saude / DATASUS,SIH/SUS AIH Reduzida AP 2024-10,https://datasus.saude.gov.br/transferencia-de-arquivos/,ftp://ftp.datasus.gov.br/dissemin/publicos/SIHSUS/200801_/Dados/RDAP2410.dbc,2024-10,2026-09-21T15:07:33.393780+00:00,DBC/DBF,RDAP2410.dbc,351267,49793c6048e31b412b3f7fb7a873bbb74be392a5ac29969edba98fd98ce7d8ab,5230,dbf-fields-sha256:1346db65ec139f090f75a64b14d24eca6ee0e49f9726b65b3a0da3f360270c5d,success,raw_validated,,
SIH_RD,Ministerio da Saude / DATASUS,SIH/SUS AIH Reduzida AP 2024-11,https://datasus.saude.gov.br/transferencia-de-arquivos/,ftp://ftp.datasus.gov.br/dissemin/publicos/SIHSUS/200801_/Dados/RDAP2411.dbc,2024-11,2026-09-21T15:07:34.286765+00:00,DBC/DBF,RDAP2411.dbc,328138,13069b35bf6a00e169d3578c9c032c1bbd7a86966804dd032c27ae47a82f67a9,5002,dbf-fields-sha256:1346db65ec139f090f75a64b14d24eca6ee0e49f9726b65b3a0da3f360270c5d,success,raw_validated,,
SIH_RD,Ministerio da Saude / DATASUS,SIH/SUS AIH Reduzida AP 2024-12,https://datasus.saude.gov.br/transferencia-de-arquivos/,ftp://ftp.datasus.gov.br/dissemin/publicos/SIHSUS/200801_/Dados/RDAP2412.dbc,2024-12,2026-09-21T15:07:35.224515+00:00,DBC/DBF,RDAP2412.dbc,293491,91a46653ed7c080b295c1edbc299a7b3a2104f3c0349fe0e28a71df07fb42fa2,4299,dbf-fields-sha256:1346db65ec139f090f75a64b14d24eca6ee0e49f9726b65b3a0da3f360270c5d,success,raw_validated,,
SIH_RD,Ministerio da Saude / DATASUS,SIH/SUS AIH Reduzida BA 2024-01,https://datasus.saude.gov.br/transferencia-de-arquivos/,ftp://ftp.datasus.gov.br/dissemin/publicos/SIHSUS/200801_/Dados/RDBA2401.dbc,2024-01,2026-09-21T15:07:37.425126+00:00,DBC/DBF,RDBA2401.dbc,5290623,6b2815cb09abd5c9314f894e43ee622a1fafe4c2d784450e2a273504f4e032a0,72903,dbf-fields-sha256:1346db65ec139f090f75a64b14d24eca6ee0e49f9726b65b3a0da3f360270c5d,success,raw_validated,,
SIH_RD,Ministerio da Saude / DATASUS,SIH/SUS AIH Reduzida BA 2024-02,https://datasus.saude.gov.br/transferencia-de-arquivos/,ftp://ftp.datasus.gov.br/dissemin/publicos/SIHSUS/200801_/Dados/RDBA2402.dbc,2024-02,2026-09-21T15:07:39.571788+00:00,DBC/DBF,RDBA2402.dbc,5297006,38c2cc8f6e5ba044d2df3e014b35b6ab2ca77cc4d86bbb54524e0e45d36784c6,72809,dbf-fields-sha256:1346db65ec139f090f75a64b14d24eca6ee0e49f9726b65b3a0da3f360270c5d,success,raw_validated,,
SIH_RD,Ministerio da Saude / DATASUS,SIH/SUS AIH Reduzida BA 2024-03,https://datasus.saude.gov.br/transferencia-de-arquivos/,ftp://ftp.datasus.gov.br/dissemin/publicos/SIHSUS/200801_/Dados/RDBA2403.dbc,2024-03,2026-09-21T15:07:41.932757+00:00,DBC/DBF,RDBA2403.dbc,5691189,9d705b56ae39ca11965f1defb3cb8a01f8b06e16dc13cfa551817bc532e7764c,78510,dbf-fields-sha256:1346db65ec139f090f75a64b14d24eca6ee0e49f9726b65b3a0da3f360270c5d,success,raw_validated,,
SIH_RD,Ministerio da Saude / DATASUS,SIH/SUS AIH Reduzida BA 2024-04,https://datasus.saude.gov.br/transferencia-de-arquivos/,ftp://ftp.datasus.gov.br/dissemin/publicos/SIHSUS/200801_/Dados/RDBA2404.dbc,2024-04,2026-09-21T15:07:44.389768+00:00,DBC/DBF,RDBA2404.dbc,6008491,8f67bf75593ae8bbe942a616f5e8d089516cc4b1455c1657e6c39342190b0f50,84487,dbf-fields-sha256:1346db65ec139f090f75a64b14d24eca6ee0e49f9726b65b3a0da3f360270c5d,success,raw_validated,,
SIH_RD,Ministerio da Saude / DATASUS,SIH/SUS AIH Reduzida BA 2024-05,https://datasus.saude.gov.br/transferencia-de-arquivos/,ftp://ftp.datasus.gov.br/dissemin/publicos/SIHSUS/200801_/Dados/RDBA2405.dbc,2024-05,2026-09-21T15:07:46.960892+00:00,DBC/DBF,RDBA2405.dbc,5909690,8ea7084c9143af3ec921c540024246876be10d1c5b6f20857b0be7099571477d,81716,dbf-fields-sha256:1346db65ec139f090f75a64b14d24eca6ee0e49f9726b65b3a0da3f360270c5d,success,raw_validated,,
SIH_RD,Ministerio da Saude / DATASUS,SIH/SUS AIH Reduzida BA 2024-06,https://datasus.saude.gov.br/transferencia-de-arquivos/,ftp://ftp.datasus.gov.br/dissemin/publicos/SIHSUS/200801_/Dados/RDBA2406.dbc,2024-06,2026-09-21T15:07:49.233200+00:00,DBC/DBF,RDBA2406.dbc,5443527,f4eacca1b289accc7fdccbfc85224b42f7997028b10c73ec3f6dce66b1c0b0b5,75098,dbf-fields-sha256:1346db65ec139f090f75a64b14d24eca6ee0e49f9726b65b3a0da3f360270c5d,success,raw_validated,,
SIH_RD,Ministerio da Saude / DATASUS,SIH/SUS AIH Reduzida BA 2024-07,https://datasus.saude.gov.br/transferencia-de-arquivos/,ftp://ftp.datasus.gov.br/dissemin/publicos/SIHSUS/200801_/Dados/RDBA2407.dbc,2024-07,2026-09-21T15:07:51.666366+00:00,DBC/DBF,RDBA2407.dbc,6032841,fbdc155985d9924a6d165a491c2917b9d2aef9c6b14ba8d399d136b79d728d60,83058,dbf-fields-sha256:1346db65ec139f090f75a64b14d24eca6ee0e49f9726b65b3a0da3f360270c5d,success,raw_validated,,
SIH_RD,Ministerio da Saude / DATASUS,SIH/SUS AIH Reduzida BA 2024-08,https://datasus.saude.gov.br/transferencia-de-arquivos/,ftp://ftp.datasus.gov.br/dissemin/publicos/SIHSUS/200801_/Dados/RDBA2408.dbc,2024-08,2026-09-21T15:07:54.269286+00:00,DBC/DBF,RDBA2408.dbc,6058359,18ed23b7ce0dbba21de03ef2b5f1d2567523d909512901243888c784e4e8b477,83622,dbf-fields-sha256:1346db65ec139f090f75a64b14d24eca6ee0e49f9726b65b3a0da3f360270c5d,success,raw_validated,,
SIH_RD,Ministerio da Saude / DATASUS,SIH/SUS AIH Reduzida BA 2024-09,https://datasus.saude.gov.br/transferencia-de-arquivos/,ftp://ftp.datasus.gov.br/dissemin/publicos/SIHSUS/200801_/Dados/RDBA2409.dbc,2024-09,2026-09-21T15:07:56.737699+00:00,DBC/DBF,RDBA2409.dbc,5801443,26fb779c6ff2343d55df8fe4e4572f8deb820a144bd426d04dcf5793fb723747,81214,dbf-fields-sha256:1346db65ec139f090f75a64b14d24eca6ee0e49f9726b65b3a0da3f360270c5d,success,raw_validated,,
SIH_RD,Ministerio da Saude / DATASUS,SIH/SUS AIH Reduzida BA 2024-10,https://datasus.saude.gov.br/transferencia-de-arquivos/,ftp://ftp.datasus.gov.br/dissemin/publicos/SIHSUS/200801_/Dados/RDBA2410.dbc,2024-10,2026-09-21T15:07:59.045277+00:00,DBC/DBF,RDBA2410.dbc,5902399,1a7fa4005fee8dce4294ee739f9cc2202299cca86eb83227339d9d099a47c01c,80604,dbf-fields-sha256:1346db65ec139f090f75a64b14d24eca6ee0e49f9726b65b3a0da3f360270c5d,success,raw_validated,,
SIH_RD,Ministerio da Saude / DATASUS,SIH/SUS AIH Reduzida BA 2024-11,https://datasus.saude.gov.br/transferencia-de-arquivos/,ftp://ftp.datasus.gov.br/dissemin/publicos/SIHSUS/200801_/Dados/RDBA2411.dbc,2024-11,2026-09-21T15:08:01.310195+00:00,DBC/DBF,RDBA2411.dbc,5727832,63c604a2efaf3655ec26aa1556ccd16a5100b56c5c55a1792e654e4d63fc1e9e,79287,dbf-fields-sha256:1346db65ec139f090f75a64b14d24eca6ee0e49f9726b65b3a0da3f360270c5d,success,raw_validated,,
SIH_RD,Ministerio da Saude / DATASUS,SIH/SUS AIH Reduzida BA 2024-12,https://datasus.saude.gov.br/transferencia-de-arquivos/,ftp://ftp.datasus.gov.br/dissemin/publicos/SIHSUS/200801_/Dados/RDBA2412.dbc,2024-12,2026-09-21T15:08:03.516684+00:00,DBC/DBF,RDBA2412.dbc,5333094,3c6c3f6b8635be5d4bbde0bedfeacfd8f0f78a1d0fcabee218da73a7fd5f5dbf,73356,dbf-fields-sha256:1346db65ec139f090f75a64b14d24eca6ee0e49f9726b65b3a0da3f360270c5d,success,raw_validated,,
SIH_RD,Ministerio da Saude / DATASUS,SIH/SUS AIH Reduzida CE 2024-01,https://datasus.saude.gov.br/transferencia-de-arquivos/,ftp://ftp.datasus.gov.br/dissemin/publicos/SIHSUS/200801_/Dados/RDCE2401.dbc,2024-01,2026-09-21T15:08:05.168971+00:00,DBC/DBF,RDCE2401.dbc,3414473,acd98132b45bd6b3400328001678bc26fa7be5656715809f38fda8881f4e0998,46396,dbf-fields-sha256:1346db65ec139f090f75a64b14d24eca6ee0e49f9726b65b3a0da3f360270c5d,success,raw_validated,,
SIH_RD,Ministerio da Saude / DATASUS,SIH/SUS AIH Reduzida CE 2024-02,https://datasus.saude.gov.br/transferencia-de-arquivos/,ftp://ftp.datasus.gov.br/dissemin/publicos/SIHSUS/200801_/Dados/RDCE2402.dbc,2024-02,2026-09-21T15:08:06.804286+00:00,DBC/DBF,RDCE2402.dbc,3260776,1eeea2922359f670aef54b28cf06eabfce3ed04650966c9df3ce1675a1c44e70,44734,dbf-fields-sha256:1346db65ec139f090f75a64b14d24eca6ee0e49f9726b65b3a0da3f360270c5d,success,raw_validated,,
SIH_RD,Ministerio da Saude / DATASUS,SIH/SUS AIH Reduzida CE 2024-03,https://datasus.saude.gov.br/transferencia-de-arquivos/,ftp://ftp.datasus.gov.br/dissemin/publicos/SIHSUS/200801_/Dados/RDCE2403.dbc,2024-03,2026-09-21T15:08:08.478770+00:00,DBC/DBF,RDCE2403.dbc,3453616,433ef592d520ae3b9f153a391391b965f21409291e61d76751ac032d50c8820f,47223,dbf-fields-sha256:1346db65ec139f090f75a64b14d24eca6ee0e49f9726b65b3a0da3f360270c5d,success,raw_validated,,
SIH_RD,Ministerio da Saude / DATASUS,SIH/SUS AIH Reduzida CE 2024-04,https://datasus.saude.gov.br/transferencia-de-arquivos/,ftp://ftp.datasus.gov.br/dissemin/publicos/SIHSUS/200801_/Dados/RDCE2404.dbc,2024-04,2026-09-21T15:08:10.306686+00:00,DBC/DBF,RDCE2404.dbc,3806690,47e1ab2eb4507c7aa460f9e826b8c21f218d79c19e2ae3fb525aba82382a92f7,52679,dbf-fields-sha256:1346db65ec139f090f75a64b14d24eca6ee0e49f9726b65b3a0da3f360270c5d,success,raw_validated,,
SIH_RD,Ministerio da Saude / DATASUS,SIH/SUS AIH Reduzida CE 2024-05,https://datasus.saude.gov.br/transferencia-de-arquivos/,ftp://ftp.datasus.gov.br/dissemin/publicos/SIHSUS/200801_/Dados/RDCE2405.dbc,2024-05,2026-09-21T15:08:12.053955+00:00,DBC/DBF,RDCE2405.dbc,3705619,6ecb1cac76fe7f8a0e3a50cd25ef86c2f325641daf192140f97dbdc153a949f6,51426,dbf-fields-sha256:1346db65ec139f090f75a64b14d24eca6ee0e49f9726b65b3a0da3f360270c5d,success,raw_validated,,
SIH_RD,Ministerio da Saude / DATASUS,SIH/SUS AIH Reduzida CE 2024-06,https://datasus.saude.gov.br/transferencia-de-arquivos/,ftp://ftp.datasus.gov.br/dissemin/publicos/SIHSUS/200801_/Dados/RDCE2406.dbc,2024-06,2026-09-21T15:08:13.674181+00:00,DBC/DBF,RDCE2406.dbc,3679139,eec01df18576ca6f53a2606e0438218061c1612d3c848e31d0715ccd613eb717,50792,dbf-fields-sha256:1346db65ec139f090f75a64b14d24eca6ee0e49f9726b65b3a0da3f360270c5d,success,raw_validated,,
SIH_RD,Ministerio da Saude / DATASUS,SIH/SUS AIH Reduzida CE 2024-07,https://datasus.saude.gov.br/transferencia-de-arquivos/,ftp://ftp.datasus.gov.br/dissemin/publicos/SIHSUS/200801_/Dados/RDCE2407.dbc,2024-07,2026-09-21T15:08:15.423870+00:00,DBC/DBF,RDCE2407.dbc,3759635,ea684d40c09b8303b9aa906ac8d4fe65e7595a4a5fdefa10eb31db71e2ee8f07,51572,dbf-fields-sha256:1346db65ec139f090f75a64b14d24eca6ee0e49f9726b65b3a0da3f360270c5d,success,raw_validated,,
SIH_RD,Ministerio da Saude / DATASUS,SIH/SUS AIH Reduzida CE 2024-08,https://datasus.saude.gov.br/transferencia-de-arquivos/,ftp://ftp.datasus.gov.br/dissemin/publicos/SIHSUS/200801_/Dados/RDCE2408.dbc,2024-08,2026-09-21T15:08:17.094697+00:00,DBC/DBF,RDCE2408.dbc,3763218,aa2f2e0813c02ebdede70e0daf7ba9b4cac57b195ae96bec31dbcf433f840b1d,51288,dbf-fields-sha256:1346db65ec139f090f75a64b14d24eca6ee0e49f9726b65b3a0da3f360270c5d,success,raw_validated,,
SIH_RD,Ministerio da Saude / DATASUS,SIH/SUS AIH Reduzida CE 2024-09,https://datasus.saude.gov.br/transferencia-de-arquivos/,ftp://ftp.datasus.gov.br/dissemin/publicos/SIHSUS/200801_/Dados/RDCE2409.dbc,2024-09,2026-09-21T15:08:18.855378+00:00,DBC/DBF,RDCE2409.dbc,3653653,4fa64a3fff2c432e4eedbed324ac345c6f31943fb80e7d05c193e70b58f99b7e,50083,dbf-fields-sha256:1346db65ec139f090f75a64b14d24eca6ee0e49f9726b65b3a0da3f360270c5d,success,raw_validated,,
SIH_RD,Ministerio da Saude / DATASUS,SIH/SUS AIH Reduzida CE 2024-10,https://datasus.saude.gov.br/transferencia-de-arquivos/,ftp://ftp.datasus.gov.br/dissemin/publicos/SIHSUS/200801_/Dados/RDCE2410.dbc,2024-10,2026-09-21T15:08:20.483882+00:00,DBC/DBF,RDCE2410.dbc,3620323,c60606e11ba01761c39ec20c8de3366b85c56b4cb92881ab85e27db12e7f171c,49551,dbf-fields-sha256:1346db65ec139f090f75a64b14d24eca6ee0e49f9726b65b3a0da3f360270c5d,success,raw_validated,,
SIH_RD,Ministerio da Saude / DATASUS,SIH/SUS AIH Reduzida CE 2024-11,https://datasus.saude.gov.br/transferencia-de-arquivos/,ftp://ftp.datasus.gov.br/dissemin/publicos/SIHSUS/200801_/Dados/RDCE2411.dbc,2024-11,2026-09-21T15:08:22.161802+00:00,DBC/DBF,RDCE2411.dbc,3430034,3cc99a1e059bb511d3f1bea314f084d2be01e3939fc41acd0a33ef6c7f274839,46923,dbf-fields-sha256:1346db65ec139f090f75a64b14d24eca6ee0e49f9726b65b3a0da3f360270c5d,success,raw_validated,,
SIH_RD,Ministerio da Saude / DATASUS,SIH/SUS AIH Reduzida CE 2024-12,https://datasus.saude.gov.br/transferencia-de-arquivos/,ftp://ftp.datasus.gov.br/dissemin/publicos/SIHSUS/200801_/Dados/RDCE2412.dbc,2024-12,2026-09-21T15:08:23.799053+00:00,DBC/DBF,RDCE2412.dbc,3291966,30976a18f90f44232c6b4fdae5d6e3a0af859ebd6ced450ab14dc3088a2eb474,44465,dbf-fields-sha256:1346db65ec139f090f75a64b14d24eca6ee0e49f9726b65b3a0da3f360270c5d,success,raw_validated,,
SIH_RD,Ministerio da Saude / DATASUS,SIH/SUS AIH Reduzida DF 2024-01,https://datasus.saude.gov.br/transferencia-de-arquivos/,ftp://ftp.datasus.gov.br/dissemin/publicos/SIHSUS/200801_/Dados/RDDF2401.dbc,2024-01,2026-09-21T15:08:24.919568+00:00,DBC/DBF,RDDF2401.dbc,1580978,15febb0560bd46f2a0b6c1291e47f7be9595d9784c6b6f4edd266a46d9c4d2b7,19950,dbf-fields-sha256:1346db65ec139f090f75a64b14d24eca6ee0e49f9726b65b3a0da3f360270c5d,success,raw_validated,,
SIH_RD,Ministerio da Saude / DATASUS,SIH/SUS AIH Reduzida DF 2024-02,https://datasus.saude.gov.br/transferencia-de-arquivos/,ftp://ftp.datasus.gov.br/dissemin/publicos/SIHSUS/200801_/Dados/RDDF2402.dbc,2024-02,2026-09-21T15:08:25.994762+00:00,DBC/DBF,RDDF2402.dbc,1587995,88309052c2b14fb5a8698067235a2dffdcf24ef7a596dab14e4f98e83a7f6794,20507,dbf-fields-sha256:1346db65ec139f090f75a64b14d24eca6ee0e49f9726b65b3a0da3f360270c5d,success,raw_validated,,
SIH_RD,Ministerio da Saude / DATASUS,SIH/SUS AIH Reduzida DF 2024-03,https://datasus.saude.gov.br/transferencia-de-arquivos/,ftp://ftp.datasus.gov.br/dissemin/publicos/SIHSUS/200801_/Dados/RDDF2403.dbc,2024-03,2026-09-21T15:08:27.200271+00:00,DBC/DBF,RDDF2403.dbc,1708126,6afb6013464fa000782f240f3d140f609e202e461ffc76d4fa4d641aeb4691ae,21890,dbf-fields-sha256:1346db65ec139f090f75a64b14d24eca6ee0e49f9726b65b3a0da3f360270c5d,success,raw_validated,,
SIH_RD,Ministerio da Saude / DATASUS,SIH/SUS AIH Reduzida DF 2024-04,https://datasus.saude.gov.br/transferencia-de-arquivos/,ftp://ftp.datasus.gov.br/dissemin/publicos/SIHSUS/200801_/Dados/RDDF2404.dbc,2024-04,2026-09-21T15:08:28.417799+00:00,DBC/DBF,RDDF2404.dbc,1747501,caac03bcc1594945a0f84ef113b526c9dc1d99a4b403070789d9cd62fb0c2e9a,22390,dbf-fields-sha256:1346db65ec139f090f75a64b14d24eca6ee0e49f9726b65b3a0da3f360270c5d,success,raw_validated,,
SIH_RD,Ministerio da Saude / DATASUS,SIH/SUS AIH Reduzida DF 2024-05,https://datasus.saude.gov.br/transferencia-de-arquivos/,ftp://ftp.datasus.gov.br/dissemin/publicos/SIHSUS/200801_/Dados/RDDF2405.dbc,2024-05,2026-09-21T15:08:29.584835+00:00,DBC/DBF,RDDF2405.dbc,1694052,988e038c0c66b07bdcfc59ed5d9c1e6fb9f72213e887f241697dc92c3c1fd350,21697,dbf-fields-sha256:1346db65ec139f090f75a64b14d24eca6ee0e49f9726b65b3a0da3f360270c5d,success,raw_validated,,
SIH_RD,Ministerio da Saude / DATASUS,SIH/SUS AIH Reduzida DF 2024-06,https://datasus.saude.gov.br/transferencia-de-arquivos/,ftp://ftp.datasus.gov.br/dissemin/publicos/SIHSUS/200801_/Dados/RDDF2406.dbc,2024-06,2026-09-21T15:08:30.754916+00:00,DBC/DBF,RDDF2406.dbc,1643985,d73a42527b3b67b0aaaed6852a29b1be2d5b702ad0239b6846efe63f0b0c0726,20812,dbf-fields-sha256:1346db65ec139f090f75a64b14d24eca6ee0e49f9726b65b3a0da3f360270c5d,success,raw_validated,,
SIH_RD,Ministerio da Saude / DATASUS,SIH/SUS AIH Reduzida DF 2024-07,https://datasus.saude.gov.br/transferencia-de-arquivos/,ftp://ftp.datasus.gov.br/dissemin/publicos/SIHSUS/200801_/Dados/RDDF2407.dbc,2024-07,2026-09-21T15:08:31.830596+00:00,DBC/DBF,RDDF2407.dbc,1696887,712d436421f4f37df145c1c8c08b67130775eea0fa82cc51ab445db1f92143d1,21550,dbf-fields-sha256:1346db65ec139f090f75a64b14d24eca6ee0e49f9726b65b3a0da3f360270c5d,success,raw_validated,,
SIH_RD,Ministerio da Saude / DATASUS,SIH/SUS AIH Reduzida DF 2024-08,https://datasus.saude.gov.br/transferencia-de-arquivos/,ftp://ftp.datasus.gov.br/dissemin/publicos/SIHSUS/200801_/Dados/RDDF2408.dbc,2024-08,2026-09-21T15:08:32.987805+00:00,DBC/DBF,RDDF2408.dbc,1690674,fd8e7ec16ba9bd0a57fb3633c3e9ea5902be184d071c2015dee4dd01715cda5a,21218,dbf-fields-sha256:1346db65ec139f090f75a64b14d24eca6ee0e49f9726b65b3a0da3f360270c5d,success,raw_validated,,
SIH_RD,Ministerio da Saude / DATASUS,SIH/SUS AIH Reduzida DF 2024-09,https://datasus.saude.gov.br/transferencia-de-arquivos/,ftp://ftp.datasus.gov.br/dissemin/publicos/SIHSUS/200801_/Dados/RDDF2409.dbc,2024-09,2026-09-21T15:08:34.066783+00:00,DBC/DBF,RDDF2409.dbc,1556797,5735d18e89927a7e94249b92b8b776a151d80e5341d1f0701da552c8cc6f04a1,19456,dbf-fields-sha256:1346db65ec139f090f75a64b14d24eca6ee0e49f9726b65b3a0da3f360270c5d,success,raw_validated,,
SIH_RD,Ministerio da Saude / DATASUS,SIH/SUS AIH Reduzida DF 2024-10,https://datasus.saude.gov.br/transferencia-de-arquivos/,ftp://ftp.datasus.gov.br/dissemin/publicos/SIHSUS/200801_/Dados/RDDF2410.dbc,2024-10,2026-09-21T15:08:35.201285+00:00,DBC/DBF,RDDF2410.dbc,1618337,44b836217e265683ebe09175b6504e0d10ac10aea543f4142193495692872620,20326,dbf-fields-sha256:1346db65ec139f090f75a64b14d24eca6ee0e49f9726b65b3a0da3f360270c5d,success,raw_validated,,
SIH_RD,Ministerio da Saude / DATASUS,SIH/SUS AIH Reduzida DF 2024-11,https://datasus.saude.gov.br/transferencia-de-arquivos/,ftp://ftp.datasus.gov.br/dissemin/publicos/SIHSUS/200801_/Dados/RDDF2411.dbc,2024-11,2026-09-21T15:08:36.255543+00:00,DBC/DBF,RDDF2411.dbc,1578339,dfc6050aafbef1672ae7cfcf22774bdabae77ba5f48c5760713f603ad13d6f3c,19750,dbf-fields-sha256:1346db65ec139f090f75a64b14d24eca6ee0e49f9726b65b3a0da3f360270c5d,success,raw_validated,,
SIH_RD,Ministerio da Saude / DATASUS,SIH/SUS AIH Reduzida DF 2024-12,https://datasus.saude.gov.br/transferencia-de-arquivos/,ftp://ftp.datasus.gov.br/dissemin/publicos/SIHSUS/200801_/Dados/RDDF2412.dbc,2024-12,2026-09-21T15:08:37.240205+00:00,DBC/DBF,RDDF2412.dbc,1489086,337be9c14890e8c81b3858d88a3b1f7fccb1e1cb60caf5c3f9791e2a24651090,18542,dbf-fields-sha256:1346db65ec139f090f75a64b14d24eca6ee0e49f9726b65b3a0da3f360270c5d,success,raw_validated,,
SIH_RD,Ministerio da Saude / DATASUS,SIH/SUS AIH Reduzida ES 2024-01,https://datasus.saude.gov.br/transferencia-de-arquivos/,ftp://ftp.datasus.gov.br/dissemin/publicos/SIHSUS/200801_/Dados/RDES2401.dbc,2024-01,2026-09-21T15:08:38.383140+00:00,DBC/DBF,RDES2401.dbc,1766641,f09f13ab377bbc0ccfda21e34389ef5a4e26b1627f4a8f8e29be7e0d20f1d59c,22835,dbf-fields-sha256:1346db65ec139f090f75a64b14d24eca6ee0e49f9726b65b3a0da3f360270c5d,success,raw_validated,,
SIH_RD,Ministerio da Saude / DATASUS,SIH/SUS AIH Reduzida ES 2024-02,https://datasus.saude.gov.br/transferencia-de-arquivos/,ftp://ftp.datasus.gov.br/dissemin/publicos/SIHSUS/200801_/Dados/RDES2402.dbc,2024-02,2026-09-21T15:08:39.475639+00:00,DBC/DBF,RDES2402.dbc,1736230,acf39c2794a57e88c524e042b949ba23c0c705989c5f468f00984f33714c2780,22718,dbf-fields-sha256:1346db65ec139f090f75a64b14d24eca6ee0e49f9726b65b3a0da3f360270c5d,success,raw_validated,,
SIH_RD,Ministerio da Saude / DATASUS,SIH/SUS AIH Reduzida ES 2024-03,https://datasus.saude.gov.br/transferencia-de-arquivos/,ftp://ftp.datasus.gov.br/dissemin/publicos/SIHSUS/200801_/Dados/RDES2403.dbc,2024-03,2026-09-21T15:08:40.701380+00:00,DBC/DBF,RDES2403.dbc,1986141,84fe2fbad40e6781d5b9cf744433075d48b3a44b662cf002a93d7198371db35c,25744,dbf-fields-sha256:1346db65ec139f090f75a64b14d24eca6ee0e49f9726b65b3a0da3f360270c5d,success,raw_validated,,
SIH_RD,Ministerio da Saude / DATASUS,SIH/SUS AIH Reduzida ES 2024-04,https://datasus.saude.gov.br/transferencia-de-arquivos/,ftp://ftp.datasus.gov.br/dissemin/publicos/SIHSUS/200801_/Dados/RDES2404.dbc,2024-04,2026-09-21T15:08:41.974969+00:00,DBC/DBF,RDES2404.dbc,2056268,4c026117feadeae5ea6de6eb52c2103e589de7cc6cee6c6f6781a54b9f95bfd1,27000,dbf-fields-sha256:1346db65ec139f090f75a64b14d24eca6ee0e49f9726b65b3a0da3f360270c5d,success,raw_validated,,
SIH_RD,Ministerio da Saude / DATASUS,SIH/SUS AIH Reduzida ES 2024-05,https://datasus.saude.gov.br/transferencia-de-arquivos/,ftp://ftp.datasus.gov.br/dissemin/publicos/SIHSUS/200801_/Dados/RDES2405.dbc,2024-05,2026-09-21T15:08:43.153888+00:00,DBC/DBF,RDES2405.dbc,1976784,51ef74a87c2e4539973add7ae067de10310dd453c480248fae68589d37362691,25964,dbf-fields-sha256:1346db65ec139f090f75a64b14d24eca6ee0e49f9726b65b3a0da3f360270c5d,success,raw_validated,,
SIH_RD,Ministerio da Saude / DATASUS,SIH/SUS AIH Reduzida ES 2024-06,https://datasus.saude.gov.br/transferencia-de-arquivos/,ftp://ftp.datasus.gov.br/dissemin/publicos/SIHSUS/200801_/Dados/RDES2406.dbc,2024-06,2026-09-21T15:08:44.403992+00:00,DBC/DBF,RDES2406.dbc,1999390,d939f77f28be7cae3cb25bb69bfe22c694848a8dbca610d86265a684d50ea5c9,25921,dbf-fields-sha256:1346db65ec139f090f75a64b14d24eca6ee0e49f9726b65b3a0da3f360270c5d,success,raw_validated,,
SIH_RD,Ministerio da Saude / DATASUS,SIH/SUS AIH Reduzida ES 2024-07,https://datasus.saude.gov.br/transferencia-de-arquivos/,ftp://ftp.datasus.gov.br/dissemin/publicos/SIHSUS/200801_/Dados/RDES2407.dbc,2024-07,2026-09-21T15:08:45.628199+00:00,DBC/DBF,RDES2407.dbc,2051555,edc82ce3f381eaee2a721a621bbed75b37d5a3512ba3ec2bf0573dbc909c69df,27057,dbf-fields-sha256:1346db65ec139f090f75a64b14d24eca6ee0e49f9726b65b3a0da3f360270c5d,success,raw_validated,,
SIH_RD,Ministerio da Saude / DATASUS,SIH/SUS AIH Reduzida ES 2024-08,https://datasus.saude.gov.br/transferencia-de-arquivos/,ftp://ftp.datasus.gov.br/dissemin/publicos/SIHSUS/200801_/Dados/RDES2408.dbc,2024-08,2026-09-21T15:08:46.838208+00:00,DBC/DBF,RDES2408.dbc,1984648,bd57d3ebe29d75dc028ed71e86805fcea4a6a85a51111b54784165fe2db44f37,25649,dbf-fields-sha256:1346db65ec139f090f75a64b14d24eca6ee0e49f9726b65b3a0da3f360270c5d,success,raw_validated,,
SIH_RD,Ministerio da Saude / DATASUS,SIH/SUS AIH Reduzida ES 2024-09,https://datasus.saude.gov.br/transferencia-de-arquivos/,ftp://ftp.datasus.gov.br/dissemin/publicos/SIHSUS/200801_/Dados/RDES2409.dbc,2024-09,2026-09-21T15:08:48.089604+00:00,DBC/DBF,RDES2409.dbc,2017300,ffe37d35336bf4481254a4d0defc8817ba12e8ebbc822b74b167080c7ebc60d1,26106,dbf-fields-sha256:1346db65ec139f090f75a64b14d24eca6ee0e49f9726b65b3a0da3f360270c5d,success,raw_validated,,
SIH_RD,Ministerio da Saude / DATASUS,SIH/SUS AIH Reduzida ES 2024-10,https://datasus.saude.gov.br/transferencia-de-arquivos/,ftp://ftp.datasus.gov.br/dissemin/publicos/SIHSUS/200801_/Dados/RDES2410.dbc,2024-10,2026-09-21T15:08:49.389929+00:00,DBC/DBF,RDES2410.dbc,2148653,36a6c8480944e8966207a0a2afe8a49359894c649632e2a693f2964376ab89a5,27688,dbf-fields-sha256:1346db65ec139f090f75a64b14d24eca6ee0e49f9726b65b3a0da3f360270c5d,success,raw_validated,,
SIH_RD,Ministerio da Saude / DATASUS,SIH/SUS AIH Reduzida ES 2024-11,https://datasus.saude.gov.br/transferencia-de-arquivos/,ftp://ftp.datasus.gov.br/dissemin/publicos/SIHSUS/200801_/Dados/RDES2411.dbc,2024-11,2026-09-21T15:08:50.588894+00:00,DBC/DBF,RDES2411.dbc,1932442,a14b5ccc6db862143b987c4f37ff30a0e438f7a8a056eba05ef5c337146116ac,25292,dbf-fields-sha256:1346db65ec139f090f75a64b14d24eca6ee0e49f9726b65b3a0da3f360270c5d,success,raw_validated,,
SIH_RD,Ministerio da Saude / DATASUS,SIH/SUS AIH Reduzida ES 2024-12,https://datasus.saude.gov.br/transferencia-de-arquivos/,ftp://ftp.datasus.gov.br/dissemin/publicos/SIHSUS/200801_/Dados/RDES2412.dbc,2024-12,2026-09-21T15:08:51.734230+00:00,DBC/DBF,RDES2412.dbc,1977091,71acefac537a0b722a1499a6fb3da085cc5422dd2e565a52f55782c5540389f9,25526,dbf-fields-sha256:1346db65ec139f090f75a64b14d24eca6ee0e49f9726b65b3a0da3f360270c5d,success,raw_validated,,
SIH_RD,Ministerio da Saude / DATASUS,SIH/SUS AIH Reduzida GO 2024-01,https://datasus.saude.gov.br/transferencia-de-arquivos/,ftp://ftp.datasus.gov.br/dissemin/publicos/SIHSUS/200801_/Dados/RDGO2401.dbc,2024-01,2026-09-21T15:08:53.186956+00:00,DBC/DBF,RDGO2401.dbc,2560255,a9be12baed7a4cb58952660a4fce53091b2bd7e2ce2a8be3515ae9473842ccd2,34548,dbf-fields-sha256:1346db65ec139f090f75a64b14d24eca6ee0e49f9726b65b3a0da3f360270c5d,success,raw_validated,,
SIH_RD,Ministerio da Saude / DATASUS,SIH/SUS AIH Reduzida GO 2024-02,https://datasus.saude.gov.br/transferencia-de-arquivos/,ftp://ftp.datasus.gov.br/dissemin/publicos/SIHSUS/200801_/Dados/RDGO2402.dbc,2024-02,2026-09-21T15:08:54.609061+00:00,DBC/DBF,RDGO2402.dbc,2545429,c8eff8edfd3262e9b3703ea88cb4ba52018c87269c7d73fdb52f9a5f0ae96055,34511,dbf-fields-sha256:1346db65ec139f090f75a64b14d24eca6ee0e49f9726b65b3a0da3f360270c5d,success,raw_validated,,
SIH_RD,Ministerio da Saude / DATASUS,SIH/SUS AIH Reduzida GO 2024-03,https://datasus.saude.gov.br/transferencia-de-arquivos/,ftp://ftp.datasus.gov.br/dissemin/publicos/SIHSUS/200801_/Dados/RDGO2403.dbc,2024-03,2026-09-21T15:08:56.175202+00:00,DBC/DBF,RDGO2403.dbc,2876905,200b2760b644ccc2e0cee519049f973a893003b73492e1d2de3b112febce9dce,38710,dbf-fields-sha256:1346db65ec139f090f75a64b14d24eca6ee0e49f9726b65b3a0da3f360270c5d,success,raw_validated,,
SIH_RD,Ministerio da Saude / DATASUS,SIH/SUS AIH Reduzida GO 2024-04,https://datasus.saude.gov.br/transferencia-de-arquivos/,ftp://ftp.datasus.gov.br/dissemin/publicos/SIHSUS/200801_/Dados/RDGO2404.dbc,2024-04,2026-09-21T15:08:57.724920+00:00,DBC/DBF,RDGO2404.dbc,2928017,c80a91796edd1a285cb6b3ab728001dce16ef309d33f39c8dce85bf5e89a432b,40544,dbf-fields-sha256:1346db65ec139f090f75a64b14d24eca6ee0e49f9726b65b3a0da3f360270c5d,success,raw_validated,,
SIH_RD,Ministerio da Saude / DATASUS,SIH/SUS AIH Reduzida GO 2024-05,https://datasus.saude.gov.br/transferencia-de-arquivos/,ftp://ftp.datasus.gov.br/dissemin/publicos/SIHSUS/200801_/Dados/RDGO2405.dbc,2024-05,2026-09-21T15:08:59.315046+00:00,DBC/DBF,RDGO2405.dbc,2915128,e9ef626713c374aaeedf38b8d8661b644c09bd0f6aaf6ded11cbe67bd55344cf,40033,dbf-fields-sha256:1346db65ec139f090f75a64b14d24eca6ee0e49f9726b65b3a0da3f360270c5d,success,raw_validated,,
SIH_RD,Ministerio da Saude / DATASUS,SIH/SUS AIH Reduzida GO 2024-06,https://datasus.saude.gov.br/transferencia-de-arquivos/,ftp://ftp.datasus.gov.br/dissemin/publicos/SIHSUS/200801_/Dados/RDGO2406.dbc,2024-06,2026-09-21T15:09:00.780864+00:00,DBC/DBF,RDGO2406.dbc,2750499,618c339cbf5e6ac663a0b22dc282aaf9eb3fb3b2cbd6bfaf753ab416642e6f03,38105,dbf-fields-sha256:1346db65ec139f090f75a64b14d24eca6ee0e49f9726b65b3a0da3f360270c5d,success,raw_validated,,
SIH_RD,Ministerio da Saude / DATASUS,SIH/SUS AIH Reduzida GO 2024-07,https://datasus.saude.gov.br/transferencia-de-arquivos/,ftp://ftp.datasus.gov.br/dissemin/publicos/SIHSUS/200801_/Dados/RDGO2407.dbc,2024-07,2026-09-21T15:09:02.195765+00:00,DBC/DBF,RDGO2407.dbc,2902340,c10e99801b3b72b1131f3b74279164f27eaae102653ee73586cf4d0ef32fabdb,39119,dbf-fields-sha256:1346db65ec139f090f75a64b14d24eca6ee0e49f9726b65b3a0da3f360270c5d,success,raw_validated,,
SIH_RD,Ministerio da Saude / DATASUS,SIH/SUS AIH Reduzida GO 2024-08,https://datasus.saude.gov.br/transferencia-de-arquivos/,ftp://ftp.datasus.gov.br/dissemin/publicos/SIHSUS/200801_/Dados/RDGO2408.dbc,2024-08,2026-09-21T15:09:03.686509+00:00,DBC/DBF,RDGO2408.dbc,2831733,04a59146a34b3f6f0fd4385cf5ccd3074e5356e41c7fbea629908a381b6bd473,38165,dbf-fields-sha256:1346db65ec139f090f75a64b14d24eca6ee0e49f9726b65b3a0da3f360270c5d,success,raw_validated,,
SIH_RD,Ministerio da Saude / DATASUS,SIH/SUS AIH Reduzida GO 2024-09,https://datasus.saude.gov.br/transferencia-de-arquivos/,ftp://ftp.datasus.gov.br/dissemin/publicos/SIHSUS/200801_/Dados/RDGO2409.dbc,2024-09,2026-09-21T15:09:04.978942+00:00,DBC/DBF,RDGO2409.dbc,2793720,6eb17bdcd48b7d650670da7d1e29a1e6a5f7ce1f66a4599457ba9ebec3784653,38177,dbf-fields-sha256:1346db65ec139f090f75a64b14d24eca6ee0e49f9726b65b3a0da3f360270c5d,success,raw_validated,,
SIH_RD,Ministerio da Saude / DATASUS,SIH/SUS AIH Reduzida GO 2024-10,https://datasus.saude.gov.br/transferencia-de-arquivos/,ftp://ftp.datasus.gov.br/dissemin/publicos/SIHSUS/200801_/Dados/RDGO2410.dbc,2024-10,2026-09-21T15:09:06.458257+00:00,DBC/DBF,RDGO2410.dbc,2811891,f1627f0c4cf4ca4e6fbc2da21a106d38d59e06580b437ac7d1eb804c46020ac9,38134,dbf-fields-sha256:1346db65ec139f090f75a64b14d24eca6ee0e49f9726b65b3a0da3f360270c5d,success,raw_validated,,
SIH_RD,Ministerio da Saude / DATASUS,SIH/SUS AIH Reduzida GO 2024-11,https://datasus.saude.gov.br/transferencia-de-arquivos/,ftp://ftp.datasus.gov.br/dissemin/publicos/SIHSUS/200801_/Dados/RDGO2411.dbc,2024-11,2026-09-21T15:09:07.859639+00:00,DBC/DBF,RDGO2411.dbc,2576835,660a8363b847839b64ea7ebf6e191cb8834aa1128884dd41977ccb7ea349f129,35452,dbf-fields-sha256:1346db65ec139f090f75a64b14d24eca6ee0e49f9726b65b3a0da3f360270c5d,success,raw_validated,,
SIH_RD,Ministerio da Saude / DATASUS,SIH/SUS AIH Reduzida GO 2024-12,https://datasus.saude.gov.br/transferencia-de-arquivos/,ftp://ftp.datasus.gov.br/dissemin/publicos/SIHSUS/200801_/Dados/RDGO2412.dbc,2024-12,2026-09-21T15:09:09.361265+00:00,DBC/DBF,RDGO2412.dbc,2712380,637cac5ecf37c629198be080593df81e61d5d42e43fae513328f73ad9c174c6f,36504,dbf-fields-sha256:1346db65ec139f090f75a64b14d24eca6ee0e49f9726b65b3a0da3f360270c5d,success,raw_validated,,
SIH_RD,Ministerio da Saude / DATASUS,SIH/SUS AIH Reduzida MA 2024-01,https://datasus.saude.gov.br/transferencia-de-arquivos/,ftp://ftp.datasus.gov.br/dissemin/publicos/SIHSUS/200801_/Dados/RDMA2401.dbc,2024-01,2026-09-21T15:09:10.720662+00:00,DBC/DBF,RDMA2401.dbc,2739562,6bf724b94535f6ae39cadf9a10e2d057d033959764a93ee6a67187bd51ba2ddd,40746,dbf-fields-sha256:1346db65ec139f090f75a64b14d24eca6ee0e49f9726b65b3a0da3f360270c5d,success,raw_validated,,
SIH_RD,Ministerio da Saude / DATASUS,SIH/SUS AIH Reduzida MA 2024-02,https://datasus.saude.gov.br/transferencia-de-arquivos/,ftp://ftp.datasus.gov.br/dissemin/publicos/SIHSUS/200801_/Dados/RDMA2402.dbc,2024-02,2026-09-21T15:09:12.136726+00:00,DBC/DBF,RDMA2402.dbc,2605914,139ced872ec6664c3aa8e1207e37c5fc5bcdc9af3aba3eb9ce114a76ff1f6570,39051,dbf-fields-sha256:1346db65ec139f090f75a64b14d24eca6ee0e49f9726b65b3a0da3f360270c5d,success,raw_validated,,
SIH_RD,Ministerio da Saude / DATASUS,SIH/SUS AIH Reduzida MA 2024-03,https://datasus.saude.gov.br/transferencia-de-arquivos/,ftp://ftp.datasus.gov.br/dissemin/publicos/SIHSUS/200801_/Dados/RDMA2403.dbc,2024-03,2026-09-21T15:09:13.626703+00:00,DBC/DBF,RDMA2403.dbc,2877254,d8e4908329b4e78a53123e5596c560e5c6a04d6b46caf19cab59ea45933669e1,42899,dbf-fields-sha256:1346db65ec139f090f75a64b14d24eca6ee0e49f9726b65b3a0da3f360270c5d,success,raw_validated,,
SIH_RD,Ministerio da Saude / DATASUS,SIH/SUS AIH Reduzida MA 2024-04,https://datasus.saude.gov.br/transferencia-de-arquivos/,ftp://ftp.datasus.gov.br/dissemin/publicos/SIHSUS/200801_/Dados/RDMA2404.dbc,2024-04,2026-09-21T15:09:15.181107+00:00,DBC/DBF,RDMA2404.dbc,2832026,d0522400571507219df8e747232dcce1f0b5942bb4f272407fc54a2ea7fb1a9a,42606,dbf-fields-sha256:1346db65ec139f090f75a64b14d24eca6ee0e49f9726b65b3a0da3f360270c5d,success,raw_validated,,
SIH_RD,Ministerio da Saude / DATASUS,SIH/SUS AIH Reduzida MA 2024-05,https://datasus.saude.gov.br/transferencia-de-arquivos/,ftp://ftp.datasus.gov.br/dissemin/publicos/SIHSUS/200801_/Dados/RDMA2405.dbc,2024-05,2026-09-21T15:09:16.723837+00:00,DBC/DBF,RDMA2405.dbc,2927624,ec3fbeb71cdd1db0369a4abc6cdfab2e376d3eda9547efa80b3f9fba7533a822,43661,dbf-fields-sha256:1346db65ec139f090f75a64b14d24eca6ee0e49f9726b65b3a0da3f360270c5d,success,raw_validated,,
SIH_RD,Ministerio da Saude / DATASUS,SIH/SUS AIH Reduzida MA 2024-06,https://datasus.saude.gov.br/transferencia-de-arquivos/,ftp://ftp.datasus.gov.br/dissemin/publicos/SIHSUS/200801_/Dados/RDMA2406.dbc,2024-06,2026-09-21T15:09:18.272063+00:00,DBC/DBF,RDMA2406.dbc,2839291,db3f9095feb8951278a0260190e677d455c3da369f3eb76e91e68d50dcf89825,42491,dbf-fields-sha256:1346db65ec139f090f75a64b14d24eca6ee0e49f9726b65b3a0da3f360270c5d,success,raw_validated,,
SIH_RD,Ministerio da Saude / DATASUS,SIH/SUS AIH Reduzida MA 2024-07,https://datasus.saude.gov.br/transferencia-de-arquivos/,ftp://ftp.datasus.gov.br/dissemin/publicos/SIHSUS/200801_/Dados/RDMA2407.dbc,2024-07,2026-09-21T15:09:19.859661+00:00,DBC/DBF,RDMA2407.dbc,2882409,11e31dddadd9832837aac3907e18a3c59fc8c5daaa93ca176fb29f5f621b86e0,43112,dbf-fields-sha256:1346db65ec139f090f75a64b14d24eca6ee0e49f9726b65b3a0da3f360270c5d,success,raw_validated,,
SIH_RD,Ministerio da Saude / DATASUS,SIH/SUS AIH Reduzida MA 2024-08,https://datasus.saude.gov.br/transferencia-de-arquivos/,ftp://ftp.datasus.gov.br/dissemin/publicos/SIHSUS/200801_/Dados/RDMA2408.dbc,2024-08,2026-09-21T15:09:21.350275+00:00,DBC/DBF,RDMA2408.dbc,2852973,b2a6a7f3e4cbf911398140cc923b4f5d08cb3f96bc0dbb03bf641a0f2cc5692c,42839,dbf-fields-sha256:1346db65ec139f090f75a64b14d24eca6ee0e49f9726b65b3a0da3f360270c5d,success,raw_validated,,
SIH_RD,Ministerio da Saude / DATASUS,SIH/SUS AIH Reduzida MA 2024-09,https://datasus.saude.gov.br/transferencia-de-arquivos/,ftp://ftp.datasus.gov.br/dissemin/publicos/SIHSUS/200801_/Dados/RDMA2409.dbc,2024-09,2026-09-21T15:09:22.779678+00:00,DBC/DBF,RDMA2409.dbc,2846839,5e20f196ac21a8a7b5beb6d86660f099759863782a87debcb0a4cc8e225c8c8b,42368,dbf-fields-sha256:1346db65ec139f090f75a64b14d24eca6ee0e49f9726b65b3a0da3f360270c5d,success,raw_validated,,
SIH_RD,Ministerio da Saude / DATASUS,SIH/SUS AIH Reduzida MA 2024-10,https://datasus.saude.gov.br/transferencia-de-arquivos/,ftp://ftp.datasus.gov.br/dissemin/publicos/SIHSUS/200801_/Dados/RDMA2410.dbc,2024-10,2026-09-21T15:09:24.404904+00:00,DBC/DBF,RDMA2410.dbc,2835334,a9e046ed4e74f767238894e67770cabd853113fd7f6dbc4a2577944985e3984e,41966,dbf-fields-sha256:1346db65ec139f090f75a64b14d24eca6ee0e49f9726b65b3a0da3f360270c5d,success,raw_validated,,
SIH_RD,Ministerio da Saude / DATASUS,SIH/SUS AIH Reduzida MA 2024-11,https://datasus.saude.gov.br/transferencia-de-arquivos/,ftp://ftp.datasus.gov.br/dissemin/publicos/SIHSUS/200801_/Dados/RDMA2411.dbc,2024-11,2026-09-21T15:09:25.913964+00:00,DBC/DBF,RDMA2411.dbc,2796069,b28b4ee337ad61234d617360a75c1c962ddcfb3733bff5944b4dfc0af85bfe70,41245,dbf-fields-sha256:1346db65ec139f090f75a64b14d24eca6ee0e49f9726b65b3a0da3f360270c5d,success,raw_validated,,
SIH_RD,Ministerio da Saude / DATASUS,SIH/SUS AIH Reduzida MA 2024-12,https://datasus.saude.gov.br/transferencia-de-arquivos/,ftp://ftp.datasus.gov.br/dissemin/publicos/SIHSUS/200801_/Dados/RDMA2412.dbc,2024-12,2026-09-21T15:09:27.342219+00:00,DBC/DBF,RDMA2412.dbc,2560140,d8f5915dc528f0caf15452100d4a4a45f07b7c8a815b20e402d3a33b43221190,37278,dbf-fields-sha256:1346db65ec139f090f75a64b14d24eca6ee0e49f9726b65b3a0da3f360270c5d,success,raw_validated,,
SIH_RD,Ministerio da Saude / DATASUS,SIH/SUS AIH Reduzida MG 2024-01,https://datasus.saude.gov.br/transferencia-de-arquivos/,ftp://ftp.datasus.gov.br/dissemin/publicos/SIHSUS/200801_/Dados/RDMG2401.dbc,2024-01,2026-09-21T15:09:30.742258+00:00,DBC/DBF,RDMG2401.dbc,9548183,aa6b3057f5870bb8e63c19681df20e9b34a3ae05e978466ff92222f8ffc3066c,122143,dbf-fields-sha256:1346db65ec139f090f75a64b14d24eca6ee0e49f9726b65b3a0da3f360270c5d,success,raw_validated,,
SIH_RD,Ministerio da Saude / DATASUS,SIH/SUS AIH Reduzida MG 2024-02,https://datasus.saude.gov.br/transferencia-de-arquivos/,ftp://ftp.datasus.gov.br/dissemin/publicos/SIHSUS/200801_/Dados/RDMG2402.dbc,2024-02,2026-09-21T15:09:34.355637+00:00,DBC/DBF,RDMG2402.dbc,9466002,fb3155b7e8195a7f21410799bc20651f745e716cb1ca4d9ab63df21ca059eabd,122371,dbf-fields-sha256:1346db65ec139f090f75a64b14d24eca6ee0e49f9726b65b3a0da3f360270c5d,success,raw_validated,,
SIH_RD,Ministerio da Saude / DATASUS,SIH/SUS AIH Reduzida MG 2024-03,https://datasus.saude.gov.br/transferencia-de-arquivos/,ftp://ftp.datasus.gov.br/dissemin/publicos/SIHSUS/200801_/Dados/RDMG2403.dbc,2024-03,2026-09-21T15:09:37.925667+00:00,DBC/DBF,RDMG2403.dbc,10099384,1a4d37e413a87d3f34650410fffec43fe5c2ae7665cc4ddadf8c2af4d21bcc5f,131254,dbf-fields-sha256:1346db65ec139f090f75a64b14d24eca6ee0e49f9726b65b3a0da3f360270c5d,success,raw_validated,,
SIH_RD,Ministerio da Saude / DATASUS,SIH/SUS AIH Reduzida MG 2024-04,https://datasus.saude.gov.br/transferencia-de-arquivos/,ftp://ftp.datasus.gov.br/dissemin/publicos/SIHSUS/200801_/Dados/RDMG2404.dbc,2024-04,2026-09-21T15:09:41.763852+00:00,DBC/DBF,RDMG2404.dbc,10664434,56c2cfa3c4f1c7b5ab2bac0b3cb2fcf8f5ebf1007a8b8a0a5e4e9ee1f97291ac,139135,dbf-fields-sha256:1346db65ec139f090f75a64b14d24eca6ee0e49f9726b65b3a0da3f360270c5d,success,raw_validated,,
SIH_RD,Ministerio da Saude / DATASUS,SIH/SUS AIH Reduzida MG 2024-05,https://datasus.saude.gov.br/transferencia-de-arquivos/,ftp://ftp.datasus.gov.br/dissemin/publicos/SIHSUS/200801_/Dados/RDMG2405.dbc,2024-05,2026-09-21T15:09:45.590864+00:00,DBC/DBF,RDMG2405.dbc,10218515,bb300e3488c0a887c891ceb8d05a660faa595ea36cb7473a72235a0ef6464940,133685,dbf-fields-sha256:1346db65ec139f090f75a64b14d24eca6ee0e49f9726b65b3a0da3f360270c5d,success,raw_validated,,
SIH_RD,Ministerio da Saude / DATASUS,SIH/SUS AIH Reduzida MG 2024-06,https://datasus.saude.gov.br/transferencia-de-arquivos/,ftp://ftp.datasus.gov.br/dissemin/publicos/SIHSUS/200801_/Dados/RDMG2406.dbc,2024-06,2026-09-21T15:09:49.183041+00:00,DBC/DBF,RDMG2406.dbc,9870312,d7ca7fae642d427a515e2caae3b29817b2b9e94fe0b53c355e048990206686d4,128533,dbf-fields-sha256:1346db65ec139f090f75a64b14d24eca6ee0e49f9726b65b3a0da3f360270c5d,success,raw_validated,,
SIH_RD,Ministerio da Saude / DATASUS,SIH/SUS AIH Reduzida MG 2024-07,https://datasus.saude.gov.br/transferencia-de-arquivos/,ftp://ftp.datasus.gov.br/dissemin/publicos/SIHSUS/200801_/Dados/RDMG2407.dbc,2024-07,2026-09-21T15:09:52.915097+00:00,DBC/DBF,RDMG2407.dbc,10177827,a67074a022488ef4c76d0681a43fd1d842d0f19376b3c625e5c79b915189324c,132337,dbf-fields-sha256:1346db65ec139f090f75a64b14d24eca6ee0e49f9726b65b3a0da3f360270c5d,success,raw_validated,,
SIH_RD,Ministerio da Saude / DATASUS,SIH/SUS AIH Reduzida MG 2024-08,https://datasus.saude.gov.br/transferencia-de-arquivos/,ftp://ftp.datasus.gov.br/dissemin/publicos/SIHSUS/200801_/Dados/RDMG2408.dbc,2024-08,2026-09-21T15:09:56.550569+00:00,DBC/DBF,RDMG2408.dbc,10370439,5bd38dc7e96138b9ae2e40428e96dfcdc8192d0a2e1c6d7d47b2767a46a369dd,134161,dbf-fields-sha256:1346db65ec139f090f75a64b14d24eca6ee0e49f9726b65b3a0da3f360270c5d,success,raw_validated,,
SIH_RD,Ministerio da Saude / DATASUS,SIH/SUS AIH Reduzida MG 2024-09,https://datasus.saude.gov.br/transferencia-de-arquivos/,ftp://ftp.datasus.gov.br/dissemin/publicos/SIHSUS/200801_/Dados/RDMG2409.dbc,2024-09,2026-09-21T15:10:00.200014+00:00,DBC/DBF,RDMG2409.dbc,10242216,badb4e6d1092883f225e4d325439733186e02ffc0959bdcdceccbf4758cdcf94,131953,dbf-fields-sha256:1346db65ec139f090f75a64b14d24eca6ee0e49f9726b65b3a0da3f360270c5d,success,raw_validated,,
SIH_RD,Ministerio da Saude / DATASUS,SIH/SUS AIH Reduzida MG 2024-10,https://datasus.saude.gov.br/transferencia-de-arquivos/,ftp://ftp.datasus.gov.br/dissemin/publicos/SIHSUS/200801_/Dados/RDMG2410.dbc,2024-10,2026-09-21T15:10:03.883038+00:00,DBC/DBF,RDMG2410.dbc,10349126,2e2170738c93070ec48aa2fcd03e427442e042a4a0030988f4c111a3b9ddfb55,132844,dbf-fields-sha256:1346db65ec139f090f75a64b14d24eca6ee0e49f9726b65b3a0da3f360270c5d,success,raw_validated,,
SIH_RD,Ministerio da Saude / DATASUS,SIH/SUS AIH Reduzida MG 2024-11,https://datasus.saude.gov.br/transferencia-de-arquivos/,ftp://ftp.datasus.gov.br/dissemin/publicos/SIHSUS/200801_/Dados/RDMG2411.dbc,2024-11,2026-09-21T15:10:07.511750+00:00,DBC/DBF,RDMG2411.dbc,9820384,2341875237369ab5168e5f0cd806c77a4bcf96f54f8ad9d012338950321cecf4,126661,dbf-fields-sha256:1346db65ec139f090f75a64b14d24eca6ee0e49f9726b65b3a0da3f360270c5d,success,raw_validated,,
SIH_RD,Ministerio da Saude / DATASUS,SIH/SUS AIH Reduzida MG 2024-12,https://datasus.saude.gov.br/transferencia-de-arquivos/,ftp://ftp.datasus.gov.br/dissemin/publicos/SIHSUS/200801_/Dados/RDMG2412.dbc,2024-12,2026-09-21T15:10:11.076464+00:00,DBC/DBF,RDMG2412.dbc,9666160,fb8f9fd912c1ae6f2e6c4bfe36b89c837b9370632df47f21e8a60a2937b9e30a,123002,dbf-fields-sha256:1346db65ec139f090f75a64b14d24eca6ee0e49f9726b65b3a0da3f360270c5d,success,raw_validated,,
SIH_RD,Ministerio da Saude / DATASUS,SIH/SUS AIH Reduzida MS 2024-01,https://datasus.saude.gov.br/transferencia-de-arquivos/,ftp://ftp.datasus.gov.br/dissemin/publicos/SIHSUS/200801_/Dados/RDMS2401.dbc,2024-01,2026-09-21T15:10:12.082632+00:00,DBC/DBF,RDMS2401.dbc,1351587,f62b19b2c7026404fbc2b9da74f0c6d774bac9d2d6680a5aa6113f11c2a29448,17755,dbf-fields-sha256:1346db65ec139f090f75a64b14d24eca6ee0e49f9726b65b3a0da3f360270c5d,success,raw_validated,,
SIH_RD,Ministerio da Saude / DATASUS,SIH/SUS AIH Reduzida MS 2024-02,https://datasus.saude.gov.br/transferencia-de-arquivos/,ftp://ftp.datasus.gov.br/dissemin/publicos/SIHSUS/200801_/Dados/RDMS2402.dbc,2024-02,2026-09-21T15:10:13.073760+00:00,DBC/DBF,RDMS2402.dbc,1207687,8ad7c02ecb4cdeae32cfd4ea0dd856942747cab4acff6248fc26c8e1818cc8c0,15930,dbf-fields-sha256:1346db65ec139f090f75a64b14d24eca6ee0e49f9726b65b3a0da3f360270c5d,success,raw_validated,,
SIH_RD,Ministerio da Saude / DATASUS,SIH/SUS AIH Reduzida MS 2024-03,https://datasus.saude.gov.br/transferencia-de-arquivos/,ftp://ftp.datasus.gov.br/dissemin/publicos/SIHSUS/200801_/Dados/RDMS2403.dbc,2024-03,2026-09-21T15:10:14.098074+00:00,DBC/DBF,RDMS2403.dbc,1321882,1af268bdad0380ed2cc12dc5e21bf59cfe6615c3ef21b00d6a3b3ee03ec1be6f,17413,dbf-fields-sha256:1346db65ec139f090f75a64b14d24eca6ee0e49f9726b65b3a0da3f360270c5d,success,raw_validated,,
SIH_RD,Ministerio da Saude / DATASUS,SIH/SUS AIH Reduzida MS 2024-04,https://datasus.saude.gov.br/transferencia-de-arquivos/,ftp://ftp.datasus.gov.br/dissemin/publicos/SIHSUS/200801_/Dados/RDMS2404.dbc,2024-04,2026-09-21T15:10:15.161451+00:00,DBC/DBF,RDMS2404.dbc,1395747,e90fc72be0b492829486b0d65e9b424a4c46737a1ad88e7ba56ede9bb1fc9da1,18427,dbf-fields-sha256:1346db65ec139f090f75a64b14d24eca6ee0e49f9726b65b3a0da3f360270c5d,success,raw_validated,,
SIH_RD,Ministerio da Saude / DATASUS,SIH/SUS AIH Reduzida MS 2024-05,https://datasus.saude.gov.br/transferencia-de-arquivos/,ftp://ftp.datasus.gov.br/dissemin/publicos/SIHSUS/200801_/Dados/RDMS2405.dbc,2024-05,2026-09-21T15:10:16.114583+00:00,DBC/DBF,RDMS2405.dbc,1342459,fe2ff516b6c5215e086af33c5fe0d912840fb68441c99a319161f3aeba334a3e,17744,dbf-fields-sha256:1346db65ec139f090f75a64b14d24eca6ee0e49f9726b65b3a0da3f360270c5d,success,raw_validated,,
SIH_RD,Ministerio da Saude / DATASUS,SIH/SUS AIH Reduzida MS 2024-06,https://datasus.saude.gov.br/transferencia-de-arquivos/,ftp://ftp.datasus.gov.br/dissemin/publicos/SIHSUS/200801_/Dados/RDMS2406.dbc,2024-06,2026-09-21T15:10:17.181600+00:00,DBC/DBF,RDMS2406.dbc,1377648,462a73ddf501cbe3b426292340f4803c589734a6a872cc117b2d09ceb9702907,18252,dbf-fields-sha256:1346db65ec139f090f75a64b14d24eca6ee0e49f9726b65b3a0da3f360270c5d,success,raw_validated,,
SIH_RD,Ministerio da Saude / DATASUS,SIH/SUS AIH Reduzida MS 2024-07,https://datasus.saude.gov.br/transferencia-de-arquivos/,ftp://ftp.datasus.gov.br/dissemin/publicos/SIHSUS/200801_/Dados/RDMS2407.dbc,2024-07,2026-09-21T15:10:18.192941+00:00,DBC/DBF,RDMS2407.dbc,1379620,72686406dadca3b7913c2135f91057d04e0fd057da53218080ff047eaf234182,18031,dbf-fields-sha256:1346db65ec139f090f75a64b14d24eca6ee0e49f9726b65b3a0da3f360270c5d,success,raw_validated,,
SIH_RD,Ministerio da Saude / DATASUS,SIH/SUS AIH Reduzida MS 2024-08,https://datasus.saude.gov.br/transferencia-de-arquivos/,ftp://ftp.datasus.gov.br/dissemin/publicos/SIHSUS/200801_/Dados/RDMS2408.dbc,2024-08,2026-09-21T15:10:19.262951+00:00,DBC/DBF,RDMS2408.dbc,1430087,6faf0675a3367bc0911cd645452d24b6c7547ffeb9362deeaee693375f6959b6,18740,dbf-fields-sha256:1346db65ec139f090f75a64b14d24eca6ee0e49f9726b65b3a0da3f360270c5d,success,raw_validated,,
SIH_RD,Ministerio da Saude / DATASUS,SIH/SUS AIH Reduzida MS 2024-09,https://datasus.saude.gov.br/transferencia-de-arquivos/,ftp://ftp.datasus.gov.br/dissemin/publicos/SIHSUS/200801_/Dados/RDMS2409.dbc,2024-09,2026-09-21T15:10:20.265035+00:00,DBC/DBF,RDMS2409.dbc,1448905,04a83aab2e92d337977d5507438893cb6820e43020a2660ac38abaa00ce2ad92,19012,dbf-fields-sha256:1346db65ec139f090f75a64b14d24eca6ee0e49f9726b65b3a0da3f360270c5d,success,raw_validated,,
SIH_RD,Ministerio da Saude / DATASUS,SIH/SUS AIH Reduzida MS 2024-10,https://datasus.saude.gov.br/transferencia-de-arquivos/,ftp://ftp.datasus.gov.br/dissemin/publicos/SIHSUS/200801_/Dados/RDMS2410.dbc,2024-10,2026-09-21T15:10:21.387522+00:00,DBC/DBF,RDMS2410.dbc,1419900,caa331059129ed57bf517164c9f48523c561767efb572b45e011e0a335e6b508,18558,dbf-fields-sha256:1346db65ec139f090f75a64b14d24eca6ee0e49f9726b65b3a0da3f360270c5d,success,raw_validated,,
SIH_RD,Ministerio da Saude / DATASUS,SIH/SUS AIH Reduzida MS 2024-11,https://datasus.saude.gov.br/transferencia-de-arquivos/,ftp://ftp.datasus.gov.br/dissemin/publicos/SIHSUS/200801_/Dados/RDMS2411.dbc,2024-11,2026-09-21T15:10:22.412686+00:00,DBC/DBF,RDMS2411.dbc,1310411,62d1223f12dd03cc5db22d52225ecedcaab77051c1ed003de33889b8c1a0aed4,17135,dbf-fields-sha256:1346db65ec139f090f75a64b14d24eca6ee0e49f9726b65b3a0da3f360270c5d,success,raw_validated,,
SIH_RD,Ministerio da Saude / DATASUS,SIH/SUS AIH Reduzida MS 2024-12,https://datasus.saude.gov.br/transferencia-de-arquivos/,ftp://ftp.datasus.gov.br/dissemin/publicos/SIHSUS/200801_/Dados/RDMS2412.dbc,2024-12,2026-09-21T15:10:23.427509+00:00,DBC/DBF,RDMS2412.dbc,1350230,629ee6810a027a3908f2b6bcb196c0403354db3f8dbe5bccc67dc843a836f287,17814,dbf-fields-sha256:1346db65ec139f090f75a64b14d24eca6ee0e49f9726b65b3a0da3f360270c5d,success,raw_validated,,
SIH_RD,Ministerio da Saude / DATASUS,SIH/SUS AIH Reduzida MT 2024-01,https://datasus.saude.gov.br/transferencia-de-arquivos/,ftp://ftp.datasus.gov.br/dissemin/publicos/SIHSUS/200801_/Dados/RDMT2401.dbc,2024-01,2026-09-21T15:10:24.562146+00:00,DBC/DBF,RDMT2401.dbc,1425847,63fbe20b1bdb4b94bdf2005823e55cfbc44035a184d9a8e2c87ed9efbfc72dad,19210,dbf-fields-sha256:1346db65ec139f090f75a64b14d24eca6ee0e49f9726b65b3a0da3f360270c5d,success,raw_validated,,
SIH_RD,Ministerio da Saude / DATASUS,SIH/SUS AIH Reduzida MT 2024-02,https://datasus.saude.gov.br/transferencia-de-arquivos/,ftp://ftp.datasus.gov.br/dissemin/publicos/SIHSUS/200801_/Dados/RDMT2402.dbc,2024-02,2026-09-21T15:10:25.659382+00:00,DBC/DBF,RDMT2402.dbc,1383907,6bc9060321dcab1735567b7a8f5260f9f1d02673d4eb1765d502caee73869873,18687,dbf-fields-sha256:1346db65ec139f090f75a64b14d24eca6ee0e49f9726b65b3a0da3f360270c5d,success,raw_validated,,
SIH_RD,Ministerio da Saude / DATASUS,SIH/SUS AIH Reduzida MT 2024-03,https://datasus.saude.gov.br/transferencia-de-arquivos/,ftp://ftp.datasus.gov.br/dissemin/publicos/SIHSUS/200801_/Dados/RDMT2403.dbc,2024-03,2026-09-21T15:10:26.730612+00:00,DBC/DBF,RDMT2403.dbc,1492458,701db74f70a4b68fd24390f6a6c7a1d430b1054c3cc5db96e89b8026321157d9,20198,dbf-fields-sha256:1346db65ec139f090f75a64b14d24eca6ee0e49f9726b65b3a0da3f360270c5d,success,raw_validated,,
SIH_RD,Ministerio da Saude / DATASUS,SIH/SUS AIH Reduzida MT 2024-04,https://datasus.saude.gov.br/transferencia-de-arquivos/,ftp://ftp.datasus.gov.br/dissemin/publicos/SIHSUS/200801_/Dados/RDMT2404.dbc,2024-04,2026-09-21T15:10:27.815989+00:00,DBC/DBF,RDMT2404.dbc,1569806,8d186c8556d8a5d7b09fd40f3e6d1c9510309f26466c3128d50f7263bbba47cf,21427,dbf-fields-sha256:1346db65ec139f090f75a64b14d24eca6ee0e49f9726b65b3a0da3f360270c5d,success,raw_validated,,
SIH_RD,Ministerio da Saude / DATASUS,SIH/SUS AIH Reduzida MT 2024-05,https://datasus.saude.gov.br/transferencia-de-arquivos/,ftp://ftp.datasus.gov.br/dissemin/publicos/SIHSUS/200801_/Dados/RDMT2405.dbc,2024-05,2026-09-21T15:10:28.917876+00:00,DBC/DBF,RDMT2405.dbc,1566685,2b625e707fa664cd2be271a422fa656e6c84c53041833e236793c38f9c50afa5,21512,dbf-fields-sha256:1346db65ec139f090f75a64b14d24eca6ee0e49f9726b65b3a0da3f360270c5d,success,raw_validated,,
SIH_RD,Ministerio da Saude / DATASUS,SIH/SUS AIH Reduzida MT 2024-06,https://datasus.saude.gov.br/transferencia-de-arquivos/,ftp://ftp.datasus.gov.br/dissemin/publicos/SIHSUS/200801_/Dados/RDMT2406.dbc,2024-06,2026-09-21T15:10:29.946761+00:00,DBC/DBF,RDMT2406.dbc,1564173,6d5f21d7e69f7cab9899a1c4ec57a5400d03475d801aae72a5424df610e7c90d,21086,dbf-fields-sha256:1346db65ec139f090f75a64b14d24eca6ee0e49f9726b65b3a0da3f360270c5d,success,raw_validated,,
SIH_RD,Ministerio da Saude / DATASUS,SIH/SUS AIH Reduzida MT 2024-07,https://datasus.saude.gov.br/transferencia-de-arquivos/,ftp://ftp.datasus.gov.br/dissemin/publicos/SIHSUS/200801_/Dados/RDMT2407.dbc,2024-07,2026-09-21T15:10:31.045755+00:00,DBC/DBF,RDMT2407.dbc,1662153,e05e529d5c64cb9f74db8061fff7a72a6c4c2d699b97ba935e93e12446aceb31,22351,dbf-fields-sha256:1346db65ec139f090f75a64b14d24eca6ee0e49f9726b65b3a0da3f360270c5d,success,raw_validated,,
SIH_RD,Ministerio da Saude / DATASUS,SIH/SUS AIH Reduzida MT 2024-08,https://datasus.saude.gov.br/transferencia-de-arquivos/,ftp://ftp.datasus.gov.br/dissemin/publicos/SIHSUS/200801_/Dados/RDMT2408.dbc,2024-08,2026-09-21T15:10:32.173531+00:00,DBC/DBF,RDMT2408.dbc,1648086,bf680da417b358e6e5e821e19cdf50569715e34adc71ecafa3f407cc685284c2,22196,dbf-fields-sha256:1346db65ec139f090f75a64b14d24eca6ee0e49f9726b65b3a0da3f360270c5d,success,raw_validated,,
SIH_RD,Ministerio da Saude / DATASUS,SIH/SUS AIH Reduzida MT 2024-09,https://datasus.saude.gov.br/transferencia-de-arquivos/,ftp://ftp.datasus.gov.br/dissemin/publicos/SIHSUS/200801_/Dados/RDMT2409.dbc,2024-09,2026-09-21T15:10:33.279637+00:00,DBC/DBF,RDMT2409.dbc,1617012,94e6ca566ecbaa6f9f229eef24ccb8fbaebfcd41b07eca1f8977c10c4e81cecc,21841,dbf-fields-sha256:1346db65ec139f090f75a64b14d24eca6ee0e49f9726b65b3a0da3f360270c5d,success,raw_validated,,
SIH_RD,Ministerio da Saude / DATASUS,SIH/SUS AIH Reduzida MT 2024-10,https://datasus.saude.gov.br/transferencia-de-arquivos/,ftp://ftp.datasus.gov.br/dissemin/publicos/SIHSUS/200801_/Dados/RDMT2410.dbc,2024-10,2026-09-21T15:10:34.372967+00:00,DBC/DBF,RDMT2410.dbc,1569865,6b7f5e0650fd92592837aaa9e2747ae3544b65bc72f7751ce51e2954bcd30e71,21016,dbf-fields-sha256:1346db65ec139f090f75a64b14d24eca6ee0e49f9726b65b3a0da3f360270c5d,success,raw_validated,,
SIH_RD,Ministerio da Saude / DATASUS,SIH/SUS AIH Reduzida MT 2024-11,https://datasus.saude.gov.br/transferencia-de-arquivos/,ftp://ftp.datasus.gov.br/dissemin/publicos/SIHSUS/200801_/Dados/RDMT2411.dbc,2024-11,2026-09-21T15:10:35.436192+00:00,DBC/DBF,RDMT2411.dbc,1472433,098fc44a852a56947ca60da6b9c60bb948e38248ddea34c4fb7e2fb41d2c1ee8,19697,dbf-fields-sha256:1346db65ec139f090f75a64b14d24eca6ee0e49f9726b65b3a0da3f360270c5d,success,raw_validated,,
SIH_RD,Ministerio da Saude / DATASUS,SIH/SUS AIH Reduzida MT 2024-12,https://datasus.saude.gov.br/transferencia-de-arquivos/,ftp://ftp.datasus.gov.br/dissemin/publicos/SIHSUS/200801_/Dados/RDMT2412.dbc,2024-12,2026-09-21T15:10:36.428037+00:00,DBC/DBF,RDMT2412.dbc,1455240,f28469fb26242d7b119a13704c7d306945f44b5845f6aba3308aa476c61b03b0,19397,dbf-fields-sha256:1346db65ec139f090f75a64b14d24eca6ee0e49f9726b65b3a0da3f360270c5d,success,raw_validated,,
SIH_RD,Ministerio da Saude / DATASUS,SIH/SUS AIH Reduzida PA 2024-01,https://datasus.saude.gov.br/transferencia-de-arquivos/,ftp://ftp.datasus.gov.br/dissemin/publicos/SIHSUS/200801_/Dados/RDPA2401.dbc,2024-01,2026-09-21T15:10:37.878337+00:00,DBC/DBF,RDPA2401.dbc,2926321,cbf2f9faf6ac528fde8b094980e6fc9ee43b57e7ae3b2ea5800982995f9ba4b3,42908,dbf-fields-sha256:1346db65ec139f090f75a64b14d24eca6ee0e49f9726b65b3a0da3f360270c5d,success,raw_validated,,
SIH_RD,Ministerio da Saude / DATASUS,SIH/SUS AIH Reduzida PA 2024-02,https://datasus.saude.gov.br/transferencia-de-arquivos/,ftp://ftp.datasus.gov.br/dissemin/publicos/SIHSUS/200801_/Dados/RDPA2402.dbc,2024-02,2026-09-21T15:10:39.318994+00:00,DBC/DBF,RDPA2402.dbc,2990737,37c1c6803fc49b25ecc8142f017fa66bb7c5e533cd4ed68943119bb2dc08aa1a,43327,dbf-fields-sha256:1346db65ec139f090f75a64b14d24eca6ee0e49f9726b65b3a0da3f360270c5d,success,raw_validated,,
SIH_RD,Ministerio da Saude / DATASUS,SIH/SUS AIH Reduzida PA 2024-03,https://datasus.saude.gov.br/transferencia-de-arquivos/,ftp://ftp.datasus.gov.br/dissemin/publicos/SIHSUS/200801_/Dados/RDPA2403.dbc,2024-03,2026-09-21T15:10:40.888740+00:00,DBC/DBF,RDPA2403.dbc,3179092,91c9f302fba09e21199c8f9ba804515c4412e2dce17c0dd2bdba5cf371026d20,46482,dbf-fields-sha256:1346db65ec139f090f75a64b14d24eca6ee0e49f9726b65b3a0da3f360270c5d,success,raw_validated,,
SIH_RD,Ministerio da Saude / DATASUS,SIH/SUS AIH Reduzida PA 2024-04,https://datasus.saude.gov.br/transferencia-de-arquivos/,ftp://ftp.datasus.gov.br/dissemin/publicos/SIHSUS/200801_/Dados/RDPA2404.dbc,2024-04,2026-09-21T15:10:42.443660+00:00,DBC/DBF,RDPA2404.dbc,3226719,6c00e5b5b41e221d92aea5bd782f67cab7ac67519bb13ffb8025cd1abfe7ac5b,47449,dbf-fields-sha256:1346db65ec139f090f75a64b14d24eca6ee0e49f9726b65b3a0da3f360270c5d,success,raw_validated,,
SIH_RD,Ministerio da Saude / DATASUS,SIH/SUS AIH Reduzida PA 2024-05,https://datasus.saude.gov.br/transferencia-de-arquivos/,ftp://ftp.datasus.gov.br/dissemin/publicos/SIHSUS/200801_/Dados/RDPA2405.dbc,2024-05,2026-09-21T15:10:49.315733+00:00,DBC/DBF,RDPA2405.dbc,3279768,68236ff359551b818e0c5b185b8a40f03e1a00fe4c110af8cb70791ec61700cd,47430,dbf-fields-sha256:1346db65ec139f090f75a64b14d24eca6ee0e49f9726b65b3a0da3f360270c5d,success,raw_validated,,
SIH_RD,Ministerio da Saude / DATASUS,SIH/SUS AIH Reduzida PA 2024-06,https://datasus.saude.gov.br/transferencia-de-arquivos/,ftp://ftp.datasus.gov.br/dissemin/publicos/SIHSUS/200801_/Dados/RDPA2406.dbc,2024-06,2026-09-21T15:10:50.885277+00:00,DBC/DBF,RDPA2406.dbc,3198579,e26eefa7d90ec6dc91f499b513fa784d06a4066d4f9b4b525836b8b6e27488e1,46571,dbf-fields-sha256:1346db65ec139f090f75a64b14d24eca6ee0e49f9726b65b3a0da3f360270c5d,success,raw_validated,,
SIH_RD,Ministerio da Saude / DATASUS,SIH/SUS AIH Reduzida PA 2024-07,https://datasus.saude.gov.br/transferencia-de-arquivos/,ftp://ftp.datasus.gov.br/dissemin/publicos/SIHSUS/200801_/Dados/RDPA2407.dbc,2024-07,2026-09-21T15:10:52.434123+00:00,DBC/DBF,RDPA2407.dbc,3186393,4c627204f49372f33e948af4022f77f05234a9026c7fa77684a65d203b2f3902,46082,dbf-fields-sha256:1346db65ec139f090f75a64b14d24eca6ee0e49f9726b65b3a0da3f360270c5d,success,raw_validated,,
SIH_RD,Ministerio da Saude / DATASUS,SIH/SUS AIH Reduzida PA 2024-08,https://datasus.saude.gov.br/transferencia-de-arquivos/,ftp://ftp.datasus.gov.br/dissemin/publicos/SIHSUS/200801_/Dados/RDPA2408.dbc,2024-08,2026-09-21T15:10:59.001014+00:00,DBC/DBF,RDPA2408.dbc,3187830,155edb4e3aab6b038400bc4c804ecd8fa815d130ac37a912a4368cd6e3dc2a4d,46227,dbf-fields-sha256:1346db65ec139f090f75a64b14d24eca6ee0e49f9726b65b3a0da3f360270c5d,success,raw_validated,,
SIH_RD,Ministerio da Saude / DATASUS,SIH/SUS AIH Reduzida PA 2024-09,https://datasus.saude.gov.br/transferencia-de-arquivos/,ftp://ftp.datasus.gov.br/dissemin/publicos/SIHSUS/200801_/Dados/RDPA2409.dbc,2024-09,2026-09-21T15:11:00.538239+00:00,DBC/DBF,RDPA2409.dbc,3230220,d06ca9b5e1643fab69310ac0ac81ee9af489a34086b033be5f72cfb34bedad40,46896,dbf-fields-sha256:1346db65ec139f090f75a64b14d24eca6ee0e49f9726b65b3a0da3f360270c5d,success,raw_validated,,
SIH_RD,Ministerio da Saude / DATASUS,SIH/SUS AIH Reduzida PA 2024-10,https://datasus.saude.gov.br/transferencia-de-arquivos/,ftp://ftp.datasus.gov.br/dissemin/publicos/SIHSUS/200801_/Dados/RDPA2410.dbc,2024-10,2026-09-21T15:11:02.116233+00:00,DBC/DBF,RDPA2410.dbc,3287489,328e8192c886e3a8dc2214bda18ea00882bb15657733ecba01a877a97c89e3a5,47059,dbf-fields-sha256:1346db65ec139f090f75a64b14d24eca6ee0e49f9726b65b3a0da3f360270c5d,success,raw_validated,,
SIH_RD,Ministerio da Saude / DATASUS,SIH/SUS AIH Reduzida PA 2024-11,https://datasus.saude.gov.br/transferencia-de-arquivos/,ftp://ftp.datasus.gov.br/dissemin/publicos/SIHSUS/200801_/Dados/RDPA2411.dbc,2024-11,2026-09-21T15:11:03.563528+00:00,DBC/DBF,RDPA2411.dbc,3194316,2ea39283aac7f5a5f89a1a5071d6a25bc41ae4a62394c1c923a51fa6fd3b7fc7,45877,dbf-fields-sha256:1346db65ec139f090f75a64b14d24eca6ee0e49f9726b65b3a0da3f360270c5d,success,raw_validated,,
SIH_RD,Ministerio da Saude / DATASUS,SIH/SUS AIH Reduzida PA 2024-12,https://datasus.saude.gov.br/transferencia-de-arquivos/,ftp://ftp.datasus.gov.br/dissemin/publicos/SIHSUS/200801_/Dados/RDPA2412.dbc,2024-12,2026-09-21T15:11:05.019804+00:00,DBC/DBF,RDPA2412.dbc,3137042,0bcc1850b3935520f80ab02d70e310ccdee5882c0dad12cb781be650e3532e94,44746,dbf-fields-sha256:1346db65ec139f090f75a64b14d24eca6ee0e49f9726b65b3a0da3f360270c5d,success,raw_validated,,
SIH_RD,Ministerio da Saude / DATASUS,SIH/SUS AIH Reduzida PB 2024-01,https://datasus.saude.gov.br/transferencia-de-arquivos/,ftp://ftp.datasus.gov.br/dissemin/publicos/SIHSUS/200801_/Dados/RDPB2401.dbc,2024-01,2026-09-21T15:11:06.131179+00:00,DBC/DBF,RDPB2401.dbc,1443230,09cf9fa63c63961a982a919659d3fe820088de55e1cc849eb06a57221e11152c,18992,dbf-fields-sha256:1346db65ec139f090f75a64b14d24eca6ee0e49f9726b65b3a0da3f360270c5d,success,raw_validated,,
SIH_RD,Ministerio da Saude / DATASUS,SIH/SUS AIH Reduzida PB 2024-02,https://datasus.saude.gov.br/transferencia-de-arquivos/,ftp://ftp.datasus.gov.br/dissemin/publicos/SIHSUS/200801_/Dados/RDPB2402.dbc,2024-02,2026-09-21T15:11:07.244531+00:00,DBC/DBF,RDPB2402.dbc,1522572,91f83b628a1781664577362167c292e1abdcbc97e70e1a2c5bdd6e2716d7f064,20407,dbf-fields-sha256:1346db65ec139f090f75a64b14d24eca6ee0e49f9726b65b3a0da3f360270c5d,success,raw_validated,,
SIH_RD,Ministerio da Saude / DATASUS,SIH/SUS AIH Reduzida PB 2024-03,https://datasus.saude.gov.br/transferencia-de-arquivos/,ftp://ftp.datasus.gov.br/dissemin/publicos/SIHSUS/200801_/Dados/RDPB2403.dbc,2024-03,2026-09-21T15:11:09.106717+00:00,DBC/DBF,RDPB2403.dbc,1754200,ad4cd16f89545efeb52f8ce62de38d626972c0da0725f07387ebfa8fbd4e1407,23330,dbf-fields-sha256:1346db65ec139f090f75a64b14d24eca6ee0e49f9726b65b3a0da3f360270c5d,success,raw_validated,,
SIH_RD,Ministerio da Saude / DATASUS,SIH/SUS AIH Reduzida PB 2024-04,https://datasus.saude.gov.br/transferencia-de-arquivos/,ftp://ftp.datasus.gov.br/dissemin/publicos/SIHSUS/200801_/Dados/RDPB2404.dbc,2024-04,2026-09-21T15:11:10.166504+00:00,DBC/DBF,RDPB2404.dbc,1686698,a81c87df5affcb222712310c60a695deb4cb2ea653cb05a11c005259100bb202,22752,dbf-fields-sha256:1346db65ec139f090f75a64b14d24eca6ee0e49f9726b65b3a0da3f360270c5d,success,raw_validated,,
SIH_RD,Ministerio da Saude / DATASUS,SIH/SUS AIH Reduzida PB 2024-05,https://datasus.saude.gov.br/transferencia-de-arquivos/,ftp://ftp.datasus.gov.br/dissemin/publicos/SIHSUS/200801_/Dados/RDPB2405.dbc,2024-05,2026-09-21T15:11:11.277730+00:00,DBC/DBF,RDPB2405.dbc,1635920,64deff96c1df4dd9f1966bae5eb8d7f75c913eb3bf3863636eca1e0d6c08abaa,21976,dbf-fields-sha256:1346db65ec139f090f75a64b14d24eca6ee0e49f9726b65b3a0da3f360270c5d,success,raw_validated,,
SIH_RD,Ministerio da Saude / DATASUS,SIH/SUS AIH Reduzida PB 2024-06,https://datasus.saude.gov.br/transferencia-de-arquivos/,ftp://ftp.datasus.gov.br/dissemin/publicos/SIHSUS/200801_/Dados/RDPB2406.dbc,2024-06,2026-09-21T15:11:12.377229+00:00,DBC/DBF,RDPB2406.dbc,1651372,f30b7ef7c46a9121f90faebf5a538bcce151987d6b60d220ed2349972f36c528,21942,dbf-fields-sha256:1346db65ec139f090f75a64b14d24eca6ee0e49f9726b65b3a0da3f360270c5d,success,raw_validated,,
SIH_RD,Ministerio da Saude / DATASUS,SIH/SUS AIH Reduzida PB 2024-07,https://datasus.saude.gov.br/transferencia-de-arquivos/,ftp://ftp.datasus.gov.br/dissemin/publicos/SIHSUS/200801_/Dados/RDPB2407.dbc,2024-07,2026-09-21T15:11:13.582478+00:00,DBC/DBF,RDPB2407.dbc,1726277,951a9fb016363706ddf5f72bc29996f61734c61728e9759efdb8466c0f852048,22983,dbf-fields-sha256:1346db65ec139f090f75a64b14d24eca6ee0e49f9726b65b3a0da3f360270c5d,success,raw_validated,,
SIH_RD,Ministerio da Saude / DATASUS,SIH/SUS AIH Reduzida PB 2024-08,https://datasus.saude.gov.br/transferencia-de-arquivos/,ftp://ftp.datasus.gov.br/dissemin/publicos/SIHSUS/200801_/Dados/RDPB2408.dbc,2024-08,2026-09-21T15:11:14.689122+00:00,DBC/DBF,RDPB2408.dbc,1746025,014498c8145974f76d8689f0cd4f3e648f77fc19dedb2e3cde048606fb55d9c7,23044,dbf-fields-sha256:1346db65ec139f090f75a64b14d24eca6ee0e49f9726b65b3a0da3f360270c5d,success,raw_validated,,
SIH_RD,Ministerio da Saude / DATASUS,SIH/SUS AIH Reduzida PB 2024-09,https://datasus.saude.gov.br/transferencia-de-arquivos/,ftp://ftp.datasus.gov.br/dissemin/publicos/SIHSUS/200801_/Dados/RDPB2409.dbc,2024-09,2026-09-21T15:11:15.837113+00:00,DBC/DBF,RDPB2409.dbc,1723600,5d27ae0ef165779983b0b4147a59a932f9af64031ee8406c73e26bcb1860baa5,22657,dbf-fields-sha256:1346db65ec139f090f75a64b14d24eca6ee0e49f9726b65b3a0da3f360270c5d,success,raw_validated,,
SIH_RD,Ministerio da Saude / DATASUS,SIH/SUS AIH Reduzida PB 2024-10,https://datasus.saude.gov.br/transferencia-de-arquivos/,ftp://ftp.datasus.gov.br/dissemin/publicos/SIHSUS/200801_/Dados/RDPB2410.dbc,2024-10,2026-09-21T15:11:16.912972+00:00,DBC/DBF,RDPB2410.dbc,1687742,d44ce7b75a01a19ac0303aea7400beab415ff2e0aecdbb515790a1ad2144f5a7,22299,dbf-fields-sha256:1346db65ec139f090f75a64b14d24eca6ee0e49f9726b65b3a0da3f360270c5d,success,raw_validated,,
SIH_RD,Ministerio da Saude / DATASUS,SIH/SUS AIH Reduzida PB 2024-11,https://datasus.saude.gov.br/transferencia-de-arquivos/,ftp://ftp.datasus.gov.br/dissemin/publicos/SIHSUS/200801_/Dados/RDPB2411.dbc,2024-11,2026-09-21T15:11:17.979523+00:00,DBC/DBF,RDPB2411.dbc,1559375,9c69785ece8b30cb1735e3a4849cef05bf6428d322289a3bc56e2e635d62a8a0,20561,dbf-fields-sha256:1346db65ec139f090f75a64b14d24eca6ee0e49f9726b65b3a0da3f360270c5d,success,raw_validated,,
SIH_RD,Ministerio da Saude / DATASUS,SIH/SUS AIH Reduzida PB 2024-12,https://datasus.saude.gov.br/transferencia-de-arquivos/,ftp://ftp.datasus.gov.br/dissemin/publicos/SIHSUS/200801_/Dados/RDPB2412.dbc,2024-12,2026-09-21T15:11:19.012167+00:00,DBC/DBF,RDPB2412.dbc,1531407,e2a87dcf0110103ae48c5c00b531db21ed864d7739228e69cd9e7ab089f54a9a,20005,dbf-fields-sha256:1346db65ec139f090f75a64b14d24eca6ee0e49f9726b65b3a0da3f360270c5d,success,raw_validated,,
SIH_RD,Ministerio da Saude / DATASUS,SIH/SUS AIH Reduzida PE 2024-01,https://datasus.saude.gov.br/transferencia-de-arquivos/,ftp://ftp.datasus.gov.br/dissemin/publicos/SIHSUS/200801_/Dados/RDPE2401.dbc,2024-01,2026-09-21T15:11:20.800919+00:00,DBC/DBF,RDPE2401.dbc,3695686,31773f8c6f8e6003d5259c721c89b181e3557c432c42bcef96bacf4f0adfa203,50175,dbf-fields-sha256:1346db65ec139f090f75a64b14d24eca6ee0e49f9726b65b3a0da3f360270c5d,success,raw_validated,,
SIH_RD,Ministerio da Saude / DATASUS,SIH/SUS AIH Reduzida PE 2024-02,https://datasus.saude.gov.br/transferencia-de-arquivos/,ftp://ftp.datasus.gov.br/dissemin/publicos/SIHSUS/200801_/Dados/RDPE2402.dbc,2024-02,2026-09-21T15:11:22.444709+00:00,DBC/DBF,RDPE2402.dbc,3657842,c9fcd2ca14a820f88d35bf366dc41119c41fec436743a5b435439c66744d8368,49364,dbf-fields-sha256:1346db65ec139f090f75a64b14d24eca6ee0e49f9726b65b3a0da3f360270c5d,success,raw_validated,,
SIH_RD,Ministerio da Saude / DATASUS,SIH/SUS AIH Reduzida PE 2024-03,https://datasus.saude.gov.br/transferencia-de-arquivos/,ftp://ftp.datasus.gov.br/dissemin/publicos/SIHSUS/200801_/Dados/RDPE2403.dbc,2024-03,2026-09-21T15:11:24.200696+00:00,DBC/DBF,RDPE2403.dbc,3981109,d234f0da1c99b079abf8f4ad6f8fda3210f72ecf4de120f7402e848eedd718fd,54444,dbf-fields-sha256:1346db65ec139f090f75a64b14d24eca6ee0e49f9726b65b3a0da3f360270c5d,success,raw_validated,,
SIH_RD,Ministerio da Saude / DATASUS,SIH/SUS AIH Reduzida PE 2024-04,https://datasus.saude.gov.br/transferencia-de-arquivos/,ftp://ftp.datasus.gov.br/dissemin/publicos/SIHSUS/200801_/Dados/RDPE2404.dbc,2024-04,2026-09-21T15:11:26.022540+00:00,DBC/DBF,RDPE2404.dbc,4273620,a9dc166e4ed4d84004b29eac0bf4c4116206a71b6810f1f1db32eb670b95b3e4,58638,dbf-fields-sha256:1346db65ec139f090f75a64b14d24eca6ee0e49f9726b65b3a0da3f360270c5d,success,raw_validated,,
SIH_RD,Ministerio da Saude / DATASUS,SIH/SUS AIH Reduzida PE 2024-05,https://datasus.saude.gov.br/transferencia-de-arquivos/,ftp://ftp.datasus.gov.br/dissemin/publicos/SIHSUS/200801_/Dados/RDPE2405.dbc,2024-05,2026-09-21T15:11:27.938474+00:00,DBC/DBF,RDPE2405.dbc,4317432,d3c02e7712bddc40ba9a3562a2a54ca5e96a0aebde2fd283c31b451f954d4c31,59502,dbf-fields-sha256:1346db65ec139f090f75a64b14d24eca6ee0e49f9726b65b3a0da3f360270c5d,success,raw_validated,,
SIH_RD,Ministerio da Saude / DATASUS,SIH/SUS AIH Reduzida PE 2024-06,https://datasus.saude.gov.br/transferencia-de-arquivos/,ftp://ftp.datasus.gov.br/dissemin/publicos/SIHSUS/200801_/Dados/RDPE2406.dbc,2024-06,2026-09-21T15:11:29.750457+00:00,DBC/DBF,RDPE2406.dbc,4081514,66777834e9a906043067ca00bd67e3fda90368b9305a61246cf7fd25d17f40fb,55884,dbf-fields-sha256:1346db65ec139f090f75a64b14d24eca6ee0e49f9726b65b3a0da3f360270c5d,success,raw_validated,,
SIH_RD,Ministerio da Saude / DATASUS,SIH/SUS AIH Reduzida PE 2024-07,https://datasus.saude.gov.br/transferencia-de-arquivos/,ftp://ftp.datasus.gov.br/dissemin/publicos/SIHSUS/200801_/Dados/RDPE2407.dbc,2024-07,2026-09-21T15:11:31.716421+00:00,DBC/DBF,RDPE2407.dbc,4282602,3f3515bba2c9c875d00a1597f36664fe02ce4463497133e948288980439c2f78,58769,dbf-fields-sha256:1346db65ec139f090f75a64b14d24eca6ee0e49f9726b65b3a0da3f360270c5d,success,raw_validated,,
SIH_RD,Ministerio da Saude / DATASUS,SIH/SUS AIH Reduzida PE 2024-08,https://datasus.saude.gov.br/transferencia-de-arquivos/,ftp://ftp.datasus.gov.br/dissemin/publicos/SIHSUS/200801_/Dados/RDPE2408.dbc,2024-08,2026-09-21T15:11:33.575258+00:00,DBC/DBF,RDPE2408.dbc,4363901,1b83f82a1af41f064ddcb1795128b40d370a2e5792459bce3a680ee7cb0e2988,59288,dbf-fields-sha256:1346db65ec139f090f75a64b14d24eca6ee0e49f9726b65b3a0da3f360270c5d,success,raw_validated,,
SIH_RD,Ministerio da Saude / DATASUS,SIH/SUS AIH Reduzida PE 2024-09,https://datasus.saude.gov.br/transferencia-de-arquivos/,ftp://ftp.datasus.gov.br/dissemin/publicos/SIHSUS/200801_/Dados/RDPE2409.dbc,2024-09,2026-09-21T15:11:35.445706+00:00,DBC/DBF,RDPE2409.dbc,4189810,af6b93de6c40eb148b76da863a98f5a511035d91ee1fee04e3c48b16e22056f0,57731,dbf-fields-sha256:1346db65ec139f090f75a64b14d24eca6ee0e49f9726b65b3a0da3f360270c5d,success,raw_validated,,
SIH_RD,Ministerio da Saude / DATASUS,SIH/SUS AIH Reduzida PE 2024-10,https://datasus.saude.gov.br/transferencia-de-arquivos/,ftp://ftp.datasus.gov.br/dissemin/publicos/SIHSUS/200801_/Dados/RDPE2410.dbc,2024-10,2026-09-21T15:11:37.259733+00:00,DBC/DBF,RDPE2410.dbc,4285093,8f386e29d123684e62fb2ceebb1d89aee1a97d1da9b8748f3f920f21edd004b9,58387,dbf-fields-sha256:1346db65ec139f090f75a64b14d24eca6ee0e49f9726b65b3a0da3f360270c5d,success,raw_validated,,
SIH_RD,Ministerio da Saude / DATASUS,SIH/SUS AIH Reduzida PE 2024-11,https://datasus.saude.gov.br/transferencia-de-arquivos/,ftp://ftp.datasus.gov.br/dissemin/publicos/SIHSUS/200801_/Dados/RDPE2411.dbc,2024-11,2026-09-21T15:11:39.031800+00:00,DBC/DBF,RDPE2411.dbc,3877623,9290c7fe4d96fa727ce53bcf053588f63d30deda5905744b110c53fa8092e162,53576,dbf-fields-sha256:1346db65ec139f090f75a64b14d24eca6ee0e49f9726b65b3a0da3f360270c5d,success,raw_validated,,
SIH_RD,Ministerio da Saude / DATASUS,SIH/SUS AIH Reduzida PE 2024-12,https://datasus.saude.gov.br/transferencia-de-arquivos/,ftp://ftp.datasus.gov.br/dissemin/publicos/SIHSUS/200801_/Dados/RDPE2412.dbc,2024-12,2026-09-21T15:11:40.768921+00:00,DBC/DBF,RDPE2412.dbc,3959867,1c64912c6edadc7f3087e6de0a89ddfe002bbd1661f45c1f5877e37a33fd2743,53957,dbf-fields-sha256:1346db65ec139f090f75a64b14d24eca6ee0e49f9726b65b3a0da3f360270c5d,success,raw_validated,,
SIH_RD,Ministerio da Saude / DATASUS,SIH/SUS AIH Reduzida PI 2024-01,https://datasus.saude.gov.br/transferencia-de-arquivos/,ftp://ftp.datasus.gov.br/dissemin/publicos/SIHSUS/200801_/Dados/RDPI2401.dbc,2024-01,2026-09-21T15:11:41.770381+00:00,DBC/DBF,RDPI2401.dbc,1311139,1b60da2458dc9ca4c2af9ffc3a159f36c7fb8db3c96d1459b09e7c1c8f095b45,17674,dbf-fields-sha256:1346db65ec139f090f75a64b14d24eca6ee0e49f9726b65b3a0da3f360270c5d,success,raw_validated,,
SIH_RD,Ministerio da Saude / DATASUS,SIH/SUS AIH Reduzida PI 2024-02,https://datasus.saude.gov.br/transferencia-de-arquivos/,ftp://ftp.datasus.gov.br/dissemin/publicos/SIHSUS/200801_/Dados/RDPI2402.dbc,2024-02,2026-09-21T15:11:42.816375+00:00,DBC/DBF,RDPI2402.dbc,1262124,204c83a80de96c60bc53995bf37a7c8da10305b786ea164b82e4a8284443a116,16969,dbf-fields-sha256:1346db65ec139f090f75a64b14d24eca6ee0e49f9726b65b3a0da3f360270c5d,success,raw_validated,,
SIH_RD,Ministerio da Saude / DATASUS,SIH/SUS AIH Reduzida PI 2024-03,https://datasus.saude.gov.br/transferencia-de-arquivos/,ftp://ftp.datasus.gov.br/dissemin/publicos/SIHSUS/200801_/Dados/RDPI2403.dbc,2024-03,2026-09-21T15:11:43.798359+00:00,DBC/DBF,RDPI2403.dbc,1317560,a68bde933153a04687605e5af2ddbb16036ae3990b1b603289b1b0165d681038,17871,dbf-fields-sha256:1346db65ec139f090f75a64b14d24eca6ee0e49f9726b65b3a0da3f360270c5d,success,raw_validated,,
SIH_RD,Ministerio da Saude / DATASUS,SIH/SUS AIH Reduzida PI 2024-04,https://datasus.saude.gov.br/transferencia-de-arquivos/,ftp://ftp.datasus.gov.br/dissemin/publicos/SIHSUS/200801_/Dados/RDPI2404.dbc,2024-04,2026-09-21T15:11:44.895490+00:00,DBC/DBF,RDPI2404.dbc,1464995,3fb68caa0fa48ba13ac2d01371492ae86a30adc81665a0ff78c1832c01a33820,19821,dbf-fields-sha256:1346db65ec139f090f75a64b14d24eca6ee0e49f9726b65b3a0da3f360270c5d,success,raw_validated,,
SIH_RD,Ministerio da Saude / DATASUS,SIH/SUS AIH Reduzida PI 2024-05,https://datasus.saude.gov.br/transferencia-de-arquivos/,ftp://ftp.datasus.gov.br/dissemin/publicos/SIHSUS/200801_/Dados/RDPI2405.dbc,2024-05,2026-09-21T15:11:46.034380+00:00,DBC/DBF,RDPI2405.dbc,1398813,e7bbe69588be9fac74bdcaf5118f8cceeaf2b14deb256955967d277cfdc2a265,18978,dbf-fields-sha256:1346db65ec139f090f75a64b14d24eca6ee0e49f9726b65b3a0da3f360270c5d,success,raw_validated,,
SIH_RD,Ministerio da Saude / DATASUS,SIH/SUS AIH Reduzida PI 2024-06,https://datasus.saude.gov.br/transferencia-de-arquivos/,ftp://ftp.datasus.gov.br/dissemin/publicos/SIHSUS/200801_/Dados/RDPI2406.dbc,2024-06,2026-09-21T15:11:47.166702+00:00,DBC/DBF,RDPI2406.dbc,1333399,bce6a2817327c2638b60d8ed44f75a9a40a56826bb809ef23a2d769f6741029a,17875,dbf-fields-sha256:1346db65ec139f090f75a64b14d24eca6ee0e49f9726b65b3a0da3f360270c5d,success,raw_validated,,
SIH_RD,Ministerio da Saude / DATASUS,SIH/SUS AIH Reduzida PI 2024-07,https://datasus.saude.gov.br/transferencia-de-arquivos/,ftp://ftp.datasus.gov.br/dissemin/publicos/SIHSUS/200801_/Dados/RDPI2407.dbc,2024-07,2026-09-21T15:11:48.190282+00:00,DBC/DBF,RDPI2407.dbc,1382053,a0b5316b18ba900bee2bc62a2a7681f4dd68a63e2dfec2a763636341190bfede,18549,dbf-fields-sha256:1346db65ec139f090f75a64b14d24eca6ee0e49f9726b65b3a0da3f360270c5d,success,raw_validated,,
SIH_RD,Ministerio da Saude / DATASUS,SIH/SUS AIH Reduzida PI 2024-08,https://datasus.saude.gov.br/transferencia-de-arquivos/,ftp://ftp.datasus.gov.br/dissemin/publicos/SIHSUS/200801_/Dados/RDPI2408.dbc,2024-08,2026-09-21T15:11:49.201440+00:00,DBC/DBF,RDPI2408.dbc,1413168,d51fb269ec8b3deff3eef99c88419dd3e972df85723f132e3a27add93bbfcf4c,18884,dbf-fields-sha256:1346db65ec139f090f75a64b14d24eca6ee0e49f9726b65b3a0da3f360270c5d,success,raw_validated,,
SIH_RD,Ministerio da Saude / DATASUS,SIH/SUS AIH Reduzida PI 2024-09,https://datasus.saude.gov.br/transferencia-de-arquivos/,ftp://ftp.datasus.gov.br/dissemin/publicos/SIHSUS/200801_/Dados/RDPI2409.dbc,2024-09,2026-09-21T15:11:50.293288+00:00,DBC/DBF,RDPI2409.dbc,1408826,cff86475525e071ba4232cae5dfc3dfd81e856c3a61a53e2c039e778aec7987b,18830,dbf-fields-sha256:1346db65ec139f090f75a64b14d24eca6ee0e49f9726b65b3a0da3f360270c5d,success,raw_validated,,
SIH_RD,Ministerio da Saude / DATASUS,SIH/SUS AIH Reduzida PI 2024-10,https://datasus.saude.gov.br/transferencia-de-arquivos/,ftp://ftp.datasus.gov.br/dissemin/publicos/SIHSUS/200801_/Dados/RDPI2410.dbc,2024-10,2026-09-21T15:11:51.382415+00:00,DBC/DBF,RDPI2410.dbc,1379054,cfcf9effdb517cfecb8f8895382f6c64dfa9176cb1c6b0f2de6e582469b2fe06,18375,dbf-fields-sha256:1346db65ec139f090f75a64b14d24eca6ee0e49f9726b65b3a0da3f360270c5d,success,raw_validated,,
SIH_RD,Ministerio da Saude / DATASUS,SIH/SUS AIH Reduzida PI 2024-11,https://datasus.saude.gov.br/transferencia-de-arquivos/,ftp://ftp.datasus.gov.br/dissemin/publicos/SIHSUS/200801_/Dados/RDPI2411.dbc,2024-11,2026-09-21T15:11:52.378233+00:00,DBC/DBF,RDPI2411.dbc,1307537,0cca30eecf60b5834453e4ddb14a611c1b8ea4cb0e258311bc42352b45b26315,17531,dbf-fields-sha256:1346db65ec139f090f75a64b14d24eca6ee0e49f9726b65b3a0da3f360270c5d,success,raw_validated,,
SIH_RD,Ministerio da Saude / DATASUS,SIH/SUS AIH Reduzida PI 2024-12,https://datasus.saude.gov.br/transferencia-de-arquivos/,ftp://ftp.datasus.gov.br/dissemin/publicos/SIHSUS/200801_/Dados/RDPI2412.dbc,2024-12,2026-09-21T15:11:53.437400+00:00,DBC/DBF,RDPI2412.dbc,1338031,fe1b0925f03175e0d852fe67537a3d855938f828d545357f2d6c1e96fb0d2339,17817,dbf-fields-sha256:1346db65ec139f090f75a64b14d24eca6ee0e49f9726b65b3a0da3f360270c5d,success,raw_validated,,
SIH_RD,Ministerio da Saude / DATASUS,SIH/SUS AIH Reduzida PR 2024-01,https://datasus.saude.gov.br/transferencia-de-arquivos/,ftp://ftp.datasus.gov.br/dissemin/publicos/SIHSUS/200801_/Dados/RDPR2401.dbc,2024-01,2026-09-21T15:11:56.033448+00:00,DBC/DBF,RDPR2401.dbc,6231398,0bd9572460e488d3b2a5c2d5b5b04f75f48e489c167b3706161be6b769544f32,81125,dbf-fields-sha256:1346db65ec139f090f75a64b14d24eca6ee0e49f9726b65b3a0da3f360270c5d,success,raw_validated,,
SIH_RD,Ministerio da Saude / DATASUS,SIH/SUS AIH Reduzida PR 2024-02,https://datasus.saude.gov.br/transferencia-de-arquivos/,ftp://ftp.datasus.gov.br/dissemin/publicos/SIHSUS/200801_/Dados/RDPR2402.dbc,2024-02,2026-09-21T15:11:58.641118+00:00,DBC/DBF,RDPR2402.dbc,6172417,d78a95d220611ca9e377504ddd1d405c13d9420807753b2ee516d6572d21fff7,80850,dbf-fields-sha256:1346db65ec139f090f75a64b14d24eca6ee0e49f9726b65b3a0da3f360270c5d,success,raw_validated,,
SIH_RD,Ministerio da Saude / DATASUS,SIH/SUS AIH Reduzida PR 2024-03,https://datasus.saude.gov.br/transferencia-de-arquivos/,ftp://ftp.datasus.gov.br/dissemin/publicos/SIHSUS/200801_/Dados/RDPR2403.dbc,2024-03,2026-09-21T15:12:01.124494+00:00,DBC/DBF,RDPR2403.dbc,6403614,0a685763c63843741cde515cb9e7fbe2c742fe6af0acdeb9265e7a3f9ead6387,84414,dbf-fields-sha256:1346db65ec139f090f75a64b14d24eca6ee0e49f9726b65b3a0da3f360270c5d,success,raw_validated,,
SIH_RD,Ministerio da Saude / DATASUS,SIH/SUS AIH Reduzida PR 2024-04,https://datasus.saude.gov.br/transferencia-de-arquivos/,ftp://ftp.datasus.gov.br/dissemin/publicos/SIHSUS/200801_/Dados/RDPR2404.dbc,2024-04,2026-09-21T15:12:03.620305+00:00,DBC/DBF,RDPR2404.dbc,6455423,45786c4a3a142c6776faa91d1c7b25ff72002e7d7b66f7822f856eb95ad485d7,85725,dbf-fields-sha256:1346db65ec139f090f75a64b14d24eca6ee0e49f9726b65b3a0da3f360270c5d,success,raw_validated,,
SIH_RD,Ministerio da Saude / DATASUS,SIH/SUS AIH Reduzida PR 2024-05,https://datasus.saude.gov.br/transferencia-de-arquivos/,ftp://ftp.datasus.gov.br/dissemin/publicos/SIHSUS/200801_/Dados/RDPR2405.dbc,2024-05,2026-09-21T15:12:06.572373+00:00,DBC/DBF,RDPR2405.dbc,6838015,4f6984452a7ee5d2440462a6e3205f551b77de0a00e521369c71d1a5cf3d873f,89623,dbf-fields-sha256:1346db65ec139f090f75a64b14d24eca6ee0e49f9726b65b3a0da3f360270c5d,success,raw_validated,,
SIH_RD,Ministerio da Saude / DATASUS,SIH/SUS AIH Reduzida PR 2024-06,https://datasus.saude.gov.br/transferencia-de-arquivos/,ftp://ftp.datasus.gov.br/dissemin/publicos/SIHSUS/200801_/Dados/RDPR2406.dbc,2024-06,2026-09-21T15:12:09.104990+00:00,DBC/DBF,RDPR2406.dbc,6549424,edf235d8a0bb835645d521269527cf6df341cae0b98174d352076dfcaa3a5ab0,87591,dbf-fields-sha256:1346db65ec139f090f75a64b14d24eca6ee0e49f9726b65b3a0da3f360270c5d,success,raw_validated,,
SIH_RD,Ministerio da Saude / DATASUS,SIH/SUS AIH Reduzida PR 2024-07,https://datasus.saude.gov.br/transferencia-de-arquivos/,ftp://ftp.datasus.gov.br/dissemin/publicos/SIHSUS/200801_/Dados/RDPR2407.dbc,2024-07,2026-09-21T15:12:11.860886+00:00,DBC/DBF,RDPR2407.dbc,6724920,e205d4d4a0e5e0051b9dff022a8dd38b5e82584a5d93acf645223d8601e5a5c4,88618,dbf-fields-sha256:1346db65ec139f090f75a64b14d24eca6ee0e49f9726b65b3a0da3f360270c5d,success,raw_validated,,
SIH_RD,Ministerio da Saude / DATASUS,SIH/SUS AIH Reduzida PR 2024-08,https://datasus.saude.gov.br/transferencia-de-arquivos/,ftp://ftp.datasus.gov.br/dissemin/publicos/SIHSUS/200801_/Dados/RDPR2408.dbc,2024-08,2026-09-21T15:12:14.574350+00:00,DBC/DBF,RDPR2408.dbc,6937458,e7d1b248afced374ebaeec45a46a03cb33333668a02b2659990cca6e6edcea4f,91493,dbf-fields-sha256:1346db65ec139f090f75a64b14d24eca6ee0e49f9726b65b3a0da3f360270c5d,success,raw_validated,,
SIH_RD,Ministerio da Saude / DATASUS,SIH/SUS AIH Reduzida PR 2024-09,https://datasus.saude.gov.br/transferencia-de-arquivos/,ftp://ftp.datasus.gov.br/dissemin/publicos/SIHSUS/200801_/Dados/RDPR2409.dbc,2024-09,2026-09-21T15:12:17.277246+00:00,DBC/DBF,RDPR2409.dbc,6925090,c06824c4e8fa3193ecf1a2bf80f6d8648d99b076a1fe7c5b4b4bcd69af36489c,90904,dbf-fields-sha256:1346db65ec139f090f75a64b14d24eca6ee0e49f9726b65b3a0da3f360270c5d,success,raw_validated,,
SIH_RD,Ministerio da Saude / DATASUS,SIH/SUS AIH Reduzida PR 2024-10,https://datasus.saude.gov.br/transferencia-de-arquivos/,ftp://ftp.datasus.gov.br/dissemin/publicos/SIHSUS/200801_/Dados/RDPR2410.dbc,2024-10,2026-09-21T15:12:19.908794+00:00,DBC/DBF,RDPR2410.dbc,7017395,a86b1e6fa5ad78e27593a1af1d071532759ba0fb78441afafa985a42cfe23b4b,90926,dbf-fields-sha256:1346db65ec139f090f75a64b14d24eca6ee0e49f9726b65b3a0da3f360270c5d,success,raw_validated,,
SIH_RD,Ministerio da Saude / DATASUS,SIH/SUS AIH Reduzida PR 2024-11,https://datasus.saude.gov.br/transferencia-de-arquivos/,ftp://ftp.datasus.gov.br/dissemin/publicos/SIHSUS/200801_/Dados/RDPR2411.dbc,2024-11,2026-09-21T15:12:22.696354+00:00,DBC/DBF,RDPR2411.dbc,6571071,8afcec9d9f78cdd0970df672f7fb7e8f3a4e8459cbabb7c491046dfdf8c6120a,86606,dbf-fields-sha256:1346db65ec139f090f75a64b14d24eca6ee0e49f9726b65b3a0da3f360270c5d,success,raw_validated,,
SIH_RD,Ministerio da Saude / DATASUS,SIH/SUS AIH Reduzida PR 2024-12,https://datasus.saude.gov.br/transferencia-de-arquivos/,ftp://ftp.datasus.gov.br/dissemin/publicos/SIHSUS/200801_/Dados/RDPR2412.dbc,2024-12,2026-09-21T15:12:25.106343+00:00,DBC/DBF,RDPR2412.dbc,6134666,d3c990dc5cd80eac242b67ef3f2c0c6590a08698bf5ab8080f66659b2cb19fbb,80026,dbf-fields-sha256:1346db65ec139f090f75a64b14d24eca6ee0e49f9726b65b3a0da3f360270c5d,success,raw_validated,,
SIH_RD,Ministerio da Saude / DATASUS,SIH/SUS AIH Reduzida RJ 2024-01,https://datasus.saude.gov.br/transferencia-de-arquivos/,ftp://ftp.datasus.gov.br/dissemin/publicos/SIHSUS/200801_/Dados/RDRJ2401.dbc,2024-01,2026-09-21T15:12:27.446364+00:00,DBC/DBF,RDRJ2401.dbc,5632627,a3f0ea9a6ce75099fa8210d81b13736fc4da4ac1acf30e8245c7aa3a0d7dfc9c,73046,dbf-fields-sha256:1346db65ec139f090f75a64b14d24eca6ee0e49f9726b65b3a0da3f360270c5d,success,raw_validated,,
SIH_RD,Ministerio da Saude / DATASUS,SIH/SUS AIH Reduzida RJ 2024-02,https://datasus.saude.gov.br/transferencia-de-arquivos/,ftp://ftp.datasus.gov.br/dissemin/publicos/SIHSUS/200801_/Dados/RDRJ2402.dbc,2024-02,2026-09-21T15:12:29.712224+00:00,DBC/DBF,RDRJ2402.dbc,5300528,b65a3cdb5158f2abb467cfa7584f31f4411f6318a0605fd8417ccf9dd591599d,69561,dbf-fields-sha256:1346db65ec139f090f75a64b14d24eca6ee0e49f9726b65b3a0da3f360270c5d,success,raw_validated,,
SIH_RD,Ministerio da Saude / DATASUS,SIH/SUS AIH Reduzida RJ 2024-03,https://datasus.saude.gov.br/transferencia-de-arquivos/,ftp://ftp.datasus.gov.br/dissemin/publicos/SIHSUS/200801_/Dados/RDRJ2403.dbc,2024-03,2026-09-21T15:12:32.115508+00:00,DBC/DBF,RDRJ2403.dbc,5977274,8c0ae0b587f5aea3fc1bee318f1046bd48ccb29c3fc9615de69f9e7bdd44b86e,78101,dbf-fields-sha256:1346db65ec139f090f75a64b14d24eca6ee0e49f9726b65b3a0da3f360270c5d,success,raw_validated,,
SIH_RD,Ministerio da Saude / DATASUS,SIH/SUS AIH Reduzida RJ 2024-04,https://datasus.saude.gov.br/transferencia-de-arquivos/,ftp://ftp.datasus.gov.br/dissemin/publicos/SIHSUS/200801_/Dados/RDRJ2404.dbc,2024-04,2026-09-21T15:12:34.545480+00:00,DBC/DBF,RDRJ2404.dbc,5834312,a0ead459498f5db9edb2ee98388c437f653abf35a6d7dd2fb462873757b77d96,76667,dbf-fields-sha256:1346db65ec139f090f75a64b14d24eca6ee0e49f9726b65b3a0da3f360270c5d,success,raw_validated,,
SIH_RD,Ministerio da Saude / DATASUS,SIH/SUS AIH Reduzida RJ 2024-05,https://datasus.saude.gov.br/transferencia-de-arquivos/,ftp://ftp.datasus.gov.br/dissemin/publicos/SIHSUS/200801_/Dados/RDRJ2405.dbc,2024-05,2026-09-21T15:12:36.821505+00:00,DBC/DBF,RDRJ2405.dbc,6071123,a372415c400c1d71e38dfea1bba3c4b35591ab13cced4e454b68d3061626e05c,79514,dbf-fields-sha256:1346db65ec139f090f75a64b14d24eca6ee0e49f9726b65b3a0da3f360270c5d,success,raw_validated,,
SIH_RD,Ministerio da Saude / DATASUS,SIH/SUS AIH Reduzida RJ 2024-06,https://datasus.saude.gov.br/transferencia-de-arquivos/,ftp://ftp.datasus.gov.br/dissemin/publicos/SIHSUS/200801_/Dados/RDRJ2406.dbc,2024-06,2026-09-21T15:12:39.280520+00:00,DBC/DBF,RDRJ2406.dbc,5907008,02d6ba0cbe3db570f676c08df29f4c18a8c8c6a3be30cd554142b8cac5aef104,77251,dbf-fields-sha256:1346db65ec139f090f75a64b14d24eca6ee0e49f9726b65b3a0da3f360270c5d,success,raw_validated,,
SIH_RD,Ministerio da Saude / DATASUS,SIH/SUS AIH Reduzida RJ 2024-07,https://datasus.saude.gov.br/transferencia-de-arquivos/,ftp://ftp.datasus.gov.br/dissemin/publicos/SIHSUS/200801_/Dados/RDRJ2407.dbc,2024-07,2026-09-21T15:12:41.884755+00:00,DBC/DBF,RDRJ2407.dbc,6108548,9adda65235c26c0b7b3eb4db49b9145f0d5e3115c104f33b546aeb3a3965eaf3,78751,dbf-fields-sha256:1346db65ec139f090f75a64b14d24eca6ee0e49f9726b65b3a0da3f360270c5d,success,raw_validated,,
SIH_RD,Ministerio da Saude / DATASUS,SIH/SUS AIH Reduzida RJ 2024-08,https://datasus.saude.gov.br/transferencia-de-arquivos/,ftp://ftp.datasus.gov.br/dissemin/publicos/SIHSUS/200801_/Dados/RDRJ2408.dbc,2024-08,2026-09-21T15:12:44.250045+00:00,DBC/DBF,RDRJ2408.dbc,6050739,f1e7a9ab41ea491deb6c2bf2fab8e97b456008ffbc37a7c88e062987ebaf59ea,77860,dbf-fields-sha256:1346db65ec139f090f75a64b14d24eca6ee0e49f9726b65b3a0da3f360270c5d,success,raw_validated,,
SIH_RD,Ministerio da Saude / DATASUS,SIH/SUS AIH Reduzida RJ 2024-09,https://datasus.saude.gov.br/transferencia-de-arquivos/,ftp://ftp.datasus.gov.br/dissemin/publicos/SIHSUS/200801_/Dados/RDRJ2409.dbc,2024-09,2026-09-21T15:12:46.722502+00:00,DBC/DBF,RDRJ2409.dbc,5883504,6cae6a370482e58787f18fd6eaeeda322481194f3bb4d333435dad93efe5a47b,76250,dbf-fields-sha256:1346db65ec139f090f75a64b14d24eca6ee0e49f9726b65b3a0da3f360270c5d,success,raw_validated,,
SIH_RD,Ministerio da Saude / DATASUS,SIH/SUS AIH Reduzida RJ 2024-10,https://datasus.saude.gov.br/transferencia-de-arquivos/,ftp://ftp.datasus.gov.br/dissemin/publicos/SIHSUS/200801_/Dados/RDRJ2410.dbc,2024-10,2026-09-21T15:12:49.513524+00:00,DBC/DBF,RDRJ2410.dbc,5787039,ba4a3034a4f29f41d90c10b50dc2163c11228a66178e1dba27de6916b0f43391,75164,dbf-fields-sha256:1346db65ec139f090f75a64b14d24eca6ee0e49f9726b65b3a0da3f360270c5d,success,raw_validated,,
SIH_RD,Ministerio da Saude / DATASUS,SIH/SUS AIH Reduzida RJ 2024-11,https://datasus.saude.gov.br/transferencia-de-arquivos/,ftp://ftp.datasus.gov.br/dissemin/publicos/SIHSUS/200801_/Dados/RDRJ2411.dbc,2024-11,2026-09-21T15:12:51.808070+00:00,DBC/DBF,RDRJ2411.dbc,5536729,9bcd8279622634fab886e0e4af270544d143a7e57d3da9993cfc725abeba6fb0,71375,dbf-fields-sha256:1346db65ec139f090f75a64b14d24eca6ee0e49f9726b65b3a0da3f360270c5d,success,raw_validated,,
SIH_RD,Ministerio da Saude / DATASUS,SIH/SUS AIH Reduzida RJ 2024-12,https://datasus.saude.gov.br/transferencia-de-arquivos/,ftp://ftp.datasus.gov.br/dissemin/publicos/SIHSUS/200801_/Dados/RDRJ2412.dbc,2024-12,2026-09-21T15:12:53.919771+00:00,DBC/DBF,RDRJ2412.dbc,5358559,3e99b25e3bddb4a6deb2242c15cce76d7703600a9974a2df4c039f798bc77aee,69189,dbf-fields-sha256:1346db65ec139f090f75a64b14d24eca6ee0e49f9726b65b3a0da3f360270c5d,success,raw_validated,,
SIH_RD,Ministerio da Saude / DATASUS,SIH/SUS AIH Reduzida RN 2024-01,https://datasus.saude.gov.br/transferencia-de-arquivos/,ftp://ftp.datasus.gov.br/dissemin/publicos/SIHSUS/200801_/Dados/RDRN2401.dbc,2024-01,2026-09-21T15:12:54.895167+00:00,DBC/DBF,RDRN2401.dbc,1290797,f038a6a1620419d7c746f3880008097c81ffac3c88ed035737e8be668774060c,17493,dbf-fields-sha256:1346db65ec139f090f75a64b14d24eca6ee0e49f9726b65b3a0da3f360270c5d,success,raw_validated,,
SIH_RD,Ministerio da Saude / DATASUS,SIH/SUS AIH Reduzida RN 2024-02,https://datasus.saude.gov.br/transferencia-de-arquivos/,ftp://ftp.datasus.gov.br/dissemin/publicos/SIHSUS/200801_/Dados/RDRN2402.dbc,2024-02,2026-09-21T15:12:55.892576+00:00,DBC/DBF,RDRN2402.dbc,1281775,0b43d0155d2e73620a5dc3037a7a5c5c00ab880f2b07f7c247afc1351731939b,17164,dbf-fields-sha256:1346db65ec139f090f75a64b14d24eca6ee0e49f9726b65b3a0da3f360270c5d,success,raw_validated,,
SIH_RD,Ministerio da Saude / DATASUS,SIH/SUS AIH Reduzida RN 2024-03,https://datasus.saude.gov.br/transferencia-de-arquivos/,ftp://ftp.datasus.gov.br/dissemin/publicos/SIHSUS/200801_/Dados/RDRN2403.dbc,2024-03,2026-09-21T15:12:56.967828+00:00,DBC/DBF,RDRN2403.dbc,1320422,1978a6daee00d4aa85871bc5fb93c313399a6f376e6376697043c7e512535ba7,17878,dbf-fields-sha256:1346db65ec139f090f75a64b14d24eca6ee0e49f9726b65b3a0da3f360270c5d,success,raw_validated,,
SIH_RD,Ministerio da Saude / DATASUS,SIH/SUS AIH Reduzida RN 2024-04,https://datasus.saude.gov.br/transferencia-de-arquivos/,ftp://ftp.datasus.gov.br/dissemin/publicos/SIHSUS/200801_/Dados/RDRN2404.dbc,2024-04,2026-09-21T15:12:58.026351+00:00,DBC/DBF,RDRN2404.dbc,1295796,d5e054e85366d0509a020c058e58a9328593754105e01747b25eef86b08a8ef1,17727,dbf-fields-sha256:1346db65ec139f090f75a64b14d24eca6ee0e49f9726b65b3a0da3f360270c5d,success,raw_validated,,
SIH_RD,Ministerio da Saude / DATASUS,SIH/SUS AIH Reduzida RN 2024-05,https://datasus.saude.gov.br/transferencia-de-arquivos/,ftp://ftp.datasus.gov.br/dissemin/publicos/SIHSUS/200801_/Dados/RDRN2405.dbc,2024-05,2026-09-21T15:12:59.018996+00:00,DBC/DBF,RDRN2405.dbc,1314855,65e103cc8460746b91eb0505df957f6c1d3415c83e03f2190ca06741580cc06c,17920,dbf-fields-sha256:1346db65ec139f090f75a64b14d24eca6ee0e49f9726b65b3a0da3f360270c5d,success,raw_validated,,
SIH_RD,Ministerio da Saude / DATASUS,SIH/SUS AIH Reduzida RN 2024-06,https://datasus.saude.gov.br/transferencia-de-arquivos/,ftp://ftp.datasus.gov.br/dissemin/publicos/SIHSUS/200801_/Dados/RDRN2406.dbc,2024-06,2026-09-21T15:13:00.072461+00:00,DBC/DBF,RDRN2406.dbc,1379436,ff136e72eb7405168a182f5200bfc4fd43e8d2c8e496db4b74114ebba3beb978,18716,dbf-fields-sha256:1346db65ec139f090f75a64b14d24eca6ee0e49f9726b65b3a0da3f360270c5d,success,raw_validated,,
SIH_RD,Ministerio da Saude / DATASUS,SIH/SUS AIH Reduzida RN 2024-07,https://datasus.saude.gov.br/transferencia-de-arquivos/,ftp://ftp.datasus.gov.br/dissemin/publicos/SIHSUS/200801_/Dados/RDRN2407.dbc,2024-07,2026-09-21T15:13:01.051295+00:00,DBC/DBF,RDRN2407.dbc,1424224,8163809c84968868a0ea7ccf8f6319585c69796ff10a907f0763987583d35e2a,19293,dbf-fields-sha256:1346db65ec139f090f75a64b14d24eca6ee0e49f9726b65b3a0da3f360270c5d,success,raw_validated,,
SIH_RD,Ministerio da Saude / DATASUS,SIH/SUS AIH Reduzida RN 2024-08,https://datasus.saude.gov.br/transferencia-de-arquivos/,ftp://ftp.datasus.gov.br/dissemin/publicos/SIHSUS/200801_/Dados/RDRN2408.dbc,2024-08,2026-09-21T15:13:02.211079+00:00,DBC/DBF,RDRN2408.dbc,1455250,7b9ec23fe1fa1a358299ab6144ddf7ccf6a26735c982f8d2995817eefe5ed369,19768,dbf-fields-sha256:1346db65ec139f090f75a64b14d24eca6ee0e49f9726b65b3a0da3f360270c5d,success,raw_validated,,
SIH_RD,Ministerio da Saude / DATASUS,SIH/SUS AIH Reduzida RN 2024-09,https://datasus.saude.gov.br/transferencia-de-arquivos/,ftp://ftp.datasus.gov.br/dissemin/publicos/SIHSUS/200801_/Dados/RDRN2409.dbc,2024-09,2026-09-21T15:13:03.248019+00:00,DBC/DBF,RDRN2409.dbc,1384239,37b876f2c7e766af053ea2ed235d9054c489124fcf8048b677498b3b549c1b90,18797,dbf-fields-sha256:1346db65ec139f090f75a64b14d24eca6ee0e49f9726b65b3a0da3f360270c5d,success,raw_validated,,
SIH_RD,Ministerio da Saude / DATASUS,SIH/SUS AIH Reduzida RN 2024-10,https://datasus.saude.gov.br/transferencia-de-arquivos/,ftp://ftp.datasus.gov.br/dissemin/publicos/SIHSUS/200801_/Dados/RDRN2410.dbc,2024-10,2026-09-21T15:13:04.331717+00:00,DBC/DBF,RDRN2410.dbc,1404289,0466cd0dfa129c00a9846df48f3e2b15888cd28244bd871cd67f81ed38ac0e00,19005,dbf-fields-sha256:1346db65ec139f090f75a64b14d24eca6ee0e49f9726b65b3a0da3f360270c5d,success,raw_validated,,
SIH_RD,Ministerio da Saude / DATASUS,SIH/SUS AIH Reduzida RN 2024-11,https://datasus.saude.gov.br/transferencia-de-arquivos/,ftp://ftp.datasus.gov.br/dissemin/publicos/SIHSUS/200801_/Dados/RDRN2411.dbc,2024-11,2026-09-21T15:13:05.366181+00:00,DBC/DBF,RDRN2411.dbc,1334623,5b83f7f2080beefb1e9a39d97a25bd973a73886741eccc2ca36fddf3818c2762,17887,dbf-fields-sha256:1346db65ec139f090f75a64b14d24eca6ee0e49f9726b65b3a0da3f360270c5d,success,raw_validated,,
SIH_RD,Ministerio da Saude / DATASUS,SIH/SUS AIH Reduzida RN 2024-12,https://datasus.saude.gov.br/transferencia-de-arquivos/,ftp://ftp.datasus.gov.br/dissemin/publicos/SIHSUS/200801_/Dados/RDRN2412.dbc,2024-12,2026-09-21T15:13:06.349967+00:00,DBC/DBF,RDRN2412.dbc,1149991,bba07cd405c8ddde9782dc36aa2cf76fc33f86f12fdf4db9ce61f6c2ef02f500,15236,dbf-fields-sha256:1346db65ec139f090f75a64b14d24eca6ee0e49f9726b65b3a0da3f360270c5d,success,raw_validated,,
SIH_RD,Ministerio da Saude / DATASUS,SIH/SUS AIH Reduzida RO 2024-01,https://datasus.saude.gov.br/transferencia-de-arquivos/,ftp://ftp.datasus.gov.br/dissemin/publicos/SIHSUS/200801_/Dados/RDRO2401.dbc,2024-01,2026-09-21T15:13:07.265382+00:00,DBC/DBF,RDRO2401.dbc,778851,cf6c25e65c96f753d0587eb285f74815e312d119a3270583f39ff9cb88dab0d3,11004,dbf-fields-sha256:1346db65ec139f090f75a64b14d24eca6ee0e49f9726b65b3a0da3f360270c5d,success,raw_validated,,
SIH_RD,Ministerio da Saude / DATASUS,SIH/SUS AIH Reduzida RO 2024-02,https://datasus.saude.gov.br/transferencia-de-arquivos/,ftp://ftp.datasus.gov.br/dissemin/publicos/SIHSUS/200801_/Dados/RDRO2402.dbc,2024-02,2026-09-21T15:13:08.215772+00:00,DBC/DBF,RDRO2402.dbc,747631,d0bed89a11064641f7b1566871ca3b3e46df28902e954789fdb84eb9a342a775,10648,dbf-fields-sha256:1346db65ec139f090f75a64b14d24eca6ee0e49f9726b65b3a0da3f360270c5d,success,raw_validated,,
SIH_RD,Ministerio da Saude / DATASUS,SIH/SUS AIH Reduzida RO 2024-03,https://datasus.saude.gov.br/transferencia-de-arquivos/,ftp://ftp.datasus.gov.br/dissemin/publicos/SIHSUS/200801_/Dados/RDRO2403.dbc,2024-03,2026-09-21T15:13:09.088173+00:00,DBC/DBF,RDRO2403.dbc,785755,e90203ee1774f7e6e5cfea8486ef9a8e7d88d2dc3c61a39e7a296e4c93519bfc,11244,dbf-fields-sha256:1346db65ec139f090f75a64b14d24eca6ee0e49f9726b65b3a0da3f360270c5d,success,raw_validated,,
SIH_RD,Ministerio da Saude / DATASUS,SIH/SUS AIH Reduzida RO 2024-04,https://datasus.saude.gov.br/transferencia-de-arquivos/,ftp://ftp.datasus.gov.br/dissemin/publicos/SIHSUS/200801_/Dados/RDRO2404.dbc,2024-04,2026-09-21T15:13:09.929580+00:00,DBC/DBF,RDRO2404.dbc,782212,1d357ec49b4cf5fc715ef197fb9a349fad1f66ce3fb97118075289f29ccfc5bf,11349,dbf-fields-sha256:1346db65ec139f090f75a64b14d24eca6ee0e49f9726b65b3a0da3f360270c5d,success,raw_validated,,
SIH_RD,Ministerio da Saude / DATASUS,SIH/SUS AIH Reduzida RO 2024-05,https://datasus.saude.gov.br/transferencia-de-arquivos/,ftp://ftp.datasus.gov.br/dissemin/publicos/SIHSUS/200801_/Dados/RDRO2405.dbc,2024-05,2026-09-21T15:13:10.755362+00:00,DBC/DBF,RDRO2405.dbc,840487,eafb5513d7125195cf697067497247352e684a5bb5cd310137ee3343caf68102,12105,dbf-fields-sha256:1346db65ec139f090f75a64b14d24eca6ee0e49f9726b65b3a0da3f360270c5d,success,raw_validated,,
SIH_RD,Ministerio da Saude / DATASUS,SIH/SUS AIH Reduzida RO 2024-06,https://datasus.saude.gov.br/transferencia-de-arquivos/,ftp://ftp.datasus.gov.br/dissemin/publicos/SIHSUS/200801_/Dados/RDRO2406.dbc,2024-06,2026-09-21T15:13:11.624634+00:00,DBC/DBF,RDRO2406.dbc,828761,1c9a16d0df6a10364807686a12adfe7ddf2712479a151ce1636354c256a358ae,11640,dbf-fields-sha256:1346db65ec139f090f75a64b14d24eca6ee0e49f9726b65b3a0da3f360270c5d,success,raw_validated,,
SIH_RD,Ministerio da Saude / DATASUS,SIH/SUS AIH Reduzida RO 2024-07,https://datasus.saude.gov.br/transferencia-de-arquivos/,ftp://ftp.datasus.gov.br/dissemin/publicos/SIHSUS/200801_/Dados/RDRO2407.dbc,2024-07,2026-09-21T15:13:12.535791+00:00,DBC/DBF,RDRO2407.dbc,863246,48594cbcab1b6df7026e08793e74bf2f92aa9fe2e13202faba6216bff9d5283b,12124,dbf-fields-sha256:1346db65ec139f090f75a64b14d24eca6ee0e49f9726b65b3a0da3f360270c5d,success,raw_validated,,
SIH_RD,Ministerio da Saude / DATASUS,SIH/SUS AIH Reduzida RO 2024-08,https://datasus.saude.gov.br/transferencia-de-arquivos/,ftp://ftp.datasus.gov.br/dissemin/publicos/SIHSUS/200801_/Dados/RDRO2408.dbc,2024-08,2026-09-21T15:13:13.376859+00:00,DBC/DBF,RDRO2408.dbc,842866,72b6bcb6949b7394e150d532015e13322d49c4b947effe5e24c6f160f57a1395,11769,dbf-fields-sha256:1346db65ec139f090f75a64b14d24eca6ee0e49f9726b65b3a0da3f360270c5d,success,raw_validated,,
SIH_RD,Ministerio da Saude / DATASUS,SIH/SUS AIH Reduzida RO 2024-09,https://datasus.saude.gov.br/transferencia-de-arquivos/,ftp://ftp.datasus.gov.br/dissemin/publicos/SIHSUS/200801_/Dados/RDRO2409.dbc,2024-09,2026-09-21T15:13:14.248434+00:00,DBC/DBF,RDRO2409.dbc,795082,38b194052c97d2e0fdb0800e4d3fe13f2881596d423683a0206b3eb64628868e,11225,dbf-fields-sha256:1346db65ec139f090f75a64b14d24eca6ee0e49f9726b65b3a0da3f360270c5d,success,raw_validated,,
SIH_RD,Ministerio da Saude / DATASUS,SIH/SUS AIH Reduzida RO 2024-10,https://datasus.saude.gov.br/transferencia-de-arquivos/,ftp://ftp.datasus.gov.br/dissemin/publicos/SIHSUS/200801_/Dados/RDRO2410.dbc,2024-10,2026-09-21T15:13:15.030821+00:00,DBC/DBF,RDRO2410.dbc,743262,33207006eff77e599d54ed5d8c4fae2f5d194af33fd6f6ddb80b7957feacb587,10537,dbf-fields-sha256:1346db65ec139f090f75a64b14d24eca6ee0e49f9726b65b3a0da3f360270c5d,success,raw_validated,,
SIH_RD,Ministerio da Saude / DATASUS,SIH/SUS AIH Reduzida RO 2024-11,https://datasus.saude.gov.br/transferencia-de-arquivos/,ftp://ftp.datasus.gov.br/dissemin/publicos/SIHSUS/200801_/Dados/RDRO2411.dbc,2024-11,2026-09-21T15:13:15.942707+00:00,DBC/DBF,RDRO2411.dbc,803995,242ffdad1a00987c3b940f3c37e30845303fadfcf11d836c9c0f127f54c33164,11282,dbf-fields-sha256:1346db65ec139f090f75a64b14d24eca6ee0e49f9726b65b3a0da3f360270c5d,success,raw_validated,,
SIH_RD,Ministerio da Saude / DATASUS,SIH/SUS AIH Reduzida RO 2024-12,https://datasus.saude.gov.br/transferencia-de-arquivos/,ftp://ftp.datasus.gov.br/dissemin/publicos/SIHSUS/200801_/Dados/RDRO2412.dbc,2024-12,2026-09-21T15:13:16.740417+00:00,DBC/DBF,RDRO2412.dbc,698902,1093e849375de1fe7350f081722906754c020efcfa2b59be834ad5694754d97e,9817,dbf-fields-sha256:1346db65ec139f090f75a64b14d24eca6ee0e49f9726b65b3a0da3f360270c5d,success,raw_validated,,
SIH_RD,Ministerio da Saude / DATASUS,SIH/SUS AIH Reduzida RR 2024-01,https://datasus.saude.gov.br/transferencia-de-arquivos/,ftp://ftp.datasus.gov.br/dissemin/publicos/SIHSUS/200801_/Dados/RDRR2401.dbc,2024-01,2026-09-21T15:13:17.336023+00:00,DBC/DBF,RDRR2401.dbc,275725,37741f8b16adcf0f19ff837f9abbf9c46af4b6c128f5599867fe0fa7940eccb5,3714,dbf-fields-sha256:1346db65ec139f090f75a64b14d24eca6ee0e49f9726b65b3a0da3f360270c5d,success,raw_validated,,
SIH_RD,Ministerio da Saude / DATASUS,SIH/SUS AIH Reduzida RR 2024-02,https://datasus.saude.gov.br/transferencia-de-arquivos/,ftp://ftp.datasus.gov.br/dissemin/publicos/SIHSUS/200801_/Dados/RDRR2402.dbc,2024-02,2026-09-21T15:13:17.936471+00:00,DBC/DBF,RDRR2402.dbc,255806,0460b0d7702b6f2c18cd0ea9c41626551e3bda994a759e62715cd3ce6b1142b3,3413,dbf-fields-sha256:1346db65ec139f090f75a64b14d24eca6ee0e49f9726b65b3a0da3f360270c5d,success,raw_validated,,
SIH_RD,Ministerio da Saude / DATASUS,SIH/SUS AIH Reduzida RR 2024-03,https://datasus.saude.gov.br/transferencia-de-arquivos/,ftp://ftp.datasus.gov.br/dissemin/publicos/SIHSUS/200801_/Dados/RDRR2403.dbc,2024-03,2026-09-21T15:13:18.570748+00:00,DBC/DBF,RDRR2403.dbc,272502,5c55b4a0de66757cc38e0155c293c03d408cec575b4e7d8e5b096d9b79ff871a,3619,dbf-fields-sha256:1346db65ec139f090f75a64b14d24eca6ee0e49f9726b65b3a0da3f360270c5d,success,raw_validated,,
SIH_RD,Ministerio da Saude / DATASUS,SIH/SUS AIH Reduzida RR 2024-04,https://datasus.saude.gov.br/transferencia-de-arquivos/,ftp://ftp.datasus.gov.br/dissemin/publicos/SIHSUS/200801_/Dados/RDRR2404.dbc,2024-04,2026-09-21T15:13:19.108377+00:00,DBC/DBF,RDRR2404.dbc,225994,f7f491952136369b514b6f2b4d694f1b99b2fd0942d64f54a3c053d5494bcd31,3041,dbf-fields-sha256:1346db65ec139f090f75a64b14d24eca6ee0e49f9726b65b3a0da3f360270c5d,success,raw_validated,,
SIH_RD,Ministerio da Saude / DATASUS,SIH/SUS AIH Reduzida RR 2024-05,https://datasus.saude.gov.br/transferencia-de-arquivos/,ftp://ftp.datasus.gov.br/dissemin/publicos/SIHSUS/200801_/Dados/RDRR2405.dbc,2024-05,2026-09-21T15:13:19.650743+00:00,DBC/DBF,RDRR2405.dbc,213283,b29d9b021f2357ee95bcb9a1b582509be56006c132bc93766ba736fb40ddb10c,2805,dbf-fields-sha256:1346db65ec139f090f75a64b14d24eca6ee0e49f9726b65b3a0da3f360270c5d,success,raw_validated,,
SIH_RD,Ministerio da Saude / DATASUS,SIH/SUS AIH Reduzida RR 2024-06,https://datasus.saude.gov.br/transferencia-de-arquivos/,ftp://ftp.datasus.gov.br/dissemin/publicos/SIHSUS/200801_/Dados/RDRR2406.dbc,2024-06,2026-09-21T15:13:20.173885+00:00,DBC/DBF,RDRR2406.dbc,226367,a80c343222e3d451bc742388c3110c91d1765b0d0c961331be42489a7a53b8b1,2996,dbf-fields-sha256:1346db65ec139f090f75a64b14d24eca6ee0e49f9726b65b3a0da3f360270c5d,success,raw_validated,,
SIH_RD,Ministerio da Saude / DATASUS,SIH/SUS AIH Reduzida RR 2024-07,https://datasus.saude.gov.br/transferencia-de-arquivos/,ftp://ftp.datasus.gov.br/dissemin/publicos/SIHSUS/200801_/Dados/RDRR2407.dbc,2024-07,2026-09-21T15:13:20.683769+00:00,DBC/DBF,RDRR2407.dbc,203323,b70e812c5138ef6e5f61306014265eb2f7a640c7ab036fc33e98764dc6d2e4f8,2637,dbf-fields-sha256:1346db65ec139f090f75a64b14d24eca6ee0e49f9726b65b3a0da3f360270c5d,success,raw_validated,,
SIH_RD,Ministerio da Saude / DATASUS,SIH/SUS AIH Reduzida RR 2024-08,https://datasus.saude.gov.br/transferencia-de-arquivos/,ftp://ftp.datasus.gov.br/dissemin/publicos/SIHSUS/200801_/Dados/RDRR2408.dbc,2024-08,2026-09-21T15:13:21.243938+00:00,DBC/DBF,RDRR2408.dbc,237040,51f5911e8c761095a12c917bb57213cee4726cb6124178cfe375c569aa68a3c9,3127,dbf-fields-sha256:1346db65ec139f090f75a64b14d24eca6ee0e49f9726b65b3a0da3f360270c5d,success,raw_validated,,
SIH_RD,Ministerio da Saude / DATASUS,SIH/SUS AIH Reduzida RR 2024-09,https://datasus.saude.gov.br/transferencia-de-arquivos/,ftp://ftp.datasus.gov.br/dissemin/publicos/SIHSUS/200801_/Dados/RDRR2409.dbc,2024-09,2026-09-21T15:13:21.808447+00:00,DBC/DBF,RDRR2409.dbc,218845,527aa47300522c24a9c85ce0e821b1848a4c9b252f871c460ffd19f3a28643b0,2882,dbf-fields-sha256:1346db65ec139f090f75a64b14d24eca6ee0e49f9726b65b3a0da3f360270c5d,success,raw_validated,,
SIH_RD,Ministerio da Saude / DATASUS,SIH/SUS AIH Reduzida RR 2024-10,https://datasus.saude.gov.br/transferencia-de-arquivos/,ftp://ftp.datasus.gov.br/dissemin/publicos/SIHSUS/200801_/Dados/RDRR2410.dbc,2024-10,2026-09-21T15:13:22.370782+00:00,DBC/DBF,RDRR2410.dbc,245227,e5e4fc5a6ba488a56a0125941007d47b6ccccbca3f72ac2c076c0cad8b59b7c6,3221,dbf-fields-sha256:1346db65ec139f090f75a64b14d24eca6ee0e49f9726b65b3a0da3f360270c5d,success,raw_validated,,
SIH_RD,Ministerio da Saude / DATASUS,SIH/SUS AIH Reduzida RR 2024-11,https://datasus.saude.gov.br/transferencia-de-arquivos/,ftp://ftp.datasus.gov.br/dissemin/publicos/SIHSUS/200801_/Dados/RDRR2411.dbc,2024-11,2026-09-21T15:13:22.965483+00:00,DBC/DBF,RDRR2411.dbc,250853,41fef7cbb75e9750a70310a4606d98cfe7cb09c4c88deb61e726ea18b3c9ef07,3349,dbf-fields-sha256:1346db65ec139f090f75a64b14d24eca6ee0e49f9726b65b3a0da3f360270c5d,success,raw_validated,,
SIH_RD,Ministerio da Saude / DATASUS,SIH/SUS AIH Reduzida RR 2024-12,https://datasus.saude.gov.br/transferencia-de-arquivos/,ftp://ftp.datasus.gov.br/dissemin/publicos/SIHSUS/200801_/Dados/RDRR2412.dbc,2024-12,2026-09-21T15:13:23.532367+00:00,DBC/DBF,RDRR2412.dbc,197546,1d65ecc7c082fc1d59b89c3ce9f02b1611614bc7857bc938b0e0098afaa3fc7f,2584,dbf-fields-sha256:1346db65ec139f090f75a64b14d24eca6ee0e49f9726b65b3a0da3f360270c5d,success,raw_validated,,
SIH_RD,Ministerio da Saude / DATASUS,SIH/SUS AIH Reduzida RS 2024-01,https://datasus.saude.gov.br/transferencia-de-arquivos/,ftp://ftp.datasus.gov.br/dissemin/publicos/SIHSUS/200801_/Dados/RDRS2401.dbc,2024-01,2026-09-21T15:13:25.690028+00:00,DBC/DBF,RDRS2401.dbc,5275821,13231bf1cabcd74533e529fd5b8e1aabf898db4cc7a7c6614572086e081b1204,68221,dbf-fields-sha256:1346db65ec139f090f75a64b14d24eca6ee0e49f9726b65b3a0da3f360270c5d,success,raw_validated,,
SIH_RD,Ministerio da Saude / DATASUS,SIH/SUS AIH Reduzida RS 2024-02,https://datasus.saude.gov.br/transferencia-de-arquivos/,ftp://ftp.datasus.gov.br/dissemin/publicos/SIHSUS/200801_/Dados/RDRS2402.dbc,2024-02,2026-09-21T15:13:27.766811+00:00,DBC/DBF,RDRS2402.dbc,4900440,5dc3b6a41d401537d1df8b8acce40db75e7b98a059c7c313282c8a55740ea0b1,63207,dbf-fields-sha256:1346db65ec139f090f75a64b14d24eca6ee0e49f9726b65b3a0da3f360270c5d,success,raw_validated,,
SIH_RD,Ministerio da Saude / DATASUS,SIH/SUS AIH Reduzida RS 2024-03,https://datasus.saude.gov.br/transferencia-de-arquivos/,ftp://ftp.datasus.gov.br/dissemin/publicos/SIHSUS/200801_/Dados/RDRS2403.dbc,2024-03,2026-09-21T15:13:30.150784+00:00,DBC/DBF,RDRS2403.dbc,5365509,6af2baf7ed6e25b60b1552985c3ec194f4856b4bf22757c95454734bb3b72a52,69475,dbf-fields-sha256:1346db65ec139f090f75a64b14d24eca6ee0e49f9726b65b3a0da3f360270c5d,success,raw_validated,,
SIH_RD,Ministerio da Saude / DATASUS,SIH/SUS AIH Reduzida RS 2024-04,https://datasus.saude.gov.br/transferencia-de-arquivos/,ftp://ftp.datasus.gov.br/dissemin/publicos/SIHSUS/200801_/Dados/RDRS2404.dbc,2024-04,2026-09-21T15:13:32.495941+00:00,DBC/DBF,RDRS2404.dbc,5311672,e9d4234b65a79911e8b3f79709b5a68444ead9b724fa64fd6101b3877bf44706,69431,dbf-fields-sha256:1346db65ec139f090f75a64b14d24eca6ee0e49f9726b65b3a0da3f360270c5d,success,raw_validated,,
SIH_RD,Ministerio da Saude / DATASUS,SIH/SUS AIH Reduzida RS 2024-05,https://datasus.saude.gov.br/transferencia-de-arquivos/,ftp://ftp.datasus.gov.br/dissemin/publicos/SIHSUS/200801_/Dados/RDRS2405.dbc,2024-05,2026-09-21T15:13:34.678287+00:00,DBC/DBF,RDRS2405.dbc,5117869,d818f1611f7e20c7f764d9200de9cafe9289f7fc2edb6f19b4f51ab5c7b2632f,65652,dbf-fields-sha256:1346db65ec139f090f75a64b14d24eca6ee0e49f9726b65b3a0da3f360270c5d,success,raw_validated,,
SIH_RD,Ministerio da Saude / DATASUS,SIH/SUS AIH Reduzida RS 2024-06,https://datasus.saude.gov.br/transferencia-de-arquivos/,ftp://ftp.datasus.gov.br/dissemin/publicos/SIHSUS/200801_/Dados/RDRS2406.dbc,2024-06,2026-09-21T15:13:37.030703+00:00,DBC/DBF,RDRS2406.dbc,5377015,76f0f9b1ece0a4473f441b69b593d562f874ab9dab32fdcbbb0f64adb8ba4017,69944,dbf-fields-sha256:1346db65ec139f090f75a64b14d24eca6ee0e49f9726b65b3a0da3f360270c5d,success,raw_validated,,
SIH_RD,Ministerio da Saude / DATASUS,SIH/SUS AIH Reduzida RS 2024-07,https://datasus.saude.gov.br/transferencia-de-arquivos/,ftp://ftp.datasus.gov.br/dissemin/publicos/SIHSUS/200801_/Dados/RDRS2407.dbc,2024-07,2026-09-21T15:13:39.349488+00:00,DBC/DBF,RDRS2407.dbc,5473293,8df7f237c8651197e3ffeaa9e0751f1e7a61d038902852568a908c98d7e30a7f,70523,dbf-fields-sha256:1346db65ec139f090f75a64b14d24eca6ee0e49f9726b65b3a0da3f360270c5d,success,raw_validated,,
SIH_RD,Ministerio da Saude / DATASUS,SIH/SUS AIH Reduzida RS 2024-08,https://datasus.saude.gov.br/transferencia-de-arquivos/,ftp://ftp.datasus.gov.br/dissemin/publicos/SIHSUS/200801_/Dados/RDRS2408.dbc,2024-08,2026-09-21T15:13:41.655089+00:00,DBC/DBF,RDRS2408.dbc,5705036,35f252e836066d74b7c9d7274c9503e4636222cd9dc77049573732cddea5236b,73447,dbf-fields-sha256:1346db65ec139f090f75a64b14d24eca6ee0e49f9726b65b3a0da3f360270c5d,success,raw_validated,,
SIH_RD,Ministerio da Saude / DATASUS,SIH/SUS AIH Reduzida RS 2024-09,https://datasus.saude.gov.br/transferencia-de-arquivos/,ftp://ftp.datasus.gov.br/dissemin/publicos/SIHSUS/200801_/Dados/RDRS2409.dbc,2024-09,2026-09-21T15:13:43.881331+00:00,DBC/DBF,RDRS2409.dbc,5466760,e6c84c4a9c87313b9362d6d799df2c62a41de904d7424186ea5cd847dd905630,70325,dbf-fields-sha256:1346db65ec139f090f75a64b14d24eca6ee0e49f9726b65b3a0da3f360270c5d,success,raw_validated,,
SIH_RD,Ministerio da Saude / DATASUS,SIH/SUS AIH Reduzida RS 2024-10,https://datasus.saude.gov.br/transferencia-de-arquivos/,ftp://ftp.datasus.gov.br/dissemin/publicos/SIHSUS/200801_/Dados/RDRS2410.dbc,2024-10,2026-09-21T15:13:46.207289+00:00,DBC/DBF,RDRS2410.dbc,5820839,b547a10828d78e960b5302c68af7d651a1b98a62f4cee62db914c978f00ba235,75212,dbf-fields-sha256:1346db65ec139f090f75a64b14d24eca6ee0e49f9726b65b3a0da3f360270c5d,success,raw_validated,,
SIH_RD,Ministerio da Saude / DATASUS,SIH/SUS AIH Reduzida RS 2024-11,https://datasus.saude.gov.br/transferencia-de-arquivos/,ftp://ftp.datasus.gov.br/dissemin/publicos/SIHSUS/200801_/Dados/RDRS2411.dbc,2024-11,2026-09-21T15:13:48.529676+00:00,DBC/DBF,RDRS2411.dbc,5410675,a52a62660655c87d3fe22d35ea1b3c224823e1eb224daea031128a19244e95dd,69201,dbf-fields-sha256:1346db65ec139f090f75a64b14d24eca6ee0e49f9726b65b3a0da3f360270c5d,success,raw_validated,,
SIH_RD,Ministerio da Saude / DATASUS,SIH/SUS AIH Reduzida RS 2024-12,https://datasus.saude.gov.br/transferencia-de-arquivos/,ftp://ftp.datasus.gov.br/dissemin/publicos/SIHSUS/200801_/Dados/RDRS2412.dbc,2024-12,2026-09-21T15:13:50.645128+00:00,DBC/DBF,RDRS2412.dbc,5257046,ea647bce9ac11502a7877377e7cbae648368a0aa228726221480b9d5e4ccf7be,67246,dbf-fields-sha256:1346db65ec139f090f75a64b14d24eca6ee0e49f9726b65b3a0da3f360270c5d,success,raw_validated,,
SIH_RD,Ministerio da Saude / DATASUS,SIH/SUS AIH Reduzida SC 2024-01,https://datasus.saude.gov.br/transferencia-de-arquivos/,ftp://ftp.datasus.gov.br/dissemin/publicos/SIHSUS/200801_/Dados/RDSC2401.dbc,2024-01,2026-09-21T15:13:52.463730+00:00,DBC/DBF,RDSC2401.dbc,3825698,2d64a3caf7f6573d5a3ffc2d3014d94e8c2bc88a4d27db79e3bdd020b3adbb9c,48856,dbf-fields-sha256:1346db65ec139f090f75a64b14d24eca6ee0e49f9726b65b3a0da3f360270c5d,success,raw_validated,,
SIH_RD,Ministerio da Saude / DATASUS,SIH/SUS AIH Reduzida SC 2024-02,https://datasus.saude.gov.br/transferencia-de-arquivos/,ftp://ftp.datasus.gov.br/dissemin/publicos/SIHSUS/200801_/Dados/RDSC2402.dbc,2024-02,2026-09-21T15:13:54.233029+00:00,DBC/DBF,RDSC2402.dbc,3790794,2326cdb1fe04564669832ae2c3fd6b7577fa0f22709af5969a2da8cfdcc5a9c7,48259,dbf-fields-sha256:1346db65ec139f090f75a64b14d24eca6ee0e49f9726b65b3a0da3f360270c5d,success,raw_validated,,
SIH_RD,Ministerio da Saude / DATASUS,SIH/SUS AIH Reduzida SC 2024-03,https://datasus.saude.gov.br/transferencia-de-arquivos/,ftp://ftp.datasus.gov.br/dissemin/publicos/SIHSUS/200801_/Dados/RDSC2403.dbc,2024-03,2026-09-21T15:13:59.078881+00:00,DBC/DBF,RDSC2403.dbc,4047404,4a90c6aecd3526e86428a34dbc940fbbb9f68f1e9c71100d8e74b387a19a1977,52011,dbf-fields-sha256:1346db65ec139f090f75a64b14d24eca6ee0e49f9726b65b3a0da3f360270c5d,success,raw_validated,,
SIH_RD,Ministerio da Saude / DATASUS,SIH/SUS AIH Reduzida SC 2024-04,https://datasus.saude.gov.br/transferencia-de-arquivos/,ftp://ftp.datasus.gov.br/dissemin/publicos/SIHSUS/200801_/Dados/RDSC2404.dbc,2024-04,2026-09-21T15:14:00.998011+00:00,DBC/DBF,RDSC2404.dbc,4244853,028ff6a3a3e26da5eb59a72506fe671f4bd1ab3dd73847a7512794cbdfdece3c,54694,dbf-fields-sha256:1346db65ec139f090f75a64b14d24eca6ee0e49f9726b65b3a0da3f360270c5d,success,raw_validated,,
SIH_RD,Ministerio da Saude / DATASUS,SIH/SUS AIH Reduzida SC 2024-05,https://datasus.saude.gov.br/transferencia-de-arquivos/,ftp://ftp.datasus.gov.br/dissemin/publicos/SIHSUS/200801_/Dados/RDSC2405.dbc,2024-05,2026-09-21T15:14:02.926483+00:00,DBC/DBF,RDSC2405.dbc,4370384,0787e23af5da825ec6f8e43219a8ee48b95af00d24c22153234d72c6d16b671f,56031,dbf-fields-sha256:1346db65ec139f090f75a64b14d24eca6ee0e49f9726b65b3a0da3f360270c5d,success,raw_validated,,
SIH_RD,Ministerio da Saude / DATASUS,SIH/SUS AIH Reduzida SC 2024-06,https://datasus.saude.gov.br/transferencia-de-arquivos/,ftp://ftp.datasus.gov.br/dissemin/publicos/SIHSUS/200801_/Dados/RDSC2406.dbc,2024-06,2026-09-21T15:14:04.831144+00:00,DBC/DBF,RDSC2406.dbc,4305490,f54dc8ec418ad925f10e0bacd33da73d646ecdd13f5aefe7ef298991e04379bb,54373,dbf-fields-sha256:1346db65ec139f090f75a64b14d24eca6ee0e49f9726b65b3a0da3f360270c5d,success,raw_validated,,
SIH_RD,Ministerio da Saude / DATASUS,SIH/SUS AIH Reduzida SC 2024-07,https://datasus.saude.gov.br/transferencia-de-arquivos/,ftp://ftp.datasus.gov.br/dissemin/publicos/SIHSUS/200801_/Dados/RDSC2407.dbc,2024-07,2026-09-21T15:14:06.846769+00:00,DBC/DBF,RDSC2407.dbc,4500538,9b02f6819fd54b0a3135b3990547e897e8205ba41627b081552eb6a9387082af,57004,dbf-fields-sha256:1346db65ec139f090f75a64b14d24eca6ee0e49f9726b65b3a0da3f360270c5d,success,raw_validated,,
SIH_RD,Ministerio da Saude / DATASUS,SIH/SUS AIH Reduzida SC 2024-08,https://datasus.saude.gov.br/transferencia-de-arquivos/,ftp://ftp.datasus.gov.br/dissemin/publicos/SIHSUS/200801_/Dados/RDSC2408.dbc,2024-08,2026-09-21T15:14:09.074877+00:00,DBC/DBF,RDSC2408.dbc,4483706,e265514be675616694a3e8f771c95f4770fb17ff22a3a50055cffa2a28372f5f,57052,dbf-fields-sha256:1346db65ec139f090f75a64b14d24eca6ee0e49f9726b65b3a0da3f360270c5d,success,raw_validated,,
SIH_RD,Ministerio da Saude / DATASUS,SIH/SUS AIH Reduzida SC 2024-09,https://datasus.saude.gov.br/transferencia-de-arquivos/,ftp://ftp.datasus.gov.br/dissemin/publicos/SIHSUS/200801_/Dados/RDSC2409.dbc,2024-09,2026-09-21T15:14:11.258646+00:00,DBC/DBF,RDSC2409.dbc,4410106,d870ba20232cdc55411232a947a12172f57c733f4ce9a83c7eedd620912d06e1,56179,dbf-fields-sha256:1346db65ec139f090f75a64b14d24eca6ee0e49f9726b65b3a0da3f360270c5d,success,raw_validated,,
SIH_RD,Ministerio da Saude / DATASUS,SIH/SUS AIH Reduzida SC 2024-10,https://datasus.saude.gov.br/transferencia-de-arquivos/,ftp://ftp.datasus.gov.br/dissemin/publicos/SIHSUS/200801_/Dados/RDSC2410.dbc,2024-10,2026-09-21T15:14:13.415038+00:00,DBC/DBF,RDSC2410.dbc,4738082,f3a290f4e3392d60c5614a79d558b5035703dd1c637c14777755449f13589eb2,59141,dbf-fields-sha256:1346db65ec139f090f75a64b14d24eca6ee0e49f9726b65b3a0da3f360270c5d,success,raw_validated,,
SIH_RD,Ministerio da Saude / DATASUS,SIH/SUS AIH Reduzida SC 2024-11,https://datasus.saude.gov.br/transferencia-de-arquivos/,ftp://ftp.datasus.gov.br/dissemin/publicos/SIHSUS/200801_/Dados/RDSC2411.dbc,2024-11,2026-09-21T15:14:15.275709+00:00,DBC/DBF,RDSC2411.dbc,4247035,ef55199c95ead339accacc79c13c0b15e7b2d35923b745a722c55e819d099333,53676,dbf-fields-sha256:1346db65ec139f090f75a64b14d24eca6ee0e49f9726b65b3a0da3f360270c5d,success,raw_validated,,
SIH_RD,Ministerio da Saude / DATASUS,SIH/SUS AIH Reduzida SC 2024-12,https://datasus.saude.gov.br/transferencia-de-arquivos/,ftp://ftp.datasus.gov.br/dissemin/publicos/SIHSUS/200801_/Dados/RDSC2412.dbc,2024-12,2026-09-21T15:14:17.270581+00:00,DBC/DBF,RDSC2412.dbc,4212135,775fb47ada70d3d5fe59f0c7e38e3f6895eacd49b3cda7e4e33efb6d229503b9,52892,dbf-fields-sha256:1346db65ec139f090f75a64b14d24eca6ee0e49f9726b65b3a0da3f360270c5d,success,raw_validated,,
SIH_RD,Ministerio da Saude / DATASUS,SIH/SUS AIH Reduzida SE 2024-01,https://datasus.saude.gov.br/transferencia-de-arquivos/,ftp://ftp.datasus.gov.br/dissemin/publicos/SIHSUS/200801_/Dados/RDSE2401.dbc,2024-01,2026-09-21T15:14:18.084685+00:00,DBC/DBF,RDSE2401.dbc,731815,fa3691ec370d957c847774e611e7718422f0546f44775d1bfd90fb10acfdbc40,9829,dbf-fields-sha256:1346db65ec139f090f75a64b14d24eca6ee0e49f9726b65b3a0da3f360270c5d,success,raw_validated,,
SIH_RD,Ministerio da Saude / DATASUS,SIH/SUS AIH Reduzida SE 2024-02,https://datasus.saude.gov.br/transferencia-de-arquivos/,ftp://ftp.datasus.gov.br/dissemin/publicos/SIHSUS/200801_/Dados/RDSE2402.dbc,2024-02,2026-09-21T15:14:18.849988+00:00,DBC/DBF,RDSE2402.dbc,706457,26bdd5ae4300e8dc69dbb0c6accd73bb9257d88c293a56c8ea4e0449c42e3a20,9627,dbf-fields-sha256:1346db65ec139f090f75a64b14d24eca6ee0e49f9726b65b3a0da3f360270c5d,success,raw_validated,,
SIH_RD,Ministerio da Saude / DATASUS,SIH/SUS AIH Reduzida SE 2024-03,https://datasus.saude.gov.br/transferencia-de-arquivos/,ftp://ftp.datasus.gov.br/dissemin/publicos/SIHSUS/200801_/Dados/RDSE2403.dbc,2024-03,2026-09-21T15:14:19.681221+00:00,DBC/DBF,RDSE2403.dbc,743343,e3ada4aa0a8233181554c58db7e90fad7b8c2edf8f22b46e9881ccafebbb6511,9988,dbf-fields-sha256:1346db65ec139f090f75a64b14d24eca6ee0e49f9726b65b3a0da3f360270c5d,success,raw_validated,,
SIH_RD,Ministerio da Saude / DATASUS,SIH/SUS AIH Reduzida SE 2024-04,https://datasus.saude.gov.br/transferencia-de-arquivos/,ftp://ftp.datasus.gov.br/dissemin/publicos/SIHSUS/200801_/Dados/RDSE2404.dbc,2024-04,2026-09-21T15:14:20.592080+00:00,DBC/DBF,RDSE2404.dbc,764681,d28d85311849d24dd4de2004823e6ea73cd4d6f97ca5717b10277cb5f82c8571,10790,dbf-fields-sha256:1346db65ec139f090f75a64b14d24eca6ee0e49f9726b65b3a0da3f360270c5d,success,raw_validated,,
SIH_RD,Ministerio da Saude / DATASUS,SIH/SUS AIH Reduzida SE 2024-05,https://datasus.saude.gov.br/transferencia-de-arquivos/,ftp://ftp.datasus.gov.br/dissemin/publicos/SIHSUS/200801_/Dados/RDSE2405.dbc,2024-05,2026-09-21T15:14:21.376935+00:00,DBC/DBF,RDSE2405.dbc,739447,85d5bb827b216920990b951aac72a1f5bc51128450978069596ddab2025a1ee3,10087,dbf-fields-sha256:1346db65ec139f090f75a64b14d24eca6ee0e49f9726b65b3a0da3f360270c5d,success,raw_validated,,
SIH_RD,Ministerio da Saude / DATASUS,SIH/SUS AIH Reduzida SE 2024-06,https://datasus.saude.gov.br/transferencia-de-arquivos/,ftp://ftp.datasus.gov.br/dissemin/publicos/SIHSUS/200801_/Dados/RDSE2406.dbc,2024-06,2026-09-21T15:14:22.170336+00:00,DBC/DBF,RDSE2406.dbc,746861,994aaa1cd92cf005ce2138660e612116e636053e80b42973623f1aebe36ccc68,9962,dbf-fields-sha256:1346db65ec139f090f75a64b14d24eca6ee0e49f9726b65b3a0da3f360270c5d,success,raw_validated,,
SIH_RD,Ministerio da Saude / DATASUS,SIH/SUS AIH Reduzida SE 2024-07,https://datasus.saude.gov.br/transferencia-de-arquivos/,ftp://ftp.datasus.gov.br/dissemin/publicos/SIHSUS/200801_/Dados/RDSE2407.dbc,2024-07,2026-09-21T15:14:23.017999+00:00,DBC/DBF,RDSE2407.dbc,799547,790a04da89081f976d2054b03d36d78e3d128e04481f03965b36bfe0e1abe3a0,10903,dbf-fields-sha256:1346db65ec139f090f75a64b14d24eca6ee0e49f9726b65b3a0da3f360270c5d,success,raw_validated,,
SIH_RD,Ministerio da Saude / DATASUS,SIH/SUS AIH Reduzida SE 2024-08,https://datasus.saude.gov.br/transferencia-de-arquivos/,ftp://ftp.datasus.gov.br/dissemin/publicos/SIHSUS/200801_/Dados/RDSE2408.dbc,2024-08,2026-09-21T15:14:23.850152+00:00,DBC/DBF,RDSE2408.dbc,763237,76003b07f6b8781550387ee1d13154340e02a43ee49fcdf2a4c8e46998bfa2b3,10237,dbf-fields-sha256:1346db65ec139f090f75a64b14d24eca6ee0e49f9726b65b3a0da3f360270c5d,success,raw_validated,,
SIH_RD,Ministerio da Saude / DATASUS,SIH/SUS AIH Reduzida SE 2024-09,https://datasus.saude.gov.br/transferencia-de-arquivos/,ftp://ftp.datasus.gov.br/dissemin/publicos/SIHSUS/200801_/Dados/RDSE2409.dbc,2024-09,2026-09-21T15:14:24.676786+00:00,DBC/DBF,RDSE2409.dbc,716961,b42d299247b04a3f4314024a9c830e30bea9a9fa822ef6ec3cc81cfde478ad58,9558,dbf-fields-sha256:1346db65ec139f090f75a64b14d24eca6ee0e49f9726b65b3a0da3f360270c5d,success,raw_validated,,
SIH_RD,Ministerio da Saude / DATASUS,SIH/SUS AIH Reduzida SE 2024-10,https://datasus.saude.gov.br/transferencia-de-arquivos/,ftp://ftp.datasus.gov.br/dissemin/publicos/SIHSUS/200801_/Dados/RDSE2410.dbc,2024-10,2026-09-21T15:14:25.396889+00:00,DBC/DBF,RDSE2410.dbc,772311,8cc58a20717d596116c675ccb2a67a2e8ef3cce2594d32f2d174903ca79fd988,10398,dbf-fields-sha256:1346db65ec139f090f75a64b14d24eca6ee0e49f9726b65b3a0da3f360270c5d,success,raw_validated,,
SIH_RD,Ministerio da Saude / DATASUS,SIH/SUS AIH Reduzida SE 2024-11,https://datasus.saude.gov.br/transferencia-de-arquivos/,ftp://ftp.datasus.gov.br/dissemin/publicos/SIHSUS/200801_/Dados/RDSE2411.dbc,2024-11,2026-09-21T15:14:26.267971+00:00,DBC/DBF,RDSE2411.dbc,741215,48b824594fa4ca2d03dad491251b1510899cd9ea6c4e28f59486e8cf7c3257f9,10087,dbf-fields-sha256:1346db65ec139f090f75a64b14d24eca6ee0e49f9726b65b3a0da3f360270c5d,success,raw_validated,,
SIH_RD,Ministerio da Saude / DATASUS,SIH/SUS AIH Reduzida SE 2024-12,https://datasus.saude.gov.br/transferencia-de-arquivos/,ftp://ftp.datasus.gov.br/dissemin/publicos/SIHSUS/200801_/Dados/RDSE2412.dbc,2024-12,2026-09-21T15:14:27.058735+00:00,DBC/DBF,RDSE2412.dbc,679907,92e234dc00459a684b176c20177e1438d522f072804e785d755fbb9861b48aff,9023,dbf-fields-sha256:1346db65ec139f090f75a64b14d24eca6ee0e49f9726b65b3a0da3f360270c5d,success,raw_validated,,
SIH_RD,Ministerio da Saude / DATASUS,SIH/SUS AIH Reduzida SP 2024-01,https://datasus.saude.gov.br/transferencia-de-arquivos/,ftp://ftp.datasus.gov.br/dissemin/publicos/SIHSUS/200801_/Dados/RDSP2401.dbc,2024-01,2026-09-21T15:14:32.888788+00:00,DBC/DBF,RDSP2401.dbc,17462541,9d0d841b8d0c6fa4600a06a2da9f861e0ac0e8681a4f772378a8f25f929e4847,222849,dbf-fields-sha256:1346db65ec139f090f75a64b14d24eca6ee0e49f9726b65b3a0da3f360270c5d,success,raw_validated,,
SIH_RD,Ministerio da Saude / DATASUS,SIH/SUS AIH Reduzida SP 2024-02,https://datasus.saude.gov.br/transferencia-de-arquivos/,ftp://ftp.datasus.gov.br/dissemin/publicos/SIHSUS/200801_/Dados/RDSP2402.dbc,2024-02,2026-09-21T15:14:39.062111+00:00,DBC/DBF,RDSP2402.dbc,17268103,5ba1da3b7d7025ee7cc4b69b0f69808ffb25040916ffffac732e637c5d845d8a,221117,dbf-fields-sha256:1346db65ec139f090f75a64b14d24eca6ee0e49f9726b65b3a0da3f360270c5d,success,raw_validated,,
SIH_RD,Ministerio da Saude / DATASUS,SIH/SUS AIH Reduzida SP 2024-03,https://datasus.saude.gov.br/transferencia-de-arquivos/,ftp://ftp.datasus.gov.br/dissemin/publicos/SIHSUS/200801_/Dados/RDSP2403.dbc,2024-03,2026-09-21T15:14:45.985759+00:00,DBC/DBF,RDSP2403.dbc,18999157,0ed4fbc0c04d5aa2f8a1fea2037c50e3470c43afea07d358a5d510bc52e61523,241806,dbf-fields-sha256:1346db65ec139f090f75a64b14d24eca6ee0e49f9726b65b3a0da3f360270c5d,success,raw_validated,,
SIH_RD,Ministerio da Saude / DATASUS,SIH/SUS AIH Reduzida SP 2024-04,https://datasus.saude.gov.br/transferencia-de-arquivos/,ftp://ftp.datasus.gov.br/dissemin/publicos/SIHSUS/200801_/Dados/RDSP2404.dbc,2024-04,2026-09-21T15:14:52.516995+00:00,DBC/DBF,RDSP2404.dbc,18962295,6ce518e7c7701143859ce0ee3a105613677d2568fb2b8925a976546d5d7dd920,244842,dbf-fields-sha256:1346db65ec139f090f75a64b14d24eca6ee0e49f9726b65b3a0da3f360270c5d,success,raw_validated,,
SIH_RD,Ministerio da Saude / DATASUS,SIH/SUS AIH Reduzida SP 2024-05,https://datasus.saude.gov.br/transferencia-de-arquivos/,ftp://ftp.datasus.gov.br/dissemin/publicos/SIHSUS/200801_/Dados/RDSP2405.dbc,2024-05,2026-09-21T15:14:58.866932+00:00,DBC/DBF,RDSP2405.dbc,19180733,f2d924b6dd7bd7f36dface3a90136837546b4f6354cdd38c0ed3d4d33f50fe15,246414,dbf-fields-sha256:1346db65ec139f090f75a64b14d24eca6ee0e49f9726b65b3a0da3f360270c5d,success,raw_validated,,
SIH_RD,Ministerio da Saude / DATASUS,SIH/SUS AIH Reduzida SP 2024-06,https://datasus.saude.gov.br/transferencia-de-arquivos/,ftp://ftp.datasus.gov.br/dissemin/publicos/SIHSUS/200801_/Dados/RDSP2406.dbc,2024-06,2026-09-21T15:15:05.317605+00:00,DBC/DBF,RDSP2406.dbc,18718079,fd882153b64c31c3d82e62b9bc2efafbc81923e8bb5c891d9634b35dd0fae590,240552,dbf-fields-sha256:1346db65ec139f090f75a64b14d24eca6ee0e49f9726b65b3a0da3f360270c5d,success,raw_validated,,
SIH_RD,Ministerio da Saude / DATASUS,SIH/SUS AIH Reduzida SP 2024-07,https://datasus.saude.gov.br/transferencia-de-arquivos/,ftp://ftp.datasus.gov.br/dissemin/publicos/SIHSUS/200801_/Dados/RDSP2407.dbc,2024-07,2026-09-21T15:15:11.799756+00:00,DBC/DBF,RDSP2407.dbc,18940801,730b77b2730c1d02bf9e7affe04c04992bbcea7eb693c08847b9100cad41152a,241470,dbf-fields-sha256:1346db65ec139f090f75a64b14d24eca6ee0e49f9726b65b3a0da3f360270c5d,success,raw_validated,,
SIH_RD,Ministerio da Saude / DATASUS,SIH/SUS AIH Reduzida SP 2024-08,https://datasus.saude.gov.br/transferencia-de-arquivos/,ftp://ftp.datasus.gov.br/dissemin/publicos/SIHSUS/200801_/Dados/RDSP2408.dbc,2024-08,2026-09-21T15:15:18.058328+00:00,DBC/DBF,RDSP2408.dbc,19243524,7d2b14768c7977b61941a0bed1a809d3e0857e48a9bc30694980ef911c00bafd,246085,dbf-fields-sha256:1346db65ec139f090f75a64b14d24eca6ee0e49f9726b65b3a0da3f360270c5d,success,raw_validated,,
SIH_RD,Ministerio da Saude / DATASUS,SIH/SUS AIH Reduzida SP 2024-09,https://datasus.saude.gov.br/transferencia-de-arquivos/,ftp://ftp.datasus.gov.br/dissemin/publicos/SIHSUS/200801_/Dados/RDSP2409.dbc,2024-09,2026-09-21T15:15:24.363700+00:00,DBC/DBF,RDSP2409.dbc,19000583,6bb6ba4213de2e233c6560a61fa83f3236284515063cac7c38c6bf3e14d54344,240093,dbf-fields-sha256:1346db65ec139f090f75a64b14d24eca6ee0e49f9726b65b3a0da3f360270c5d,success,raw_validated,,
SIH_RD,Ministerio da Saude / DATASUS,SIH/SUS AIH Reduzida SP 2024-10,https://datasus.saude.gov.br/transferencia-de-arquivos/,ftp://ftp.datasus.gov.br/dissemin/publicos/SIHSUS/200801_/Dados/RDSP2410.dbc,2024-10,2026-09-21T15:15:31.102968+00:00,DBC/DBF,RDSP2410.dbc,19607261,0ba3b91146305c04f50f99f9cd175fd52bc7778deed27ea72976263ba34ac826,250130,dbf-fields-sha256:1346db65ec139f090f75a64b14d24eca6ee0e49f9726b65b3a0da3f360270c5d,success,raw_validated,,
SIH_RD,Ministerio da Saude / DATASUS,SIH/SUS AIH Reduzida SP 2024-11,https://datasus.saude.gov.br/transferencia-de-arquivos/,ftp://ftp.datasus.gov.br/dissemin/publicos/SIHSUS/200801_/Dados/RDSP2411.dbc,2024-11,2026-09-21T15:15:37.808703+00:00,DBC/DBF,RDSP2411.dbc,18349943,1a4f9535c99936a7c5b0da37ec6375caafb62c2061db0e26066b63f6c1802773,234425,dbf-fields-sha256:1346db65ec139f090f75a64b14d24eca6ee0e49f9726b65b3a0da3f360270c5d,success,raw_validated,,
SIH_RD,Ministerio da Saude / DATASUS,SIH/SUS AIH Reduzida SP 2024-12,https://datasus.saude.gov.br/transferencia-de-arquivos/,ftp://ftp.datasus.gov.br/dissemin/publicos/SIHSUS/200801_/Dados/RDSP2412.dbc,2024-12,2026-09-21T15:15:43.725951+00:00,DBC/DBF,RDSP2412.dbc,17825085,65f6a33ce42094ad03b2c5624334525ee98dfaf33f2e5cd69b6806107a6291e4,225756,dbf-fields-sha256:1346db65ec139f090f75a64b14d24eca6ee0e49f9726b65b3a0da3f360270c5d,success,raw_validated,,
SIH_RD,Ministerio da Saude / DATASUS,SIH/SUS AIH Reduzida TO 2024-01,https://datasus.saude.gov.br/transferencia-de-arquivos/,ftp://ftp.datasus.gov.br/dissemin/publicos/SIHSUS/200801_/Dados/RDTO2401.dbc,2024-01,2026-09-21T15:15:44.518971+00:00,DBC/DBF,RDTO2401.dbc,604846,e88ab52a0a973bd0a4693d3944b214eebe94c63e9ef50be8e5d1cf08ce570ff5,7963,dbf-fields-sha256:1346db65ec139f090f75a64b14d24eca6ee0e49f9726b65b3a0da3f360270c5d,success,raw_validated,,
SIH_RD,Ministerio da Saude / DATASUS,SIH/SUS AIH Reduzida TO 2024-02,https://datasus.saude.gov.br/transferencia-de-arquivos/,ftp://ftp.datasus.gov.br/dissemin/publicos/SIHSUS/200801_/Dados/RDTO2402.dbc,2024-02,2026-09-21T15:15:45.300975+00:00,DBC/DBF,RDTO2402.dbc,644480,5b63bedac3f8a0941795705a2fe46c974787bf7a12dd21725e6c580807a65825,8409,dbf-fields-sha256:1346db65ec139f090f75a64b14d24eca6ee0e49f9726b65b3a0da3f360270c5d,success,raw_validated,,
SIH_RD,Ministerio da Saude / DATASUS,SIH/SUS AIH Reduzida TO 2024-03,https://datasus.saude.gov.br/transferencia-de-arquivos/,ftp://ftp.datasus.gov.br/dissemin/publicos/SIHSUS/200801_/Dados/RDTO2403.dbc,2024-03,2026-09-21T15:15:46.307644+00:00,DBC/DBF,RDTO2403.dbc,619312,0339e7c977fed8706a2f41b3c3c8507a2976132c6012f0bfce44ebfca71502ec,8388,dbf-fields-sha256:1346db65ec139f090f75a64b14d24eca6ee0e49f9726b65b3a0da3f360270c5d,success,raw_validated,,
SIH_RD,Ministerio da Saude / DATASUS,SIH/SUS AIH Reduzida TO 2024-04,https://datasus.saude.gov.br/transferencia-de-arquivos/,ftp://ftp.datasus.gov.br/dissemin/publicos/SIHSUS/200801_/Dados/RDTO2404.dbc,2024-04,2026-09-21T15:15:47.097604+00:00,DBC/DBF,RDTO2404.dbc,681605,3c1bd1682b6f1eb90f39e9f76d7f18cd2c41e8916c4735f2fb9ec16efa88f459,9250,dbf-fields-sha256:1346db65ec139f090f75a64b14d24eca6ee0e49f9726b65b3a0da3f360270c5d,success,raw_validated,,
SIH_RD,Ministerio da Saude / DATASUS,SIH/SUS AIH Reduzida TO 2024-05,https://datasus.saude.gov.br/transferencia-de-arquivos/,ftp://ftp.datasus.gov.br/dissemin/publicos/SIHSUS/200801_/Dados/RDTO2405.dbc,2024-05,2026-09-21T15:15:47.863485+00:00,DBC/DBF,RDTO2405.dbc,678567,10033bc70f05ff8eef8fde13d0041f71c5f48047aad81343d86480614c9bee9f,9091,dbf-fields-sha256:1346db65ec139f090f75a64b14d24eca6ee0e49f9726b65b3a0da3f360270c5d,success,raw_validated,,
SIH_RD,Ministerio da Saude / DATASUS,SIH/SUS AIH Reduzida TO 2024-06,https://datasus.saude.gov.br/transferencia-de-arquivos/,ftp://ftp.datasus.gov.br/dissemin/publicos/SIHSUS/200801_/Dados/RDTO2406.dbc,2024-06,2026-09-21T15:15:48.622866+00:00,DBC/DBF,RDTO2406.dbc,665964,9785c4501428e01213bc7c400e0d2468311563606c7a467ee2f2db4d0e6b493c,8978,dbf-fields-sha256:1346db65ec139f090f75a64b14d24eca6ee0e49f9726b65b3a0da3f360270c5d,success,raw_validated,,
SIH_RD,Ministerio da Saude / DATASUS,SIH/SUS AIH Reduzida TO 2024-07,https://datasus.saude.gov.br/transferencia-de-arquivos/,ftp://ftp.datasus.gov.br/dissemin/publicos/SIHSUS/200801_/Dados/RDTO2407.dbc,2024-07,2026-09-21T15:15:49.390712+00:00,DBC/DBF,RDTO2407.dbc,662917,ad102e623aabc6c801cdace02189292f2083610f1f4f8946878d67eb23b078ef,8841,dbf-fields-sha256:1346db65ec139f090f75a64b14d24eca6ee0e49f9726b65b3a0da3f360270c5d,success,raw_validated,,
SIH_RD,Ministerio da Saude / DATASUS,SIH/SUS AIH Reduzida TO 2024-08,https://datasus.saude.gov.br/transferencia-de-arquivos/,ftp://ftp.datasus.gov.br/dissemin/publicos/SIHSUS/200801_/Dados/RDTO2408.dbc,2024-08,2026-09-21T15:15:50.202880+00:00,DBC/DBF,RDTO2408.dbc,703719,9dda13ea5671a25f4d9b05396c58ea8c5d2056915d9e4681811c50e6620bf77b,9486,dbf-fields-sha256:1346db65ec139f090f75a64b14d24eca6ee0e49f9726b65b3a0da3f360270c5d,success,raw_validated,,
SIH_RD,Ministerio da Saude / DATASUS,SIH/SUS AIH Reduzida TO 2024-09,https://datasus.saude.gov.br/transferencia-de-arquivos/,ftp://ftp.datasus.gov.br/dissemin/publicos/SIHSUS/200801_/Dados/RDTO2409.dbc,2024-09,2026-09-21T15:15:50.988432+00:00,DBC/DBF,RDTO2409.dbc,691791,7c0d7521feae148b6adf8a1bc6a79c964819a2730b4761a43d9dd0a3dff1cfc6,9242,dbf-fields-sha256:1346db65ec139f090f75a64b14d24eca6ee0e49f9726b65b3a0da3f360270c5d,success,raw_validated,,
SIH_RD,Ministerio da Saude / DATASUS,SIH/SUS AIH Reduzida TO 2024-10,https://datasus.saude.gov.br/transferencia-de-arquivos/,ftp://ftp.datasus.gov.br/dissemin/publicos/SIHSUS/200801_/Dados/RDTO2410.dbc,2024-10,2026-09-21T15:15:51.760820+00:00,DBC/DBF,RDTO2410.dbc,678823,a83e3a8be969ff1ddfacb4e7db3540d4a9832696b8fc29df5b22efddd537790a,8976,dbf-fields-sha256:1346db65ec139f090f75a64b14d24eca6ee0e49f9726b65b3a0da3f360270c5d,success,raw_validated,,
SIH_RD,Ministerio da Saude / DATASUS,SIH/SUS AIH Reduzida TO 2024-11,https://datasus.saude.gov.br/transferencia-de-arquivos/,ftp://ftp.datasus.gov.br/dissemin/publicos/SIHSUS/200801_/Dados/RDTO2411.dbc,2024-11,2026-09-21T15:15:52.509207+00:00,DBC/DBF,RDTO2411.dbc,578398,c4dcada74b64795b8118adaeeb3e5558676e1e0b0962909895907db99439b236,7637,dbf-fields-sha256:1346db65ec139f090f75a64b14d24eca6ee0e49f9726b65b3a0da3f360270c5d,success,raw_validated,,
SIH_RD,Ministerio da Saude / DATASUS,SIH/SUS AIH Reduzida TO 2024-12,https://datasus.saude.gov.br/transferencia-de-arquivos/,ftp://ftp.datasus.gov.br/dissemin/publicos/SIHSUS/200801_/Dados/RDTO2412.dbc,2024-12,2026-09-21T15:15:53.336551+00:00,DBC/DBF,RDTO2412.dbc,648267,6ebf43cf2bf29d4108dba01379d1c6aa20057e192168c6442f7dcedac5036b23,8416,dbf-fields-sha256:1346db65ec139f090f75a64b14d24eca6ee0e49f9726b65b3a0da3f360270c5d,success,raw_validated,,
SIH_DOCUMENTACAO_RD,Ministerio da Saude / DATASUS,Informe Tecnico SIH/SUS - Layout RD,https://datasus.saude.gov.br/transferencia-de-arquivos/,ftp://ftp.datasus.gov.br/dissemin/publicos/SIHSUS/200801_/Doc/IT_SIHSUS_1603.pdf,layout-2008+,2026-09-21T15:31:00.064277+00:00,PDF,IT_SIHSUS_1603.pdf,57465,1e89d5f2cc41420385d7e30ba5541a387912ab3a0efb167d39def74502076220,113,sih-rd-layout-2016-03,success,raw_validated,,
CID10_TABELA,Ministerio da Saude / DATASUS,CID-10 tabelas SIM,ftp://ftp.datasus.gov.br/dissemin/publicos/SIM/CID10/TABELAS/,ftp://ftp.datasus.gov.br/dissemin/publicos/SIM/CID10/TABELAS/CID10.DBF,CID-10,2026-09-22T12:50:19.631160+00:00,DBF,CID10.DBF,841389,5c755bcdabc5396cfa1eff2aa3f6189aa7256b01eb10ce6ca890be0dda4dd717,14257,"CID10,OPC,CAT,SUBCAT,DESCR,RESTRSEXO",success,raw_validated,,
CID10_TABELA,Ministerio da Saude / DATASUS,CID-10 tabelas SIM,ftp://ftp.datasus.gov.br/dissemin/publicos/SIM/CID10/TABELAS/,ftp://ftp.datasus.gov.br/dissemin/publicos/SIM/CID10/TABELAS/CIDCAP10.DBF,CID-10,2026-09-22T12:50:19.901626+00:00,DBF,CIDCAP10.DBF,1594,8dea0a2454b775123c92bfa6eef0c4b0a0a9a4656a7d84ae8f7528bf38555684,22,"DESCRICAO,CAUSAS",success,raw_validated,,
SIM_DO,Ministerio da Saude / DATASUS,Declaracoes de Obito nacionais 2024,https://www.gov.br/saude/pt-br/acesso-a-informacao/sic/dados-em-transparencia-ativa/svsa/mortalidade,ftp://ftp.datasus.gov.br/dissemin/publicos/SIM/CID10/DORES/DOBR2024.dbc,2024,2026-09-22T13:34:12.116661+00:00,DBC,DOBR2024.dbc,137713772,bd5cbcd32e249a8d2851a479e389b05ec20648fc8d67d0e00c028316fbc4d0e0,1532015,dbf-fields-sha256:53408ac7fe887e24ce21a51ab2c819e8962977de128560b1148388338b487022,success,raw_validated,,
SINAN_SIFG,Ministerio da Saude / DATASUS,Sifilis em gestantes 2024 - avaliacao de fonte preliminar,https://www.gov.br/saude/pt-br/acesso-a-informacao/sic/dados-em-transparencia-ativa/svsa/agravos-de-notificacoes,ftp://ftp.datasus.gov.br/dissemin/publicos/SINAN/DADOS/PRELIM/SIFGBR24.dbc,2024,2026-09-22T16:28:31.534982+00:00,DBC,SIFGBR24.dbc,2607178,1bc199e9b20db9e80d36e730318b77479bd636ebacb6fb34a3cf88947ff0ab3d,89934,dbf-fields-sha256:6f68fac5ae0245f1f01d902ef0c25ad0bae974e376adea550f4f8afb1560c7d4,success,evaluated_not_integrated,,
SINAN_SIFG,Ministerio da Saude / DATASUS,Sifilis em gestantes 2024 - avaliacao de fonte preliminar,https://www.gov.br/saude/pt-br/acesso-a-informacao/sic/dados-em-transparencia-ativa/svsa/agravos-de-notificacoes,ftp://ftp.datasus.gov.br/dissemin/publicos/SINAN/DOCS/Docs_TAB_SINAN.zip,2024,2026-09-22T16:28:31.604955+00:00,ZIP,Docs_TAB_SINAN.zip,65650628,037e5d59597cb400c4b06c5d7a94b1d2f1daf9b59228120709816e547471a81a,168,zip-entries:168,success,evaluated_not_integrated,,
