competencia,codigo_territorio,territorio,grupo_morbidade,subgrupo,registros_aih,denominador_aih_obstetricas,proporcao_aih_obstetricas_pct,dias_permanencia,valor_total,obitos_hospitalares
202401,AC,Acre,complicacoes_gestacao,liquido_membranas_ou_placenta,12,980,1.2245,33,10796.33,0
202401,AC,Acre,complicacoes_parto,trabalho_de_parto_ou_parto,121,980,12.3469,419,96807.77,0
202401,AC,Acre,complicacoes_puerperais,outras_complicacoes_puerperais,3,980,0.3061,15,537.10,0
202401,AC,Acre,complicacoes_vasculares,complicacoes_venosas,1,980,0.102,4,165.44,0
202401,AC,Acre,desfecho_abortivo,gestacao_com_desfecho_abortivo,89,980,9.0816,116,18757.24,0
202401,AC,Acre,disturbios_metabolicos,diabetes_na_gestacao,18,980,1.8367,70,18624.01,0
202401,AC,Acre,hemorragias,outras_hemorragias_obstetricas,14,980,1.4286,26,1921.74,0
202401,AC,Acre,infeccoes,infeccao_geniturinaria_gestacao,19,980,1.9388,57,2564.31,0
202401,AC,Acre,infeccoes,infeccao_puerperal,12,980,1.2245,54,2412.65,0
202401,AC,Acre,outras_condicoes_maternas,doencas_classificadas_em_outros_capitulos,42,980,4.2857,164,8093.71,0
202401,AC,Acre,outras_condicoes_maternas,edema_proteinuria_sem_hipertensao,1,980,0.102,0,123.99,0
202401,AC,Acre,outras_condicoes_maternas,outras_condicoes_da_gestacao,7,980,0.7143,20,992.28,0
202401,AC,Acre,transtornos_hipertensivos,hipertensao_gestacional,5,980,0.5102,24,2177.00,0
202401,AC,Acre,transtornos_hipertensivos,outros_hipertensivos,1,980,0.102,2,706.81,0
202401,AC,Acre,transtornos_hipertensivos,pre_eclampsia,34,980,3.4694,108,27789.04,0
202401,AL,Alagoas,complicacoes_anestesicas,anestesia_obstetrica,1,3862,0.0259,4,187.30,0
202401,AL,Alagoas,complicacoes_gestacao,liquido_membranas_ou_placenta,262,3862,6.784,612,194450.83,0
202401,AL,Alagoas,complicacoes_parto,trabalho_de_parto_ou_parto,360,3862,9.3216,1155,303434.72,0
202401,AL,Alagoas,complicacoes_puerperais,outras_complicacoes_puerperais,55,3862,1.4241,138,8717.60,0
202401,AL,Alagoas,complicacoes_vasculares,complicacoes_venosas,22,3862,0.5697,73,3628.06,0
202401,AL,Alagoas,desfecho_abortivo,gestacao_com_desfecho_abortivo,266,3862,6.8876,510,72842.40,1
202401,AL,Alagoas,disturbios_metabolicos,diabetes_na_gestacao,57,3862,1.4759,294,42735.47,0
202401,AL,Alagoas,hemorragias,hemorragia_pos_parto,1,3862,0.0259,7,2303.90,0
202401,AL,Alagoas,hemorragias,outras_hemorragias_obstetricas,29,3862,0.7509,93,26326.01,0
202401,AL,Alagoas,infeccoes,infeccao_geniturinaria_gestacao,71,3862,1.8384,439,32817.97,0
202401,AL,Alagoas,infeccoes,infeccao_puerperal,29,3862,0.7509,164,6613.61,0
202401,AL,Alagoas,outras_condicoes_maternas,anemia_complicando_gestacao,2,3862,0.0518,7,303.38,0
202401,AL,Alagoas,outras_condicoes_maternas,doencas_classificadas_em_outros_capitulos,88,3862,2.2786,492,44890.85,0
202401,AL,Alagoas,outras_condicoes_maternas,edema_proteinuria_sem_hipertensao,1,3862,0.0259,3,133.24,0
202401,AL,Alagoas,outras_condicoes_maternas,outras_condicoes_da_gestacao,17,3862,0.4402,118,4974.18,0
202401,AL,Alagoas,transtornos_hipertensivos,eclampsia,4,3862,0.1036,7,3335.52,0
202401,AL,Alagoas,transtornos_hipertensivos,hipertensao_gestacional,33,3862,0.8545,120,19301.59,0
202401,AL,Alagoas,transtornos_hipertensivos,outros_hipertensivos,57,3862,1.4759,174,50867.18,0
202401,AL,Alagoas,transtornos_hipertensivos,pre_eclampsia,131,3862,3.392,812,129314.21,0
202401,AM,Amazonas,complicacoes_anestesicas,anestesia_obstetrica,2,4590,0.0436,9,414.66,0
202401,AM,Amazonas,complicacoes_gestacao,liquido_membranas_ou_placenta,98,4590,2.1351,384,94001.94,0
202401,AM,Amazonas,complicacoes_parto,trabalho_de_parto_ou_parto,460,4590,10.0218,1305,385008.39,0
202401,AM,Amazonas,complicacoes_puerperais,outras_complicacoes_puerperais,29,4590,0.6318,103,5758.48,0
202401,AM,Amazonas,complicacoes_vasculares,complicacoes_venosas,3,4590,0.0654,11,514.33,0
202401,AM,Amazonas,desfecho_abortivo,gestacao_com_desfecho_abortivo,313,4590,6.8192,564,77677.27,0
202401,AM,Amazonas,disturbios_metabolicos,diabetes_na_gestacao,10,4590,0.2179,66,8676.69,0
202401,AM,Amazonas,hemorragias,hemorragia_pos_parto,2,4590,0.0436,6,405.44,0
202401,AM,Amazonas,hemorragias,outras_hemorragias_obstetricas,76,4590,1.6558,208,17826.55,0
202401,AM,Amazonas,infeccoes,infeccao_geniturinaria_gestacao,158,4590,3.4423,546,22301.31,0
202401,AM,Amazonas,infeccoes,infeccao_puerperal,39,4590,0.8497,197,9371.41,0
202401,AM,Amazonas,outras_condicoes_maternas,anemia_complicando_gestacao,1,4590,0.0218,2,125.24,0
202401,AM,Amazonas,outras_condicoes_maternas,doencas_classificadas_em_outros_capitulos,47,4590,1.024,196,14450.29,0
202401,AM,Amazonas,outras_condicoes_maternas,outras_condicoes_da_gestacao,12,4590,0.2614,37,2531.72,0
202401,AM,Amazonas,transtornos_hipertensivos,eclampsia,11,4590,0.2397,41,10208.75,0
202401,AM,Amazonas,transtornos_hipertensivos,hipertensao_gestacional,28,4590,0.61,133,21147.36,0
202401,AM,Amazonas,transtornos_hipertensivos,outros_hipertensivos,16,4590,0.3486,40,10211.49,0
202401,AM,Amazonas,transtornos_hipertensivos,pre_eclampsia,88,4590,1.9172,276,59574.44,0
202401,AP,Amapá,complicacoes_gestacao,liquido_membranas_ou_placenta,34,1294,2.6275,109,24860.91,0
202401,AP,Amapá,complicacoes_parto,trabalho_de_parto_ou_parto,163,1294,12.5966,573,121933.53,0
202401,AP,Amapá,complicacoes_puerperais,outras_complicacoes_puerperais,1,1294,0.0773,5,316.30,0
202401,AP,Amapá,desfecho_abortivo,gestacao_com_desfecho_abortivo,80,1294,6.1824,145,20670.16,0
202401,AP,Amapá,disturbios_metabolicos,diabetes_na_gestacao,27,1294,2.0866,101,15931.69,0
202401,AP,Amapá,hemorragias,hemorragia_pos_parto,2,1294,0.1546,2,682.74,0
202401,AP,Amapá,hemorragias,outras_hemorragias_obstetricas,11,1294,0.8501,23,2733.14,0
202401,AP,Amapá,infeccoes,infeccao_geniturinaria_gestacao,18,1294,1.391,89,2725.62,0
202401,AP,Amapá,infeccoes,infeccao_puerperal,15,1294,1.1592,72,3083.55,0
202401,AP,Amapá,outras_condicoes_maternas,anemia_complicando_gestacao,1,1294,0.0773,8,109.24,0
202401,AP,Amapá,outras_condicoes_maternas,doencas_classificadas_em_outros_capitulos,29,1294,2.2411,151,6377.60,1
202401,AP,Amapá,outras_condicoes_maternas,outras_condicoes_da_gestacao,1,1294,0.0773,22,206.64,0
202401,AP,Amapá,transtornos_hipertensivos,eclampsia,1,1294,0.0773,1,109.24,0
202401,AP,Amapá,transtornos_hipertensivos,hipertensao_gestacional,46,1294,3.5549,203,29246.71,0
202401,AP,Amapá,transtornos_hipertensivos,outros_hipertensivos,27,1294,2.0866,158,17293.59,0
202401,AP,Amapá,transtornos_hipertensivos,pre_eclampsia,18,1294,1.391,105,13928.45,0
202401,BA,Bahia,complicacoes_anestesicas,anestesia_obstetrica,12,13280,0.0904,29,1967.69,0
202401,BA,Bahia,complicacoes_gestacao,liquido_membranas_ou_placenta,375,13280,2.8238,1106,276297.70,1
202401,BA,Bahia,complicacoes_parto,trabalho_de_parto_ou_parto,1151,13280,8.6672,3368,717949.59,0
202401,BA,Bahia,complicacoes_puerperais,outras_complicacoes_puerperais,94,13280,0.7078,394,55559.54,0
202401,BA,Bahia,complicacoes_vasculares,complicacoes_venosas,15,13280,0.113,135,7782.02,1
202401,BA,Bahia,complicacoes_vasculares,embolia_obstetrica,1,13280,0.0075,1,443.40,0
202401,BA,Bahia,desfecho_abortivo,gestacao_com_desfecho_abortivo,1366,13280,10.2861,2452,315405.47,0
202401,BA,Bahia,disturbios_metabolicos,diabetes_na_gestacao,240,13280,1.8072,1112,126396.11,0
202401,BA,Bahia,hemorragias,hemorragia_pos_parto,16,13280,0.1205,45,4974.00,0
202401,BA,Bahia,hemorragias,outras_hemorragias_obstetricas,291,13280,2.1913,717,71548.99,0
202401,BA,Bahia,infeccoes,infeccao_geniturinaria_gestacao,225,13280,1.6943,847,40243.61,0
202401,BA,Bahia,infeccoes,infeccao_puerperal,101,13280,0.7605,576,37725.37,0
202401,BA,Bahia,outras_condicoes_maternas,anemia_complicando_gestacao,7,13280,0.0527,28,1438.39,0
202401,BA,Bahia,outras_condicoes_maternas,doencas_classificadas_em_outros_capitulos,535,13280,4.0286,2220,182697.95,0
202401,BA,Bahia,outras_condicoes_maternas,edema_proteinuria_sem_hipertensao,4,13280,0.0301,14,1284.94,0
202401,BA,Bahia,outras_condicoes_maternas,outras_condicoes_da_gestacao,105,13280,0.7907,355,19249.78,0
202401,BA,Bahia,transtornos_hipertensivos,eclampsia,15,13280,0.113,68,13451.23,0
202401,BA,Bahia,transtornos_hipertensivos,hipertensao_gestacional,214,13280,1.6114,717,130486.37,1
202401,BA,Bahia,transtornos_hipertensivos,outros_hipertensivos,201,13280,1.5136,768,124768.17,0
202401,BA,Bahia,transtornos_hipertensivos,pre_eclampsia,212,13280,1.5964,1023,169790.47,0
202401,CE,Ceará,complicacoes_anestesicas,anestesia_obstetrica,14,8675,0.1614,28,2805.64,0
202401,CE,Ceará,complicacoes_gestacao,liquido_membranas_ou_placenta,500,8675,5.7637,1317,357919.23,0
202401,CE,Ceará,complicacoes_parto,trabalho_de_parto_ou_parto,1039,8675,11.9769,2640,647291.89,0
202401,CE,Ceará,complicacoes_puerperais,outras_complicacoes_puerperais,30,8675,0.3458,167,9675.37,0
202401,CE,Ceará,complicacoes_vasculares,complicacoes_venosas,13,8675,0.1499,70,3148.25,0
202401,CE,Ceará,complicacoes_vasculares,embolia_obstetrica,1,8675,0.0115,1,639.11,0
202401,CE,Ceará,desfecho_abortivo,gestacao_com_desfecho_abortivo,798,8675,9.1988,1338,188829.11,1
202401,CE,Ceará,disturbios_metabolicos,diabetes_na_gestacao,334,8675,3.8501,1423,197040.93,0
202401,CE,Ceará,hemorragias,hemorragia_pos_parto,10,8675,0.1153,15,2334.56,0
202401,CE,Ceará,hemorragias,outras_hemorragias_obstetricas,129,8675,1.487,257,50404.20,0
202401,CE,Ceará,infeccoes,infeccao_geniturinaria_gestacao,150,8675,1.7291,673,26184.69,0
202401,CE,Ceará,infeccoes,infeccao_puerperal,63,8675,0.7262,333,18054.42,0
202401,CE,Ceará,outras_condicoes_maternas,anemia_complicando_gestacao,1,8675,0.0115,4,1251.43,0
202401,CE,Ceará,outras_condicoes_maternas,doencas_classificadas_em_outros_capitulos,384,8675,4.4265,1450,99982.06,0
202401,CE,Ceará,outras_condicoes_maternas,outras_condicoes_da_gestacao,66,8675,0.7608,241,24312.01,0
202401,CE,Ceará,transtornos_hipertensivos,eclampsia,33,8675,0.3804,116,14112.20,0
202401,CE,Ceará,transtornos_hipertensivos,hipertensao_gestacional,111,8675,1.2795,363,75358.07,0
202401,CE,Ceará,transtornos_hipertensivos,outros_hipertensivos,96,8675,1.1066,370,64058.16,0
202401,CE,Ceará,transtornos_hipertensivos,pre_eclampsia,535,8675,6.1671,2419,423242.79,0
202401,DF,Distrito Federal,complicacoes_anestesicas,anestesia_obstetrica,13,2958,0.4395,24,2165.37,0
202401,DF,Distrito Federal,complicacoes_gestacao,liquido_membranas_ou_placenta,86,2958,2.9074,347,60199.21,0
202401,DF,Distrito Federal,complicacoes_parto,trabalho_de_parto_ou_parto,669,2958,22.6166,1830,316050.03,0
202401,DF,Distrito Federal,complicacoes_puerperais,outras_complicacoes_puerperais,57,2958,1.927,275,18146.80,0
202401,DF,Distrito Federal,complicacoes_vasculares,complicacoes_venosas,3,2958,0.1014,20,1173.27,0
202401,DF,Distrito Federal,desfecho_abortivo,gestacao_com_desfecho_abortivo,192,2958,6.4909,243,41827.04,0
202401,DF,Distrito Federal,disturbios_metabolicos,diabetes_na_gestacao,81,2958,2.7383,358,42620.64,0
202401,DF,Distrito Federal,hemorragias,hemorragia_pos_parto,5,2958,0.169,7,2284.54,0
202401,DF,Distrito Federal,hemorragias,outras_hemorragias_obstetricas,53,2958,1.7918,153,16764.45,0
202401,DF,Distrito Federal,infeccoes,infeccao_geniturinaria_gestacao,55,2958,1.8594,183,8675.72,0
202401,DF,Distrito Federal,infeccoes,infeccao_puerperal,24,2958,0.8114,110,5408.56,0
202401,DF,Distrito Federal,outras_condicoes_maternas,anemia_complicando_gestacao,1,2958,0.0338,6,158.24,0
202401,DF,Distrito Federal,outras_condicoes_maternas,doencas_classificadas_em_outros_capitulos,114,2958,3.854,541,39200.59,1
202401,DF,Distrito Federal,outras_condicoes_maternas,edema_proteinuria_sem_hipertensao,3,2958,0.1014,17,709.61,0
202401,DF,Distrito Federal,outras_condicoes_maternas,outras_condicoes_da_gestacao,30,2958,1.0142,92,5966.87,0
202401,DF,Distrito Federal,transtornos_hipertensivos,eclampsia,9,2958,0.3043,53,12832.94,0
202401,DF,Distrito Federal,transtornos_hipertensivos,hipertensao_gestacional,75,2958,2.5355,278,33865.59,0
202401,DF,Distrito Federal,transtornos_hipertensivos,outros_hipertensivos,50,2958,1.6903,265,27559.43,0
202401,DF,Distrito Federal,transtornos_hipertensivos,pre_eclampsia,55,2958,1.8594,223,38770.24,0
202401,ES,Espírito Santo,complicacoes_anestesicas,anestesia_obstetrica,3,3834,0.0782,5,479.90,0
202401,ES,Espírito Santo,complicacoes_gestacao,liquido_membranas_ou_placenta,185,3834,4.8252,495,138744.40,1
202401,ES,Espírito Santo,complicacoes_parto,trabalho_de_parto_ou_parto,437,3834,11.398,1150,309843.83,1
202401,ES,Espírito Santo,complicacoes_puerperais,outras_complicacoes_puerperais,14,3834,0.3652,55,12537.19,0
202401,ES,Espírito Santo,complicacoes_vasculares,complicacoes_venosas,1,3834,0.0261,15,408.57,0
202401,ES,Espírito Santo,desfecho_abortivo,gestacao_com_desfecho_abortivo,312,3834,8.1377,535,91033.40,0
202401,ES,Espírito Santo,disturbios_metabolicos,diabetes_na_gestacao,208,3834,5.4251,729,166836.27,0
202401,ES,Espírito Santo,hemorragias,hemorragia_pos_parto,1,3834,0.0261,0,637.19,0
202401,ES,Espírito Santo,hemorragias,outras_hemorragias_obstetricas,55,3834,1.4345,160,20708.11,0
202401,ES,Espírito Santo,infeccoes,infeccao_geniturinaria_gestacao,55,3834,1.4345,258,9169.72,0
202401,ES,Espírito Santo,infeccoes,infeccao_puerperal,40,3834,1.0433,198,12089.39,0
202401,ES,Espírito Santo,outras_condicoes_maternas,anemia_complicando_gestacao,2,3834,0.0522,4,323.04,0
202401,ES,Espírito Santo,outras_condicoes_maternas,doencas_classificadas_em_outros_capitulos,81,3834,2.1127,291,27814.70,0
202401,ES,Espírito Santo,outras_condicoes_maternas,outras_condicoes_da_gestacao,37,3834,0.965,111,7609.87,0
202401,ES,Espírito Santo,transtornos_hipertensivos,eclampsia,10,3834,0.2608,37,13563.06,0
202401,ES,Espírito Santo,transtornos_hipertensivos,hipertensao_gestacional,51,3834,1.3302,199,38106.53,0
202401,ES,Espírito Santo,transtornos_hipertensivos,outros_hipertensivos,173,3834,4.5123,481,172371.63,0
202401,ES,Espírito Santo,transtornos_hipertensivos,pre_eclampsia,57,3834,1.4867,211,51629.74,0
202401,GO,Goiás,complicacoes_anestesicas,anestesia_obstetrica,13,5749,0.2261,49,4497.91,0
202401,GO,Goiás,complicacoes_gestacao,liquido_membranas_ou_placenta,210,5749,3.6528,632,151190.63,0
202401,GO,Goiás,complicacoes_parto,trabalho_de_parto_ou_parto,752,5749,13.0805,2032,466641.10,1
202401,GO,Goiás,complicacoes_puerperais,outras_complicacoes_puerperais,54,5749,0.9393,206,24784.72,0
202401,GO,Goiás,complicacoes_vasculares,complicacoes_venosas,2,5749,0.0348,6,310.02,0
202401,GO,Goiás,desfecho_abortivo,gestacao_com_desfecho_abortivo,405,5749,7.0447,666,124046.58,0
202401,GO,Goiás,disturbios_metabolicos,diabetes_na_gestacao,120,5749,2.0873,448,67246.59,0
202401,GO,Goiás,hemorragias,hemorragia_pos_parto,2,5749,0.0348,2,1200.38,0
202401,GO,Goiás,hemorragias,outras_hemorragias_obstetricas,139,5749,2.4178,285,37022.16,0
202401,GO,Goiás,infeccoes,infeccao_geniturinaria_gestacao,73,5749,1.2698,249,15878.86,0
202401,GO,Goiás,infeccoes,infeccao_puerperal,36,5749,0.6262,164,18494.81,0
202401,GO,Goiás,outras_condicoes_maternas,anemia_complicando_gestacao,4,5749,0.0696,18,1042.40,0
202401,GO,Goiás,outras_condicoes_maternas,doencas_classificadas_em_outros_capitulos,249,5749,4.3312,1133,140044.04,1
202401,GO,Goiás,outras_condicoes_maternas,outras_condicoes_da_gestacao,40,5749,0.6958,125,9497.93,0
202401,GO,Goiás,transtornos_hipertensivos,eclampsia,17,5749,0.2957,59,12931.60,0
202401,GO,Goiás,transtornos_hipertensivos,hipertensao_gestacional,49,5749,0.8523,140,26144.42,0
202401,GO,Goiás,transtornos_hipertensivos,outros_hipertensivos,102,5749,1.7742,398,87823.35,1
202401,GO,Goiás,transtornos_hipertensivos,pre_eclampsia,139,5749,2.4178,479,98384.61,0
202401,MA,Maranhão,complicacoes_anestesicas,anestesia_obstetrica,9,7645,0.1177,31,7862.91,0
202401,MA,Maranhão,complicacoes_gestacao,liquido_membranas_ou_placenta,269,7645,3.5186,910,202648.42,0
202401,MA,Maranhão,complicacoes_parto,trabalho_de_parto_ou_parto,1079,7645,14.1138,3155,825674.25,1
202401,MA,Maranhão,complicacoes_puerperais,outras_complicacoes_puerperais,16,7645,0.2093,139,4987.64,0
202401,MA,Maranhão,complicacoes_vasculares,complicacoes_venosas,13,7645,0.17,58,3346.12,0
202401,MA,Maranhão,complicacoes_vasculares,embolia_obstetrica,1,7645,0.0131,2,359.43,0
202401,MA,Maranhão,desfecho_abortivo,gestacao_com_desfecho_abortivo,662,7645,8.6593,1372,199959.70,0
202401,MA,Maranhão,disturbios_metabolicos,diabetes_na_gestacao,67,7645,0.8764,254,47954.09,0
202401,MA,Maranhão,hemorragias,hemorragia_pos_parto,5,7645,0.0654,17,1018.58,0
202401,MA,Maranhão,hemorragias,outras_hemorragias_obstetricas,109,7645,1.4258,297,35879.96,0
202401,MA,Maranhão,infeccoes,infeccao_geniturinaria_gestacao,55,7645,0.7194,191,8831.91,0
202401,MA,Maranhão,infeccoes,infeccao_puerperal,58,7645,0.7587,347,16115.77,0
202401,MA,Maranhão,outras_condicoes_maternas,anemia_complicando_gestacao,4,7645,0.0523,7,605.69,0
202401,MA,Maranhão,outras_condicoes_maternas,doencas_classificadas_em_outros_capitulos,54,7645,0.7063,164,12420.06,0
202401,MA,Maranhão,outras_condicoes_maternas,outras_condicoes_da_gestacao,51,7645,0.6671,168,13737.31,0
202401,MA,Maranhão,transtornos_hipertensivos,eclampsia,19,7645,0.2485,71,28880.83,1
202401,MA,Maranhão,transtornos_hipertensivos,hipertensao_gestacional,49,7645,0.6409,270,38954.11,0
202401,MA,Maranhão,transtornos_hipertensivos,outros_hipertensivos,110,7645,1.4388,412,80615.71,0
202401,MA,Maranhão,transtornos_hipertensivos,pre_eclampsia,153,7645,2.0013,601,127827.30,0
202401,MG,Minas Gerais,complicacoes_anestesicas,anestesia_obstetrica,9,15889,0.0566,12,1390.77,0
202401,MG,Minas Gerais,complicacoes_gestacao,liquido_membranas_ou_placenta,486,15889,3.0587,1258,365097.95,0
202401,MG,Minas Gerais,complicacoes_parto,trabalho_de_parto_ou_parto,1055,15889,6.6398,2456,659775.80,0
202401,MG,Minas Gerais,complicacoes_puerperais,outras_complicacoes_puerperais,45,15889,0.2832,127,12420.37,0
202401,MG,Minas Gerais,complicacoes_vasculares,complicacoes_venosas,27,15889,0.1699,106,5577.76,0
202401,MG,Minas Gerais,desfecho_abortivo,gestacao_com_desfecho_abortivo,1189,15889,7.4832,1607,365833.49,0
202401,MG,Minas Gerais,disturbios_metabolicos,diabetes_na_gestacao,285,15889,1.7937,1001,183613.21,0
202401,MG,Minas Gerais,hemorragias,hemorragia_pos_parto,33,15889,0.2077,76,22638.86,0
202401,MG,Minas Gerais,hemorragias,outras_hemorragias_obstetricas,315,15889,1.9825,540,81781.41,0
202401,MG,Minas Gerais,infeccoes,infeccao_geniturinaria_gestacao,189,15889,1.1895,674,39202.77,0
202401,MG,Minas Gerais,infeccoes,infeccao_puerperal,84,15889,0.5287,357,42668.67,0
202401,MG,Minas Gerais,outras_condicoes_maternas,anemia_complicando_gestacao,6,15889,0.0378,30,4533.21,0
202401,MG,Minas Gerais,outras_condicoes_maternas,doencas_classificadas_em_outros_capitulos,371,15889,2.3349,1122,117280.85,0
202401,MG,Minas Gerais,outras_condicoes_maternas,edema_proteinuria_sem_hipertensao,5,15889,0.0315,23,3095.88,0
202401,MG,Minas Gerais,outras_condicoes_maternas,outras_condicoes_da_gestacao,164,15889,1.0322,501,64090.17,0
202401,MG,Minas Gerais,transtornos_hipertensivos,eclampsia,43,15889,0.2706,137,25101.74,1
202401,MG,Minas Gerais,transtornos_hipertensivos,hipertensao_gestacional,147,15889,0.9252,495,86271.95,0
202401,MG,Minas Gerais,transtornos_hipertensivos,outros_hipertensivos,243,15889,1.5294,714,193950.47,0
202401,MG,Minas Gerais,transtornos_hipertensivos,pre_eclampsia,293,15889,1.844,1132,210267.05,0
202401,MS,Mato Grosso do Sul,complicacoes_anestesicas,anestesia_obstetrica,4,2862,0.1398,8,734.23,0
202401,MS,Mato Grosso do Sul,complicacoes_gestacao,liquido_membranas_ou_placenta,121,2862,4.2278,427,86831.83,0
202401,MS,Mato Grosso do Sul,complicacoes_parto,trabalho_de_parto_ou_parto,350,2862,12.2292,878,176971.44,0
202401,MS,Mato Grosso do Sul,complicacoes_puerperais,outras_complicacoes_puerperais,16,2862,0.559,36,3669.17,0
202401,MS,Mato Grosso do Sul,complicacoes_vasculares,complicacoes_venosas,1,2862,0.0349,2,109.24,0
202401,MS,Mato Grosso do Sul,complicacoes_vasculares,embolia_obstetrica,1,2862,0.0349,7,231.44,0
202401,MS,Mato Grosso do Sul,desfecho_abortivo,gestacao_com_desfecho_abortivo,231,2862,8.0713,368,64161.03,0
202401,MS,Mato Grosso do Sul,disturbios_metabolicos,diabetes_na_gestacao,43,2862,1.5024,143,37041.23,0
202401,MS,Mato Grosso do Sul,hemorragias,hemorragia_pos_parto,6,2862,0.2096,14,1879.57,0
202401,MS,Mato Grosso do Sul,hemorragias,outras_hemorragias_obstetricas,46,2862,1.6073,91,13214.65,0
202401,MS,Mato Grosso do Sul,infeccoes,infeccao_geniturinaria_gestacao,68,2862,2.376,272,10361.77,0
202401,MS,Mato Grosso do Sul,infeccoes,infeccao_puerperal,19,2862,0.6639,69,4042.33,0
202401,MS,Mato Grosso do Sul,outras_condicoes_maternas,doencas_classificadas_em_outros_capitulos,202,2862,7.058,686,93786.81,0
202401,MS,Mato Grosso do Sul,outras_condicoes_maternas,outras_condicoes_da_gestacao,18,2862,0.6289,68,3843.69,0
202401,MS,Mato Grosso do Sul,transtornos_hipertensivos,eclampsia,11,2862,0.3843,46,5760.70,0
202401,MS,Mato Grosso do Sul,transtornos_hipertensivos,hipertensao_gestacional,48,2862,1.6771,151,33045.38,0
202401,MS,Mato Grosso do Sul,transtornos_hipertensivos,outros_hipertensivos,47,2862,1.6422,159,34246.88,0
202401,MS,Mato Grosso do Sul,transtornos_hipertensivos,pre_eclampsia,83,2862,2.9001,304,58285.84,0
202401,MT,Mato Grosso,complicacoes_anestesicas,anestesia_obstetrica,7,3976,0.1761,32,7488.28,0
202401,MT,Mato Grosso,complicacoes_gestacao,liquido_membranas_ou_placenta,79,3976,1.9869,248,57735.50,0
202401,MT,Mato Grosso,complicacoes_parto,trabalho_de_parto_ou_parto,430,3976,10.8149,1120,263796.97,0
202401,MT,Mato Grosso,complicacoes_puerperais,outras_complicacoes_puerperais,18,3976,0.4527,90,6431.30,0
202401,MT,Mato Grosso,complicacoes_vasculares,complicacoes_venosas,8,3976,0.2012,26,1507.61,0
202401,MT,Mato Grosso,desfecho_abortivo,gestacao_com_desfecho_abortivo,326,3976,8.1992,553,90288.31,0
202401,MT,Mato Grosso,disturbios_metabolicos,diabetes_na_gestacao,102,3976,2.5654,249,32054.13,0
202401,MT,Mato Grosso,hemorragias,hemorragia_pos_parto,3,3976,0.0755,8,730.83,0
202401,MT,Mato Grosso,hemorragias,outras_hemorragias_obstetricas,105,3976,2.6408,252,23131.44,0
202401,MT,Mato Grosso,infeccoes,infeccao_geniturinaria_gestacao,97,3976,2.4396,324,19872.44,0
202401,MT,Mato Grosso,infeccoes,infeccao_puerperal,25,3976,0.6288,87,5924.59,0
202401,MT,Mato Grosso,outras_condicoes_maternas,anemia_complicando_gestacao,2,3976,0.0503,8,1261.54,0
202401,MT,Mato Grosso,outras_condicoes_maternas,doencas_classificadas_em_outros_capitulos,140,3976,3.5211,471,34857.18,0
202401,MT,Mato Grosso,outras_condicoes_maternas,edema_proteinuria_sem_hipertensao,2,3976,0.0503,3,340.88,0
202401,MT,Mato Grosso,outras_condicoes_maternas,outras_condicoes_da_gestacao,25,3976,0.6288,83,10504.57,0
202401,MT,Mato Grosso,transtornos_hipertensivos,eclampsia,12,3976,0.3018,50,21095.94,1
202401,MT,Mato Grosso,transtornos_hipertensivos,hipertensao_gestacional,65,3976,1.6348,222,41901.51,0
202401,MT,Mato Grosso,transtornos_hipertensivos,outros_hipertensivos,39,3976,0.9809,108,24315.57,0
202401,MT,Mato Grosso,transtornos_hipertensivos,pre_eclampsia,74,3976,1.8612,236,75250.63,1
202401,PA,Pará,complicacoes_anestesicas,anestesia_obstetrica,9,10351,0.0869,15,1207.70,0
202401,PA,Pará,complicacoes_gestacao,liquido_membranas_ou_placenta,342,10351,3.304,886,259791.23,0
202401,PA,Pará,complicacoes_parto,trabalho_de_parto_ou_parto,2053,10351,19.8338,4964,1403744.45,1
202401,PA,Pará,complicacoes_puerperais,outras_complicacoes_puerperais,34,10351,0.3285,158,12515.16,0
202401,PA,Pará,complicacoes_vasculares,complicacoes_venosas,11,10351,0.1063,53,9189.53,0
202401,PA,Pará,desfecho_abortivo,gestacao_com_desfecho_abortivo,742,10351,7.1684,1245,177941.23,0
202401,PA,Pará,disturbios_metabolicos,diabetes_na_gestacao,42,10351,0.4058,148,22000.94,0
202401,PA,Pará,hemorragias,hemorragia_pos_parto,8,10351,0.0773,32,2374.45,0
202401,PA,Pará,hemorragias,outras_hemorragias_obstetricas,226,10351,2.1834,556,67948.08,0
202401,PA,Pará,infeccoes,infeccao_geniturinaria_gestacao,293,10351,2.8306,911,49576.74,0
202401,PA,Pará,infeccoes,infeccao_puerperal,64,10351,0.6183,302,22028.13,1
202401,PA,Pará,outras_condicoes_maternas,anemia_complicando_gestacao,5,10351,0.0483,35,906.82,0
202401,PA,Pará,outras_condicoes_maternas,doencas_classificadas_em_outros_capitulos,214,10351,2.0674,817,47494.74,0
202401,PA,Pará,outras_condicoes_maternas,edema_proteinuria_sem_hipertensao,3,10351,0.029,10,810.96,0
202401,PA,Pará,outras_condicoes_maternas,outras_condicoes_da_gestacao,39,10351,0.3768,136,11384.51,0
202401,PA,Pará,transtornos_hipertensivos,eclampsia,33,10351,0.3188,119,35762.83,0
202401,PA,Pará,transtornos_hipertensivos,hipertensao_gestacional,86,10351,0.8308,260,44986.40,0
202401,PA,Pará,transtornos_hipertensivos,outros_hipertensivos,44,10351,0.4251,191,33741.35,0
202401,PA,Pará,transtornos_hipertensivos,pre_eclampsia,320,10351,3.0915,1147,279337.21,0
202401,PB,Paraíba,complicacoes_anestesicas,anestesia_obstetrica,8,3633,0.2202,14,1684.89,0
202401,PB,Paraíba,complicacoes_gestacao,liquido_membranas_ou_placenta,160,3633,4.4041,614,136849.25,0
202401,PB,Paraíba,complicacoes_parto,trabalho_de_parto_ou_parto,637,3633,17.5337,1574,553432.94,0
202401,PB,Paraíba,complicacoes_puerperais,outras_complicacoes_puerperais,32,3633,0.8808,132,15458.80,0
202401,PB,Paraíba,complicacoes_vasculares,complicacoes_venosas,4,3633,0.1101,23,3025.08,0
202401,PB,Paraíba,complicacoes_vasculares,embolia_obstetrica,1,3633,0.0275,5,179.50,0
202401,PB,Paraíba,desfecho_abortivo,gestacao_com_desfecho_abortivo,320,3633,8.8081,810,79058.71,0
202401,PB,Paraíba,disturbios_metabolicos,diabetes_na_gestacao,188,3633,5.1748,823,163363.02,0
202401,PB,Paraíba,hemorragias,hemorragia_pos_parto,3,3633,0.0826,4,588.64,0
202401,PB,Paraíba,hemorragias,outras_hemorragias_obstetricas,40,3633,1.101,108,20923.76,0
202401,PB,Paraíba,infeccoes,infeccao_geniturinaria_gestacao,30,3633,0.8258,198,15427.14,0
202401,PB,Paraíba,infeccoes,infeccao_puerperal,14,3633,0.3854,119,7058.37,0
202401,PB,Paraíba,outras_condicoes_maternas,anemia_complicando_gestacao,4,3633,0.1101,21,1940.98,0
202401,PB,Paraíba,outras_condicoes_maternas,doencas_classificadas_em_outros_capitulos,98,3633,2.6975,521,59904.97,0
202401,PB,Paraíba,outras_condicoes_maternas,outras_condicoes_da_gestacao,5,3633,0.1376,25,3303.50,0
202401,PB,Paraíba,transtornos_hipertensivos,eclampsia,16,3633,0.4404,51,20430.55,0
202401,PB,Paraíba,transtornos_hipertensivos,hipertensao_gestacional,24,3633,0.6606,72,24934.54,0
202401,PB,Paraíba,transtornos_hipertensivos,outros_hipertensivos,43,3633,1.1836,126,49042.15,0
202401,PB,Paraíba,transtornos_hipertensivos,pre_eclampsia,188,3633,5.1748,825,254679.65,0
202401,PE,Pernambuco,complicacoes_anestesicas,anestesia_obstetrica,10,8812,0.1135,32,1725.14,0
202401,PE,Pernambuco,complicacoes_gestacao,liquido_membranas_ou_placenta,667,8812,7.5692,1697,484350.99,0
202401,PE,Pernambuco,complicacoes_parto,trabalho_de_parto_ou_parto,646,8812,7.3309,1638,339643.06,0
202401,PE,Pernambuco,complicacoes_puerperais,outras_complicacoes_puerperais,35,8812,0.3972,150,19376.61,0
202401,PE,Pernambuco,complicacoes_vasculares,complicacoes_venosas,9,8812,0.1021,49,10553.87,0
202401,PE,Pernambuco,desfecho_abortivo,gestacao_com_desfecho_abortivo,661,8812,7.5011,1263,169526.42,1
202401,PE,Pernambuco,disturbios_metabolicos,diabetes_na_gestacao,315,8812,3.5747,1139,223095.29,0
202401,PE,Pernambuco,hemorragias,hemorragia_pos_parto,18,8812,0.2043,39,7580.72,0
202401,PE,Pernambuco,hemorragias,outras_hemorragias_obstetricas,63,8812,0.7149,216,35193.72,0
202401,PE,Pernambuco,infeccoes,infeccao_geniturinaria_gestacao,102,8812,1.1575,462,25716.58,0
202401,PE,Pernambuco,infeccoes,infeccao_puerperal,103,8812,1.1689,564,43097.55,0
202401,PE,Pernambuco,outras_condicoes_maternas,anemia_complicando_gestacao,7,8812,0.0794,35,4918.35,0
202401,PE,Pernambuco,outras_condicoes_maternas,doencas_classificadas_em_outros_capitulos,127,8812,1.4412,577,55477.03,0
202401,PE,Pernambuco,outras_condicoes_maternas,edema_proteinuria_sem_hipertensao,1,8812,0.0113,0,40.38,0
202401,PE,Pernambuco,outras_condicoes_maternas,outras_condicoes_da_gestacao,14,8812,0.1589,44,9724.14,0
202401,PE,Pernambuco,transtornos_hipertensivos,eclampsia,11,8812,0.1248,53,17379.82,0
202401,PE,Pernambuco,transtornos_hipertensivos,hipertensao_gestacional,260,8812,2.9505,965,189982.76,1
202401,PE,Pernambuco,transtornos_hipertensivos,outros_hipertensivos,290,8812,3.291,887,240959.67,0
202401,PE,Pernambuco,transtornos_hipertensivos,pre_eclampsia,407,8812,4.6187,1819,368361.76,0
202401,PI,Piauí,complicacoes_anestesicas,anestesia_obstetrica,4,3309,0.1209,10,585.15,0
202401,PI,Piauí,complicacoes_gestacao,liquido_membranas_ou_placenta,129,3309,3.8985,396,101197.44,1
202401,PI,Piauí,complicacoes_parto,trabalho_de_parto_ou_parto,555,3309,16.7724,1400,363672.69,0
202401,PI,Piauí,complicacoes_puerperais,outras_complicacoes_puerperais,17,3309,0.5138,50,2808.06,0
202401,PI,Piauí,complicacoes_vasculares,complicacoes_venosas,2,3309,0.0604,10,6191.38,0
202401,PI,Piauí,desfecho_abortivo,gestacao_com_desfecho_abortivo,283,3309,8.5524,504,63375.30,1
202401,PI,Piauí,disturbios_metabolicos,diabetes_na_gestacao,35,3309,1.0577,273,27439.45,0
202401,PI,Piauí,hemorragias,hemorragia_pos_parto,2,3309,0.0604,7,373.92,0
202401,PI,Piauí,hemorragias,outras_hemorragias_obstetricas,68,3309,2.055,177,16141.75,0
202401,PI,Piauí,infeccoes,infeccao_geniturinaria_gestacao,40,3309,1.2088,111,5764.35,0
202401,PI,Piauí,infeccoes,infeccao_puerperal,23,3309,0.6951,125,4483.02,0
202401,PI,Piauí,outras_condicoes_maternas,doencas_classificadas_em_outros_capitulos,126,3309,3.8078,579,54273.10,0
202401,PI,Piauí,outras_condicoes_maternas,edema_proteinuria_sem_hipertensao,1,3309,0.0302,2,203.82,0
202401,PI,Piauí,outras_condicoes_maternas,outras_condicoes_da_gestacao,24,3309,0.7253,70,3485.42,0
202401,PI,Piauí,transtornos_hipertensivos,eclampsia,8,3309,0.2418,24,3463.11,0
202401,PI,Piauí,transtornos_hipertensivos,hipertensao_gestacional,12,3309,0.3626,22,5248.51,0
202401,PI,Piauí,transtornos_hipertensivos,outros_hipertensivos,26,3309,0.7857,94,21893.59,0
202401,PI,Piauí,transtornos_hipertensivos,pre_eclampsia,163,3309,4.926,690,143430.55,0
202401,PR,Paraná,complicacoes_anestesicas,anestesia_obstetrica,6,9373,0.064,6,1216.97,0
202401,PR,Paraná,complicacoes_gestacao,liquido_membranas_ou_placenta,267,9373,2.8486,690,203659.76,0
202401,PR,Paraná,complicacoes_parto,trabalho_de_parto_ou_parto,893,9373,9.5274,2296,632218.25,0
202401,PR,Paraná,complicacoes_puerperais,outras_complicacoes_puerperais,59,9373,0.6295,149,13958.79,0
202401,PR,Paraná,complicacoes_vasculares,complicacoes_venosas,12,9373,0.128,25,2925.90,0
202401,PR,Paraná,desfecho_abortivo,gestacao_com_desfecho_abortivo,713,9373,7.607,917,206145.70,0
202401,PR,Paraná,disturbios_metabolicos,diabetes_na_gestacao,175,9373,1.8671,546,123600.02,0
202401,PR,Paraná,hemorragias,hemorragia_pos_parto,18,9373,0.192,45,7231.32,0
202401,PR,Paraná,hemorragias,outras_hemorragias_obstetricas,325,9373,3.4674,498,60222.24,0
202401,PR,Paraná,infeccoes,infeccao_geniturinaria_gestacao,94,9373,1.0029,231,17236.42,0
202401,PR,Paraná,infeccoes,infeccao_puerperal,42,9373,0.4481,131,11487.47,0
202401,PR,Paraná,outras_condicoes_maternas,anemia_complicando_gestacao,6,9373,0.064,13,5005.54,0
202401,PR,Paraná,outras_condicoes_maternas,doencas_classificadas_em_outros_capitulos,682,9373,7.2762,1663,286763.65,0
202401,PR,Paraná,outras_condicoes_maternas,outras_condicoes_da_gestacao,92,9373,0.9815,240,34606.69,0
202401,PR,Paraná,transtornos_hipertensivos,eclampsia,21,9373,0.224,40,6496.80,0
202401,PR,Paraná,transtornos_hipertensivos,hipertensao_gestacional,66,9373,0.7042,154,35479.41,0
202401,PR,Paraná,transtornos_hipertensivos,outros_hipertensivos,138,9373,1.4723,425,123146.99,0
202401,PR,Paraná,transtornos_hipertensivos,pre_eclampsia,111,9373,1.1843,357,74547.39,0
202401,RJ,Rio de Janeiro,complicacoes_anestesicas,anestesia_obstetrica,27,12060,0.2239,64,4261.70,0
202401,RJ,Rio de Janeiro,complicacoes_gestacao,liquido_membranas_ou_placenta,574,12060,4.7595,1911,461241.72,0
202401,RJ,Rio de Janeiro,complicacoes_parto,trabalho_de_parto_ou_parto,1342,12060,11.1277,4079,952684.38,1
202401,RJ,Rio de Janeiro,complicacoes_puerperais,outras_complicacoes_puerperais,72,12060,0.597,374,44533.93,1
202401,RJ,Rio de Janeiro,complicacoes_vasculares,complicacoes_venosas,17,12060,0.141,121,4688.49,0
202401,RJ,Rio de Janeiro,complicacoes_vasculares,embolia_obstetrica,2,12060,0.0166,13,846.96,0
202401,RJ,Rio de Janeiro,desfecho_abortivo,gestacao_com_desfecho_abortivo,1019,12060,8.4494,2084,292869.13,0
202401,RJ,Rio de Janeiro,disturbios_metabolicos,diabetes_na_gestacao,401,12060,3.325,1882,219642.18,0
202401,RJ,Rio de Janeiro,hemorragias,hemorragia_pos_parto,10,12060,0.0829,56,8927.48,0
202401,RJ,Rio de Janeiro,hemorragias,outras_hemorragias_obstetricas,213,12060,1.7662,561,82407.29,0
202401,RJ,Rio de Janeiro,infeccoes,infeccao_geniturinaria_gestacao,261,12060,2.1642,1272,65745.48,0
202401,RJ,Rio de Janeiro,infeccoes,infeccao_puerperal,122,12060,1.0116,818,67933.61,0
202401,RJ,Rio de Janeiro,outras_condicoes_maternas,anemia_complicando_gestacao,15,12060,0.1244,88,11241.31,0
202401,RJ,Rio de Janeiro,outras_condicoes_maternas,doencas_classificadas_em_outros_capitulos,410,12060,3.3997,1685,126157.46,1
202401,RJ,Rio de Janeiro,outras_condicoes_maternas,edema_proteinuria_sem_hipertensao,3,12060,0.0249,8,1022.26,0
202401,RJ,Rio de Janeiro,outras_condicoes_maternas,outras_condicoes_da_gestacao,82,12060,0.6799,345,18808.91,0
202401,RJ,Rio de Janeiro,transtornos_hipertensivos,eclampsia,37,12060,0.3068,158,31024.25,0
202401,RJ,Rio de Janeiro,transtornos_hipertensivos,hipertensao_gestacional,228,12060,1.8905,759,130592.04,0
202401,RJ,Rio de Janeiro,transtornos_hipertensivos,outros_hipertensivos,294,12060,2.4378,1133,201702.95,1
202401,RJ,Rio de Janeiro,transtornos_hipertensivos,pre_eclampsia,315,12060,2.6119,1669,266519.95,0
202401,RN,Rio Grande do Norte,complicacoes_anestesicas,anestesia_obstetrica,4,3346,0.1195,11,833.69,0
202401,RN,Rio Grande do Norte,complicacoes_gestacao,liquido_membranas_ou_placenta,73,3346,2.1817,221,55472.49,0
202401,RN,Rio Grande do Norte,complicacoes_parto,trabalho_de_parto_ou_parto,594,3346,17.7525,1541,403153.93,0
202401,RN,Rio Grande do Norte,complicacoes_puerperais,outras_complicacoes_puerperais,32,3346,0.9564,140,6713.62,0
202401,RN,Rio Grande do Norte,complicacoes_vasculares,complicacoes_venosas,5,3346,0.1494,25,7519.73,0
202401,RN,Rio Grande do Norte,desfecho_abortivo,gestacao_com_desfecho_abortivo,290,3346,8.6671,356,69063.31,0
202401,RN,Rio Grande do Norte,disturbios_metabolicos,diabetes_na_gestacao,109,3346,3.2576,395,76103.10,0
202401,RN,Rio Grande do Norte,hemorragias,hemorragia_pos_parto,11,3346,0.3288,23,4573.84,0
202401,RN,Rio Grande do Norte,hemorragias,outras_hemorragias_obstetricas,13,3346,0.3885,52,9520.29,0
202401,RN,Rio Grande do Norte,infeccoes,infeccao_geniturinaria_gestacao,36,3346,1.0759,197,8681.43,0
202401,RN,Rio Grande do Norte,infeccoes,infeccao_puerperal,30,3346,0.8966,196,11353.80,0
202401,RN,Rio Grande do Norte,outras_condicoes_maternas,anemia_complicando_gestacao,2,3346,0.0598,6,914.63,0
202401,RN,Rio Grande do Norte,outras_condicoes_maternas,doencas_classificadas_em_outros_capitulos,33,3346,0.9863,410,8634.51,0
202401,RN,Rio Grande do Norte,outras_condicoes_maternas,edema_proteinuria_sem_hipertensao,1,3346,0.0299,8,800.05,0
202401,RN,Rio Grande do Norte,outras_condicoes_maternas,outras_condicoes_da_gestacao,14,3346,0.4184,54,4121.51,0
202401,RN,Rio Grande do Norte,transtornos_hipertensivos,eclampsia,13,3346,0.3885,43,2164.97,0
202401,RN,Rio Grande do Norte,transtornos_hipertensivos,hipertensao_gestacional,183,3346,5.4692,683,146313.16,0
202401,RN,Rio Grande do Norte,transtornos_hipertensivos,outros_hipertensivos,43,3346,1.2851,229,34045.57,0
202401,RN,Rio Grande do Norte,transtornos_hipertensivos,pre_eclampsia,166,3346,4.9611,614,147939.22,0
202401,RO,Rondônia,complicacoes_anestesicas,anestesia_obstetrica,3,1801,0.1666,3,478.87,0
202401,RO,Rondônia,complicacoes_gestacao,liquido_membranas_ou_placenta,50,1801,2.7762,199,49843.24,0
202401,RO,Rondônia,complicacoes_parto,trabalho_de_parto_ou_parto,201,1801,11.1605,482,125346.03,0
202401,RO,Rondônia,complicacoes_puerperais,outras_complicacoes_puerperais,4,1801,0.2221,6,692.53,0
202401,RO,Rondônia,desfecho_abortivo,gestacao_com_desfecho_abortivo,153,1801,8.4953,201,32321.99,0
202401,RO,Rondônia,disturbios_metabolicos,diabetes_na_gestacao,40,1801,2.221,172,39362.97,0
202401,RO,Rondônia,hemorragias,hemorragia_pos_parto,1,1801,0.0555,2,229.18,0
202401,RO,Rondônia,hemorragias,outras_hemorragias_obstetricas,48,1801,2.6652,87,10689.79,0
202401,RO,Rondônia,infeccoes,infeccao_geniturinaria_gestacao,100,1801,5.5525,244,16913.63,0
202401,RO,Rondônia,infeccoes,infeccao_puerperal,11,1801,0.6108,35,3625.13,0
202401,RO,Rondônia,outras_condicoes_maternas,anemia_complicando_gestacao,2,1801,0.111,3,226.47,0
202401,RO,Rondônia,outras_condicoes_maternas,doencas_classificadas_em_outros_capitulos,41,1801,2.2765,175,20897.96,0
202401,RO,Rondônia,outras_condicoes_maternas,outras_condicoes_da_gestacao,19,1801,1.055,42,2448.83,0
202401,RO,Rondônia,transtornos_hipertensivos,eclampsia,6,1801,0.3331,18,2436.26,0
202401,RO,Rondônia,transtornos_hipertensivos,hipertensao_gestacional,13,1801,0.7218,68,9803.18,0
202401,RO,Rondônia,transtornos_hipertensivos,outros_hipertensivos,13,1801,0.7218,54,9836.59,0
202401,RO,Rondônia,transtornos_hipertensivos,pre_eclampsia,15,1801,0.8329,56,21312.89,0
202401,RR,Roraima,complicacoes_anestesicas,anestesia_obstetrica,2,911,0.2195,8,447.10,0
202401,RR,Roraima,complicacoes_gestacao,liquido_membranas_ou_placenta,16,911,1.7563,50,15193.77,0
202401,RR,Roraima,complicacoes_parto,trabalho_de_parto_ou_parto,54,911,5.9276,147,51054.68,0
202401,RR,Roraima,complicacoes_puerperais,outras_complicacoes_puerperais,8,911,0.8782,28,1750.48,0
202401,RR,Roraima,complicacoes_vasculares,embolia_obstetrica,1,911,0.1098,5,513.08,0
202401,RR,Roraima,desfecho_abortivo,gestacao_com_desfecho_abortivo,71,911,7.7936,217,17525.72,0
202401,RR,Roraima,disturbios_metabolicos,diabetes_na_gestacao,51,911,5.5982,243,29625.61,0
202401,RR,Roraima,hemorragias,outras_hemorragias_obstetricas,26,911,2.854,69,8649.58,0
202401,RR,Roraima,infeccoes,infeccao_geniturinaria_gestacao,15,911,1.6465,105,2779.88,0
202401,RR,Roraima,infeccoes,infeccao_puerperal,15,911,1.6465,94,3589.60,0
202401,RR,Roraima,outras_condicoes_maternas,anemia_complicando_gestacao,2,911,0.2195,22,463.76,0
202401,RR,Roraima,outras_condicoes_maternas,doencas_classificadas_em_outros_capitulos,49,911,5.3787,258,10022.50,0
202401,RR,Roraima,outras_condicoes_maternas,edema_proteinuria_sem_hipertensao,1,911,0.1098,2,109.24,0
202401,RR,Roraima,outras_condicoes_maternas,outras_condicoes_da_gestacao,10,911,1.0977,54,1750.50,0
202401,RR,Roraima,transtornos_hipertensivos,eclampsia,2,911,0.2195,12,826.90,0
202401,RR,Roraima,transtornos_hipertensivos,hipertensao_gestacional,6,911,0.6586,47,1242.35,1
202401,RR,Roraima,transtornos_hipertensivos,outros_hipertensivos,7,911,0.7684,29,7459.98,0
202401,RR,Roraima,transtornos_hipertensivos,pre_eclampsia,7,911,0.7684,30,4704.13,0
202401,RS,Rio Grande do Sul,complicacoes_anestesicas,anestesia_obstetrica,1,8086,0.0124,2,170.30,0
202401,RS,Rio Grande do Sul,complicacoes_gestacao,liquido_membranas_ou_placenta,316,8086,3.908,1013,247217.22,1
202401,RS,Rio Grande do Sul,complicacoes_parto,trabalho_de_parto_ou_parto,1032,8086,12.7628,2840,712477.15,0
202401,RS,Rio Grande do Sul,complicacoes_puerperais,outras_complicacoes_puerperais,17,8086,0.2102,41,5088.80,0
202401,RS,Rio Grande do Sul,complicacoes_vasculares,complicacoes_venosas,6,8086,0.0742,43,2128.25,0
202401,RS,Rio Grande do Sul,desfecho_abortivo,gestacao_com_desfecho_abortivo,607,8086,7.5068,792,193699.65,0
202401,RS,Rio Grande do Sul,disturbios_metabolicos,diabetes_na_gestacao,240,8086,2.9681,970,114216.42,1
202401,RS,Rio Grande do Sul,hemorragias,hemorragia_pos_parto,9,8086,0.1113,25,8386.12,1
202401,RS,Rio Grande do Sul,hemorragias,outras_hemorragias_obstetricas,89,8086,1.1007,248,45973.51,0
202401,RS,Rio Grande do Sul,infeccoes,infeccao_geniturinaria_gestacao,119,8086,1.4717,432,36028.28,0
202401,RS,Rio Grande do Sul,infeccoes,infeccao_puerperal,34,8086,0.4205,183,8811.39,0
202401,RS,Rio Grande do Sul,outras_condicoes_maternas,anemia_complicando_gestacao,2,8086,0.0247,5,316.55,0
202401,RS,Rio Grande do Sul,outras_condicoes_maternas,doencas_classificadas_em_outros_capitulos,380,8086,4.6995,1785,124489.12,0
202401,RS,Rio Grande do Sul,outras_condicoes_maternas,edema_proteinuria_sem_hipertensao,6,8086,0.0742,14,2024.55,0
202401,RS,Rio Grande do Sul,outras_condicoes_maternas,outras_condicoes_da_gestacao,45,8086,0.5565,155,14524.55,0
202401,RS,Rio Grande do Sul,transtornos_hipertensivos,eclampsia,36,8086,0.4452,175,22544.28,0
202401,RS,Rio Grande do Sul,transtornos_hipertensivos,hipertensao_gestacional,53,8086,0.6555,167,32552.49,0
202401,RS,Rio Grande do Sul,transtornos_hipertensivos,outros_hipertensivos,103,8086,1.2738,366,72655.37,0
202401,RS,Rio Grande do Sul,transtornos_hipertensivos,pre_eclampsia,253,8086,3.1289,1321,156739.96,0
202401,SC,Santa Catarina,complicacoes_anestesicas,anestesia_obstetrica,3,6691,0.0448,6,523.93,0
202401,SC,Santa Catarina,complicacoes_gestacao,liquido_membranas_ou_placenta,167,6691,2.4959,434,129271.40,0
202401,SC,Santa Catarina,complicacoes_parto,trabalho_de_parto_ou_parto,877,6691,13.1072,2357,645120.50,0
202401,SC,Santa Catarina,complicacoes_puerperais,outras_complicacoes_puerperais,29,6691,0.4334,98,51062.04,0
202401,SC,Santa Catarina,complicacoes_vasculares,complicacoes_venosas,11,6691,0.1644,73,7515.75,0
202401,SC,Santa Catarina,desfecho_abortivo,gestacao_com_desfecho_abortivo,506,6691,7.5624,552,154800.70,0
202401,SC,Santa Catarina,disturbios_metabolicos,diabetes_na_gestacao,254,6691,3.7961,636,122571.74,0
202401,SC,Santa Catarina,hemorragias,hemorragia_pos_parto,13,6691,0.1943,18,7653.56,0
202401,SC,Santa Catarina,hemorragias,outras_hemorragias_obstetricas,124,6691,1.8532,250,53690.96,0
202401,SC,Santa Catarina,infeccoes,infeccao_geniturinaria_gestacao,140,6691,2.0924,452,23894.71,0
202401,SC,Santa Catarina,infeccoes,infeccao_puerperal,36,6691,0.538,127,15175.61,0
202401,SC,Santa Catarina,outras_condicoes_maternas,anemia_complicando_gestacao,4,6691,0.0598,9,1674.59,0
202401,SC,Santa Catarina,outras_condicoes_maternas,doencas_classificadas_em_outros_capitulos,142,6691,2.1223,496,46287.63,0
202401,SC,Santa Catarina,outras_condicoes_maternas,edema_proteinuria_sem_hipertensao,5,6691,0.0747,14,1937.13,0
202401,SC,Santa Catarina,outras_condicoes_maternas,outras_condicoes_da_gestacao,44,6691,0.6576,108,10546.92,0
202401,SC,Santa Catarina,transtornos_hipertensivos,eclampsia,13,6691,0.1943,63,14302.92,0
202401,SC,Santa Catarina,transtornos_hipertensivos,hipertensao_gestacional,51,6691,0.7622,135,25983.90,0
202401,SC,Santa Catarina,transtornos_hipertensivos,outros_hipertensivos,73,6691,1.091,264,53617.00,0
202401,SC,Santa Catarina,transtornos_hipertensivos,pre_eclampsia,127,6691,1.8981,509,84949.16,1
202401,SE,Sergipe,complicacoes_anestesicas,anestesia_obstetrica,2,2328,0.0859,6,357.60,0
202401,SE,Sergipe,complicacoes_gestacao,liquido_membranas_ou_placenta,19,2328,0.8162,44,14837.42,0
202401,SE,Sergipe,complicacoes_parto,trabalho_de_parto_ou_parto,348,2328,14.9485,652,162161.02,0
202401,SE,Sergipe,complicacoes_puerperais,outras_complicacoes_puerperais,26,2328,1.1168,86,6341.61,0
202401,SE,Sergipe,complicacoes_vasculares,complicacoes_venosas,1,2328,0.043,8,218.30,0
202401,SE,Sergipe,desfecho_abortivo,gestacao_com_desfecho_abortivo,245,2328,10.5241,393,68536.10,0
202401,SE,Sergipe,disturbios_metabolicos,diabetes_na_gestacao,88,2328,3.7801,415,66287.17,0
202401,SE,Sergipe,hemorragias,hemorragia_pos_parto,7,2328,0.3007,7,1403.10,0
202401,SE,Sergipe,hemorragias,outras_hemorragias_obstetricas,19,2328,0.8162,44,11993.31,1
202401,SE,Sergipe,infeccoes,infeccao_geniturinaria_gestacao,30,2328,1.2887,175,7308.97,0
202401,SE,Sergipe,infeccoes,infeccao_puerperal,32,2328,1.3746,175,8044.72,0
202401,SE,Sergipe,outras_condicoes_maternas,anemia_complicando_gestacao,1,2328,0.043,4,1090.74,0
202401,SE,Sergipe,outras_condicoes_maternas,doencas_classificadas_em_outros_capitulos,36,2328,1.5464,373,15337.16,0
202401,SE,Sergipe,outras_condicoes_maternas,outras_condicoes_da_gestacao,7,2328,0.3007,46,1385.80,0
202401,SE,Sergipe,transtornos_hipertensivos,eclampsia,3,2328,0.1289,16,7050.23,0
202401,SE,Sergipe,transtornos_hipertensivos,hipertensao_gestacional,32,2328,1.3746,122,19164.54,0
202401,SE,Sergipe,transtornos_hipertensivos,outros_hipertensivos,62,2328,2.6632,229,48135.63,0
202401,SE,Sergipe,transtornos_hipertensivos,pre_eclampsia,45,2328,1.933,173,35742.90,0
202401,SP,São Paulo,complicacoes_anestesicas,anestesia_obstetrica,23,31760,0.0724,34,4535.40,0
202401,SP,São Paulo,complicacoes_gestacao,liquido_membranas_ou_placenta,1156,31760,3.6398,3515,854364.31,0
202401,SP,São Paulo,complicacoes_parto,trabalho_de_parto_ou_parto,3863,31760,12.1631,10894,2591572.90,1
202401,SP,São Paulo,complicacoes_puerperais,outras_complicacoes_puerperais,113,31760,0.3558,387,42524.60,0
202401,SP,São Paulo,complicacoes_vasculares,complicacoes_venosas,31,31760,0.0976,113,7708.69,0
202401,SP,São Paulo,complicacoes_vasculares,embolia_obstetrica,2,31760,0.0063,8,781.04,0
202401,SP,São Paulo,desfecho_abortivo,gestacao_com_desfecho_abortivo,2371,31760,7.4654,3698,675984.11,0
202401,SP,São Paulo,disturbios_metabolicos,diabetes_na_gestacao,1211,31760,3.813,3905,596866.94,0
202401,SP,São Paulo,hemorragias,hemorragia_pos_parto,37,31760,0.1165,118,37981.22,2
202401,SP,São Paulo,hemorragias,outras_hemorragias_obstetricas,810,31760,2.5504,1431,229923.59,0
202401,SP,São Paulo,infeccoes,infeccao_geniturinaria_gestacao,491,31760,1.546,2016,108501.69,0
202401,SP,São Paulo,infeccoes,infeccao_puerperal,181,31760,0.5699,941,116142.23,1
202401,SP,São Paulo,outras_condicoes_maternas,anemia_complicando_gestacao,23,31760,0.0724,84,16146.34,0
202401,SP,São Paulo,outras_condicoes_maternas,doencas_classificadas_em_outros_capitulos,647,31760,2.0372,2421,273304.46,0
202401,SP,São Paulo,outras_condicoes_maternas,edema_proteinuria_sem_hipertensao,8,31760,0.0252,22,4492.49,0
202401,SP,São Paulo,outras_condicoes_maternas,outras_condicoes_da_gestacao,242,31760,0.762,779,52375.24,0
202401,SP,São Paulo,transtornos_hipertensivos,eclampsia,123,31760,0.3873,514,87243.27,0
202401,SP,São Paulo,transtornos_hipertensivos,hipertensao_gestacional,408,31760,1.2846,1250,232067.79,0
202401,SP,São Paulo,transtornos_hipertensivos,outros_hipertensivos,290,31760,0.9131,908,236583.99,0
202401,SP,São Paulo,transtornos_hipertensivos,pre_eclampsia,713,31760,2.245,2895,687266.49,1
202401,TO,Tocantins,complicacoes_anestesicas,anestesia_obstetrica,1,1806,0.0554,1,162.30,0
202401,TO,Tocantins,complicacoes_gestacao,liquido_membranas_ou_placenta,39,1806,2.1595,110,25787.19,0
202401,TO,Tocantins,complicacoes_parto,trabalho_de_parto_ou_parto,386,1806,21.3732,1071,285064.35,0
202401,TO,Tocantins,complicacoes_puerperais,outras_complicacoes_puerperais,39,1806,2.1595,183,7598.18,0
202401,TO,Tocantins,desfecho_abortivo,gestacao_com_desfecho_abortivo,125,1806,6.9214,271,30134.84,0
202401,TO,Tocantins,disturbios_metabolicos,diabetes_na_gestacao,63,1806,3.4884,207,29175.89,0
202401,TO,Tocantins,hemorragias,hemorragia_pos_parto,1,1806,0.0554,8,404.76,0
202401,TO,Tocantins,hemorragias,outras_hemorragias_obstetricas,31,1806,1.7165,71,10243.09,0
202401,TO,Tocantins,infeccoes,infeccao_geniturinaria_gestacao,29,1806,1.6058,95,4187.59,0
202401,TO,Tocantins,infeccoes,infeccao_puerperal,14,1806,0.7752,81,4435.62,0
202401,TO,Tocantins,outras_condicoes_maternas,anemia_complicando_gestacao,1,1806,0.0554,2,233.85,0
202401,TO,Tocantins,outras_condicoes_maternas,doencas_classificadas_em_outros_capitulos,38,1806,2.1041,157,12670.54,0
202401,TO,Tocantins,outras_condicoes_maternas,outras_condicoes_da_gestacao,6,1806,0.3322,16,2081.57,0
202401,TO,Tocantins,transtornos_hipertensivos,eclampsia,8,1806,0.443,20,6021.22,0
202401,TO,Tocantins,transtornos_hipertensivos,hipertensao_gestacional,15,1806,0.8306,42,9478.56,0
202401,TO,Tocantins,transtornos_hipertensivos,outros_hipertensivos,17,1806,0.9413,57,6613.18,0
202401,TO,Tocantins,transtornos_hipertensivos,pre_eclampsia,54,1806,2.99,178,50695.87,0
202402,AC,Acre,complicacoes_anestesicas,anestesia_obstetrica,1,940,0.1064,5,328.76,0
202402,AC,Acre,complicacoes_gestacao,liquido_membranas_ou_placenta,17,940,1.8085,54,17698.92,0
202402,AC,Acre,complicacoes_parto,trabalho_de_parto_ou_parto,128,940,13.617,469,102088.06,0
202402,AC,Acre,complicacoes_puerperais,outras_complicacoes_puerperais,2,940,0.2128,7,422.20,0
202402,AC,Acre,desfecho_abortivo,gestacao_com_desfecho_abortivo,70,940,7.4468,80,14068.77,0
202402,AC,Acre,disturbios_metabolicos,diabetes_na_gestacao,32,940,3.4043,132,32829.14,0
202402,AC,Acre,hemorragias,outras_hemorragias_obstetricas,12,940,1.2766,31,1728.18,0
202402,AC,Acre,infeccoes,infeccao_geniturinaria_gestacao,28,940,2.9787,95,3920.20,0
202402,AC,Acre,infeccoes,infeccao_puerperal,17,940,1.8085,95,5316.91,0
202402,AC,Acre,outras_condicoes_maternas,anemia_complicando_gestacao,2,940,0.2128,7,290.68,0
202402,AC,Acre,outras_condicoes_maternas,doencas_classificadas_em_outros_capitulos,35,940,3.7234,125,6605.23,0
202402,AC,Acre,outras_condicoes_maternas,outras_condicoes_da_gestacao,7,940,0.7447,18,992.48,0
202402,AC,Acre,transtornos_hipertensivos,hipertensao_gestacional,2,940,0.2128,10,459.23,0
202402,AC,Acre,transtornos_hipertensivos,pre_eclampsia,31,940,3.2979,133,29280.30,0
202402,AL,Alagoas,complicacoes_anestesicas,anestesia_obstetrica,1,3397,0.0294,8,3164.37,0
202402,AL,Alagoas,complicacoes_gestacao,liquido_membranas_ou_placenta,229,3397,6.7412,558,170459.94,0
202402,AL,Alagoas,complicacoes_parto,trabalho_de_parto_ou_parto,332,3397,9.7733,856,238168.26,0
202402,AL,Alagoas,complicacoes_puerperais,outras_complicacoes_puerperais,44,3397,1.2953,68,4592.27,0
202402,AL,Alagoas,complicacoes_vasculares,complicacoes_venosas,22,3397,0.6476,86,4164.72,0
202402,AL,Alagoas,desfecho_abortivo,gestacao_com_desfecho_abortivo,246,3397,7.2417,459,70838.21,1
202402,AL,Alagoas,disturbios_metabolicos,diabetes_na_gestacao,44,3397,1.2953,212,43280.20,0
202402,AL,Alagoas,hemorragias,hemorragia_pos_parto,1,3397,0.0294,1,167.42,0
202402,AL,Alagoas,hemorragias,outras_hemorragias_obstetricas,30,3397,0.8831,70,18157.27,0
202402,AL,Alagoas,infeccoes,infeccao_geniturinaria_gestacao,36,3397,1.0598,231,8402.32,0
202402,AL,Alagoas,infeccoes,infeccao_puerperal,31,3397,0.9126,161,10011.03,0
202402,AL,Alagoas,outras_condicoes_maternas,anemia_complicando_gestacao,2,3397,0.0589,4,236.48,0
202402,AL,Alagoas,outras_condicoes_maternas,doencas_classificadas_em_outros_capitulos,68,3397,2.0018,370,36877.24,1
202402,AL,Alagoas,outras_condicoes_maternas,outras_condicoes_da_gestacao,13,3397,0.3827,68,5532.36,0
202402,AL,Alagoas,transtornos_hipertensivos,eclampsia,13,3397,0.3827,57,17338.84,0
202402,AL,Alagoas,transtornos_hipertensivos,hipertensao_gestacional,22,3397,0.6476,62,13711.31,0
202402,AL,Alagoas,transtornos_hipertensivos,outros_hipertensivos,49,3397,1.4424,122,36650.11,0
202402,AL,Alagoas,transtornos_hipertensivos,pre_eclampsia,120,3397,3.5325,500,124278.28,0
202402,AM,Amazonas,complicacoes_anestesicas,anestesia_obstetrica,3,5187,0.0578,22,1333.64,0
202402,AM,Amazonas,complicacoes_gestacao,liquido_membranas_ou_placenta,89,5187,1.7158,362,92133.65,0
202402,AM,Amazonas,complicacoes_parto,trabalho_de_parto_ou_parto,993,5187,19.144,4164,830808.19,0
202402,AM,Amazonas,complicacoes_puerperais,outras_complicacoes_puerperais,30,5187,0.5784,151,8113.66,0
202402,AM,Amazonas,desfecho_abortivo,gestacao_com_desfecho_abortivo,472,5187,9.0997,985,112562.40,0
202402,AM,Amazonas,disturbios_metabolicos,diabetes_na_gestacao,7,5187,0.135,26,5337.44,0
202402,AM,Amazonas,hemorragias,outras_hemorragias_obstetricas,97,5187,1.8701,292,29006.51,0
202402,AM,Amazonas,infeccoes,infeccao_geniturinaria_gestacao,177,5187,3.4124,677,28149.53,0
202402,AM,Amazonas,infeccoes,infeccao_puerperal,61,5187,1.176,414,15259.77,0
202402,AM,Amazonas,outras_condicoes_maternas,anemia_complicando_gestacao,1,5187,0.0193,3,117.24,0
202402,AM,Amazonas,outras_condicoes_maternas,doencas_classificadas_em_outros_capitulos,49,5187,0.9447,225,15372.87,0
202402,AM,Amazonas,outras_condicoes_maternas,edema_proteinuria_sem_hipertensao,2,5187,0.0386,4,249.23,0
202402,AM,Amazonas,outras_condicoes_maternas,outras_condicoes_da_gestacao,9,5187,0.1735,26,1284.44,0
202402,AM,Amazonas,transtornos_hipertensivos,eclampsia,14,5187,0.2699,34,5914.90,0
202402,AM,Amazonas,transtornos_hipertensivos,hipertensao_gestacional,36,5187,0.694,121,18643.67,0
202402,AM,Amazonas,transtornos_hipertensivos,outros_hipertensivos,13,5187,0.2506,43,7283.03,0
202402,AM,Amazonas,transtornos_hipertensivos,pre_eclampsia,80,5187,1.5423,364,73297.87,0
202402,AP,Amapá,complicacoes_anestesicas,anestesia_obstetrica,2,1250,0.16,5,348.60,0
202402,AP,Amapá,complicacoes_gestacao,liquido_membranas_ou_placenta,41,1250,3.28,128,27718.79,0
202402,AP,Amapá,complicacoes_parto,trabalho_de_parto_ou_parto,125,1250,10.0,472,85253.74,0
202402,AP,Amapá,complicacoes_puerperais,outras_complicacoes_puerperais,4,1250,0.32,25,854.28,0
202402,AP,Amapá,desfecho_abortivo,gestacao_com_desfecho_abortivo,166,1250,13.28,386,47185.27,0
202402,AP,Amapá,disturbios_metabolicos,diabetes_na_gestacao,32,1250,2.56,166,15135.13,0
202402,AP,Amapá,hemorragias,hemorragia_pos_parto,3,1250,0.24,6,606.10,0
202402,AP,Amapá,hemorragias,outras_hemorragias_obstetricas,15,1250,1.2,60,4406.98,0
202402,AP,Amapá,infeccoes,infeccao_geniturinaria_gestacao,16,1250,1.28,69,2594.79,0
202402,AP,Amapá,infeccoes,infeccao_puerperal,35,1250,2.8,126,6982.79,0
202402,AP,Amapá,outras_condicoes_maternas,anemia_complicando_gestacao,1,1250,0.08,8,198.44,0
202402,AP,Amapá,outras_condicoes_maternas,doencas_classificadas_em_outros_capitulos,35,1250,2.8,282,9629.45,0
202402,AP,Amapá,outras_condicoes_maternas,outras_condicoes_da_gestacao,1,1250,0.08,2,134.44,0
202402,AP,Amapá,transtornos_hipertensivos,eclampsia,3,1250,0.24,16,1465.78,0
202402,AP,Amapá,transtornos_hipertensivos,hipertensao_gestacional,32,1250,2.56,156,19828.05,0
202402,AP,Amapá,transtornos_hipertensivos,outros_hipertensivos,21,1250,1.68,91,9812.63,0
202402,AP,Amapá,transtornos_hipertensivos,pre_eclampsia,23,1250,1.84,164,17527.73,0
202402,BA,Bahia,complicacoes_anestesicas,anestesia_obstetrica,12,12961,0.0926,34,16189.81,1
202402,BA,Bahia,complicacoes_gestacao,liquido_membranas_ou_placenta,367,12961,2.8316,1083,264267.09,0
202402,BA,Bahia,complicacoes_parto,trabalho_de_parto_ou_parto,1117,12961,8.6182,2947,699754.88,0
202402,BA,Bahia,complicacoes_puerperais,outras_complicacoes_puerperais,96,12961,0.7407,475,72538.01,0
202402,BA,Bahia,complicacoes_vasculares,complicacoes_venosas,29,12961,0.2237,201,9190.11,0
202402,BA,Bahia,complicacoes_vasculares,embolia_obstetrica,1,12961,0.0077,3,186.01,0
202402,BA,Bahia,desfecho_abortivo,gestacao_com_desfecho_abortivo,1282,12961,9.8912,2240,285270.63,0
202402,BA,Bahia,disturbios_metabolicos,diabetes_na_gestacao,268,12961,2.0677,1316,137819.49,0
202402,BA,Bahia,hemorragias,hemorragia_pos_parto,20,12961,0.1543,44,6629.59,0
202402,BA,Bahia,hemorragias,outras_hemorragias_obstetricas,262,12961,2.0214,681,52427.23,0
202402,BA,Bahia,infeccoes,infeccao_geniturinaria_gestacao,216,12961,1.6665,868,31537.91,0
202402,BA,Bahia,infeccoes,infeccao_puerperal,94,12961,0.7253,471,26325.94,1
202402,BA,Bahia,outras_condicoes_maternas,anemia_complicando_gestacao,12,12961,0.0926,72,11790.05,0
202402,BA,Bahia,outras_condicoes_maternas,doencas_classificadas_em_outros_capitulos,565,12961,4.3592,2373,218200.88,0
202402,BA,Bahia,outras_condicoes_maternas,edema_proteinuria_sem_hipertensao,1,12961,0.0077,1,117.24,0
202402,BA,Bahia,outras_condicoes_maternas,outras_condicoes_da_gestacao,114,12961,0.8796,326,18144.81,0
202402,BA,Bahia,transtornos_hipertensivos,eclampsia,21,12961,0.162,91,17002.41,0
202402,BA,Bahia,transtornos_hipertensivos,hipertensao_gestacional,222,12961,1.7128,836,121547.60,0
202402,BA,Bahia,transtornos_hipertensivos,outros_hipertensivos,192,12961,1.4814,780,148472.64,1
202402,BA,Bahia,transtornos_hipertensivos,pre_eclampsia,226,12961,1.7437,1076,167454.56,0
202402,CE,Ceará,complicacoes_anestesicas,anestesia_obstetrica,8,8819,0.0907,16,3040.38,0
202402,CE,Ceará,complicacoes_gestacao,liquido_membranas_ou_placenta,443,8819,5.0232,1165,311172.55,0
202402,CE,Ceará,complicacoes_parto,trabalho_de_parto_ou_parto,994,8819,11.2711,2498,613432.00,0
202402,CE,Ceará,complicacoes_puerperais,outras_complicacoes_puerperais,31,8819,0.3515,130,11965.41,0
202402,CE,Ceará,complicacoes_vasculares,complicacoes_venosas,6,8819,0.068,39,1522.57,0
202402,CE,Ceará,desfecho_abortivo,gestacao_com_desfecho_abortivo,738,8819,8.3683,1162,161785.13,0
202402,CE,Ceará,disturbios_metabolicos,diabetes_na_gestacao,314,8819,3.5605,1243,190134.48,0
202402,CE,Ceará,hemorragias,hemorragia_pos_parto,12,8819,0.1361,46,11457.68,0
202402,CE,Ceará,hemorragias,outras_hemorragias_obstetricas,122,8819,1.3834,286,42425.31,0
202402,CE,Ceará,infeccoes,infeccao_geniturinaria_gestacao,175,8819,1.9844,798,30614.23,0
202402,CE,Ceará,infeccoes,infeccao_puerperal,62,8819,0.703,305,19366.10,0
202402,CE,Ceará,outras_condicoes_maternas,anemia_complicando_gestacao,4,8819,0.0454,16,1268.42,0
202402,CE,Ceará,outras_condicoes_maternas,doencas_classificadas_em_outros_capitulos,289,8819,3.277,1143,93938.32,0
202402,CE,Ceará,outras_condicoes_maternas,edema_proteinuria_sem_hipertensao,5,8819,0.0567,8,3378.55,0
202402,CE,Ceará,outras_condicoes_maternas,outras_condicoes_da_gestacao,46,8819,0.5216,156,16486.64,0
202402,CE,Ceará,transtornos_hipertensivos,eclampsia,23,8819,0.2608,85,17688.82,0
202402,CE,Ceará,transtornos_hipertensivos,hipertensao_gestacional,119,8819,1.3494,385,75858.15,0
202402,CE,Ceará,transtornos_hipertensivos,outros_hipertensivos,86,8819,0.9752,333,55288.55,0
202402,CE,Ceará,transtornos_hipertensivos,pre_eclampsia,542,8819,6.1458,2379,419675.79,0
202402,DF,Distrito Federal,complicacoes_anestesicas,anestesia_obstetrica,14,2657,0.5269,35,2406.10,0
202402,DF,Distrito Federal,complicacoes_gestacao,liquido_membranas_ou_placenta,83,2657,3.1238,270,57073.42,0
202402,DF,Distrito Federal,complicacoes_parto,trabalho_de_parto_ou_parto,557,2657,20.9635,1526,259269.42,0
202402,DF,Distrito Federal,complicacoes_puerperais,outras_complicacoes_puerperais,42,2657,1.5807,180,21180.72,0
202402,DF,Distrito Federal,complicacoes_vasculares,complicacoes_venosas,5,2657,0.1882,20,878.94,0
202402,DF,Distrito Federal,complicacoes_vasculares,embolia_obstetrica,1,2657,0.0376,5,3449.00,0
202402,DF,Distrito Federal,desfecho_abortivo,gestacao_com_desfecho_abortivo,228,2657,8.5811,297,47881.53,0
202402,DF,Distrito Federal,disturbios_metabolicos,diabetes_na_gestacao,96,2657,3.6131,398,56396.79,0
202402,DF,Distrito Federal,hemorragias,hemorragia_pos_parto,1,2657,0.0376,1,187.62,0
202402,DF,Distrito Federal,hemorragias,outras_hemorragias_obstetricas,42,2657,1.5807,71,9629.39,0
202402,DF,Distrito Federal,infeccoes,infeccao_geniturinaria_gestacao,43,2657,1.6184,186,7018.93,0
202402,DF,Distrito Federal,infeccoes,infeccao_puerperal,42,2657,1.5807,252,13737.69,0
202402,DF,Distrito Federal,outras_condicoes_maternas,doencas_classificadas_em_outros_capitulos,121,2657,4.554,360,34698.25,0
202402,DF,Distrito Federal,outras_condicoes_maternas,edema_proteinuria_sem_hipertensao,1,2657,0.0376,8,228.11,0
202402,DF,Distrito Federal,outras_condicoes_maternas,outras_condicoes_da_gestacao,30,2657,1.1291,76,4799.41,0
202402,DF,Distrito Federal,transtornos_hipertensivos,eclampsia,4,2657,0.1505,17,3111.55,1
202402,DF,Distrito Federal,transtornos_hipertensivos,hipertensao_gestacional,58,2657,2.1829,206,34437.78,0
202402,DF,Distrito Federal,transtornos_hipertensivos,outros_hipertensivos,33,2657,1.242,154,20758.22,0
202402,DF,Distrito Federal,transtornos_hipertensivos,pre_eclampsia,48,2657,1.8065,175,30136.26,0
202402,ES,Espírito Santo,complicacoes_anestesicas,anestesia_obstetrica,2,3457,0.0579,4,308.60,0
202402,ES,Espírito Santo,complicacoes_gestacao,liquido_membranas_ou_placenta,166,3457,4.8019,489,122748.38,0
202402,ES,Espírito Santo,complicacoes_parto,trabalho_de_parto_ou_parto,421,3457,12.1782,1086,290872.80,0
202402,ES,Espírito Santo,complicacoes_puerperais,outras_complicacoes_puerperais,24,3457,0.6942,131,10164.82,0
202402,ES,Espírito Santo,complicacoes_vasculares,complicacoes_venosas,6,3457,0.1736,21,1152.68,0
202402,ES,Espírito Santo,desfecho_abortivo,gestacao_com_desfecho_abortivo,241,3457,6.9714,443,72405.70,0
202402,ES,Espírito Santo,disturbios_metabolicos,diabetes_na_gestacao,154,3457,4.4547,532,114418.48,0
202402,ES,Espírito Santo,hemorragias,hemorragia_pos_parto,2,3457,0.0579,5,383.24,0
202402,ES,Espírito Santo,hemorragias,outras_hemorragias_obstetricas,49,3457,1.4174,135,25467.67,0
202402,ES,Espírito Santo,infeccoes,infeccao_geniturinaria_gestacao,43,3457,1.2439,179,7909.07,0
202402,ES,Espírito Santo,infeccoes,infeccao_puerperal,53,3457,1.5331,262,34916.05,0
202402,ES,Espírito Santo,outras_condicoes_maternas,doencas_classificadas_em_outros_capitulos,77,3457,2.2274,371,45463.38,0
202402,ES,Espírito Santo,outras_condicoes_maternas,edema_proteinuria_sem_hipertensao,1,3457,0.0289,8,213.36,0
202402,ES,Espírito Santo,outras_condicoes_maternas,outras_condicoes_da_gestacao,32,3457,0.9257,140,8211.35,1
202402,ES,Espírito Santo,transtornos_hipertensivos,eclampsia,6,3457,0.1736,39,8319.78,0
202402,ES,Espírito Santo,transtornos_hipertensivos,hipertensao_gestacional,70,3457,2.0249,263,67796.76,0
202402,ES,Espírito Santo,transtornos_hipertensivos,outros_hipertensivos,171,3457,4.9465,531,171150.59,0
202402,ES,Espírito Santo,transtornos_hipertensivos,pre_eclampsia,47,3457,1.3596,214,52750.47,1
202402,GO,Goiás,complicacoes_anestesicas,anestesia_obstetrica,9,5906,0.1524,24,2545.50,0
202402,GO,Goiás,complicacoes_gestacao,liquido_membranas_ou_placenta,183,5906,3.0985,468,131222.39,4
202402,GO,Goiás,complicacoes_parto,trabalho_de_parto_ou_parto,793,5906,13.427,1938,451154.20,2
202402,GO,Goiás,complicacoes_puerperais,outras_complicacoes_puerperais,55,5906,0.9313,211,27441.89,0
202402,GO,Goiás,complicacoes_vasculares,complicacoes_venosas,12,5906,0.2032,48,3559.36,0
202402,GO,Goiás,desfecho_abortivo,gestacao_com_desfecho_abortivo,401,5906,6.7897,669,123420.48,0
202402,GO,Goiás,disturbios_metabolicos,diabetes_na_gestacao,136,5906,2.3027,543,90785.04,2
202402,GO,Goiás,hemorragias,hemorragia_pos_parto,10,5906,0.1693,37,15247.86,0
202402,GO,Goiás,hemorragias,outras_hemorragias_obstetricas,122,5906,2.0657,301,33522.09,0
202402,GO,Goiás,infeccoes,infeccao_geniturinaria_gestacao,79,5906,1.3376,243,14189.24,0
202402,GO,Goiás,infeccoes,infeccao_puerperal,44,5906,0.745,228,17062.15,0
202402,GO,Goiás,outras_condicoes_maternas,anemia_complicando_gestacao,2,5906,0.0339,2,279.54,0
202402,GO,Goiás,outras_condicoes_maternas,doencas_classificadas_em_outros_capitulos,270,5906,4.5716,1121,137340.37,0
202402,GO,Goiás,outras_condicoes_maternas,outras_condicoes_da_gestacao,44,5906,0.745,94,9780.61,0
202402,GO,Goiás,transtornos_hipertensivos,eclampsia,19,5906,0.3217,86,16137.02,1
202402,GO,Goiás,transtornos_hipertensivos,hipertensao_gestacional,56,5906,0.9482,158,28230.87,1
202402,GO,Goiás,transtornos_hipertensivos,outros_hipertensivos,93,5906,1.5747,344,78389.70,1
202402,GO,Goiás,transtornos_hipertensivos,pre_eclampsia,131,5906,2.2181,452,104140.53,3
202402,MA,Maranhão,complicacoes_anestesicas,anestesia_obstetrica,10,7073,0.1414,32,3724.20,0
202402,MA,Maranhão,complicacoes_gestacao,liquido_membranas_ou_placenta,208,7073,2.9408,715,151609.74,0
202402,MA,Maranhão,complicacoes_parto,trabalho_de_parto_ou_parto,987,7073,13.9545,3114,736901.68,0
202402,MA,Maranhão,complicacoes_puerperais,outras_complicacoes_puerperais,10,7073,0.1414,105,8409.70,0
202402,MA,Maranhão,complicacoes_vasculares,complicacoes_venosas,14,7073,0.1979,89,12298.63,0
202402,MA,Maranhão,desfecho_abortivo,gestacao_com_desfecho_abortivo,619,7073,8.7516,1239,172843.87,1
202402,MA,Maranhão,disturbios_metabolicos,diabetes_na_gestacao,49,7073,0.6928,269,34348.58,0
202402,MA,Maranhão,hemorragias,hemorragia_pos_parto,6,7073,0.0848,19,1672.64,0
202402,MA,Maranhão,hemorragias,outras_hemorragias_obstetricas,110,7073,1.5552,308,33959.06,0
202402,MA,Maranhão,infeccoes,infeccao_geniturinaria_gestacao,73,7073,1.0321,292,15797.77,0
202402,MA,Maranhão,infeccoes,infeccao_puerperal,52,7073,0.7352,306,23722.34,0
202402,MA,Maranhão,outras_condicoes_maternas,anemia_complicando_gestacao,2,7073,0.0283,4,313.94,0
202402,MA,Maranhão,outras_condicoes_maternas,doencas_classificadas_em_outros_capitulos,30,7073,0.4241,103,10705.64,0
202402,MA,Maranhão,outras_condicoes_maternas,outras_condicoes_da_gestacao,51,7073,0.7211,143,8746.85,0
202402,MA,Maranhão,transtornos_hipertensivos,eclampsia,18,7073,0.2545,81,17413.49,0
202402,MA,Maranhão,transtornos_hipertensivos,hipertensao_gestacional,41,7073,0.5797,177,33793.60,0
202402,MA,Maranhão,transtornos_hipertensivos,outros_hipertensivos,140,7073,1.9794,537,101606.20,0
202402,MA,Maranhão,transtornos_hipertensivos,pre_eclampsia,123,7073,1.739,543,91518.87,0
202402,MG,Minas Gerais,complicacoes_anestesicas,anestesia_obstetrica,5,15468,0.0323,7,1286.29,0
202402,MG,Minas Gerais,complicacoes_gestacao,liquido_membranas_ou_placenta,378,15468,2.4438,938,283284.54,0
202402,MG,Minas Gerais,complicacoes_parto,trabalho_de_parto_ou_parto,1020,15468,6.5943,2383,638602.31,0
202402,MG,Minas Gerais,complicacoes_puerperais,outras_complicacoes_puerperais,53,15468,0.3426,168,18596.40,0
202402,MG,Minas Gerais,complicacoes_vasculares,complicacoes_venosas,24,15468,0.1552,79,5674.45,0
202402,MG,Minas Gerais,complicacoes_vasculares,embolia_obstetrica,2,15468,0.0129,5,692.14,0
202402,MG,Minas Gerais,desfecho_abortivo,gestacao_com_desfecho_abortivo,1123,15468,7.2601,1541,345416.34,0
202402,MG,Minas Gerais,disturbios_metabolicos,diabetes_na_gestacao,276,15468,1.7843,973,181155.06,0
202402,MG,Minas Gerais,hemorragias,hemorragia_pos_parto,25,15468,0.1616,58,10291.41,1
202402,MG,Minas Gerais,hemorragias,outras_hemorragias_obstetricas,333,15468,2.1528,507,91304.19,0
202402,MG,Minas Gerais,infeccoes,infeccao_geniturinaria_gestacao,206,15468,1.3318,749,43416.66,0
202402,MG,Minas Gerais,infeccoes,infeccao_puerperal,85,15468,0.5495,309,27945.88,0
202402,MG,Minas Gerais,outras_condicoes_maternas,anemia_complicando_gestacao,6,15468,0.0388,21,3619.40,0
202402,MG,Minas Gerais,outras_condicoes_maternas,doencas_classificadas_em_outros_capitulos,377,15468,2.4373,1072,122371.27,1
202402,MG,Minas Gerais,outras_condicoes_maternas,edema_proteinuria_sem_hipertensao,7,15468,0.0453,35,1977.43,0
202402,MG,Minas Gerais,outras_condicoes_maternas,outras_condicoes_da_gestacao,160,15468,1.0344,453,40106.42,0
202402,MG,Minas Gerais,transtornos_hipertensivos,eclampsia,45,15468,0.2909,159,26366.30,0
202402,MG,Minas Gerais,transtornos_hipertensivos,hipertensao_gestacional,124,15468,0.8017,399,66313.77,0
202402,MG,Minas Gerais,transtornos_hipertensivos,outros_hipertensivos,299,15468,1.933,990,264927.73,0
202402,MG,Minas Gerais,transtornos_hipertensivos,pre_eclampsia,321,15468,2.0753,1026,226328.03,0
202402,MS,Mato Grosso do Sul,complicacoes_anestesicas,anestesia_obstetrica,1,2819,0.0355,5,291.74,0
202402,MS,Mato Grosso do Sul,complicacoes_gestacao,liquido_membranas_ou_placenta,138,2819,4.8954,326,93802.96,0
202402,MS,Mato Grosso do Sul,complicacoes_parto,trabalho_de_parto_ou_parto,311,2819,11.0323,786,165836.97,0
202402,MS,Mato Grosso do Sul,complicacoes_puerperais,outras_complicacoes_puerperais,9,2819,0.3193,44,12069.13,0
202402,MS,Mato Grosso do Sul,complicacoes_vasculares,complicacoes_venosas,6,2819,0.2128,20,878.88,0
202402,MS,Mato Grosso do Sul,desfecho_abortivo,gestacao_com_desfecho_abortivo,198,2819,7.0238,297,58459.44,0
202402,MS,Mato Grosso do Sul,disturbios_metabolicos,diabetes_na_gestacao,44,2819,1.5608,147,28914.84,0
202402,MS,Mato Grosso do Sul,hemorragias,outras_hemorragias_obstetricas,56,2819,1.9865,137,22325.89,0
202402,MS,Mato Grosso do Sul,infeccoes,infeccao_geniturinaria_gestacao,69,2819,2.4477,285,13197.57,0
202402,MS,Mato Grosso do Sul,infeccoes,infeccao_puerperal,11,2819,0.3902,65,1985.94,0
202402,MS,Mato Grosso do Sul,outras_condicoes_maternas,doencas_classificadas_em_outros_capitulos,136,2819,4.8244,573,75429.17,0
202402,MS,Mato Grosso do Sul,outras_condicoes_maternas,outras_condicoes_da_gestacao,20,2819,0.7095,52,2577.60,0
202402,MS,Mato Grosso do Sul,transtornos_hipertensivos,eclampsia,6,2819,0.2128,35,13451.68,0
202402,MS,Mato Grosso do Sul,transtornos_hipertensivos,hipertensao_gestacional,24,2819,0.8514,75,14144.97,0
202402,MS,Mato Grosso do Sul,transtornos_hipertensivos,outros_hipertensivos,38,2819,1.348,156,30962.38,0
202402,MS,Mato Grosso do Sul,transtornos_hipertensivos,pre_eclampsia,88,2819,3.1217,303,67498.58,0
202402,MT,Mato Grosso,complicacoes_anestesicas,anestesia_obstetrica,4,3689,0.1084,7,686.23,0
202402,MT,Mato Grosso,complicacoes_gestacao,liquido_membranas_ou_placenta,62,3689,1.6807,203,44011.30,0
202402,MT,Mato Grosso,complicacoes_parto,trabalho_de_parto_ou_parto,412,3689,11.1683,1125,256219.09,0
202402,MT,Mato Grosso,complicacoes_puerperais,outras_complicacoes_puerperais,9,3689,0.244,34,2078.08,0
202402,MT,Mato Grosso,complicacoes_vasculares,complicacoes_venosas,7,3689,0.1898,16,1110.08,0
202402,MT,Mato Grosso,desfecho_abortivo,gestacao_com_desfecho_abortivo,284,3689,7.6986,558,83610.83,0
202402,MT,Mato Grosso,disturbios_metabolicos,diabetes_na_gestacao,82,3689,2.2228,137,27379.09,0
202402,MT,Mato Grosso,hemorragias,hemorragia_pos_parto,3,3689,0.0813,5,874.81,0
202402,MT,Mato Grosso,hemorragias,outras_hemorragias_obstetricas,85,3689,2.3041,208,17086.77,0
202402,MT,Mato Grosso,infeccoes,infeccao_geniturinaria_gestacao,89,3689,2.4126,310,16976.68,0
202402,MT,Mato Grosso,infeccoes,infeccao_puerperal,22,3689,0.5964,74,5476.91,1
202402,MT,Mato Grosso,outras_condicoes_maternas,anemia_complicando_gestacao,3,3689,0.0813,5,501.45,0
202402,MT,Mato Grosso,outras_condicoes_maternas,doencas_classificadas_em_outros_capitulos,127,3689,3.4427,401,31895.29,0
202402,MT,Mato Grosso,outras_condicoes_maternas,outras_condicoes_da_gestacao,27,3689,0.7319,88,6433.49,0
202402,MT,Mato Grosso,transtornos_hipertensivos,eclampsia,7,3689,0.1898,23,4176.64,0
202402,MT,Mato Grosso,transtornos_hipertensivos,hipertensao_gestacional,64,3689,1.7349,222,45566.59,0
202402,MT,Mato Grosso,transtornos_hipertensivos,outros_hipertensivos,34,3689,0.9217,85,21385.38,0
202402,MT,Mato Grosso,transtornos_hipertensivos,pre_eclampsia,68,3689,1.8433,211,52447.42,0
202402,PA,Pará,complicacoes_anestesicas,anestesia_obstetrica,5,9963,0.0502,12,836.50,0
202402,PA,Pará,complicacoes_gestacao,liquido_membranas_ou_placenta,368,9963,3.6937,896,282795.07,0
202402,PA,Pará,complicacoes_parto,trabalho_de_parto_ou_parto,1931,9963,19.3817,4675,1331404.23,2
202402,PA,Pará,complicacoes_puerperais,outras_complicacoes_puerperais,42,9963,0.4216,223,15775.03,0
202402,PA,Pará,complicacoes_vasculares,complicacoes_venosas,20,9963,0.2007,46,16507.88,0
202402,PA,Pará,desfecho_abortivo,gestacao_com_desfecho_abortivo,768,9963,7.7085,1304,202985.42,1
202402,PA,Pará,disturbios_metabolicos,diabetes_na_gestacao,65,9963,0.6524,361,37682.66,0
202402,PA,Pará,hemorragias,hemorragia_pos_parto,8,9963,0.0803,20,3617.18,0
202402,PA,Pará,hemorragias,outras_hemorragias_obstetricas,241,9963,2.419,587,80229.64,0
202402,PA,Pará,infeccoes,infeccao_geniturinaria_gestacao,312,9963,3.1316,897,44413.07,0
202402,PA,Pará,infeccoes,infeccao_puerperal,64,9963,0.6424,361,47252.78,0
202402,PA,Pará,outras_condicoes_maternas,anemia_complicando_gestacao,5,9963,0.0502,14,757.02,0
202402,PA,Pará,outras_condicoes_maternas,doencas_classificadas_em_outros_capitulos,285,9963,2.8606,1105,81931.67,0
202402,PA,Pará,outras_condicoes_maternas,edema_proteinuria_sem_hipertensao,1,9963,0.01,3,109.24,0
202402,PA,Pará,outras_condicoes_maternas,outras_condicoes_da_gestacao,39,9963,0.3914,116,11385.25,0
202402,PA,Pará,transtornos_hipertensivos,eclampsia,31,9963,0.3112,157,49113.50,0
202402,PA,Pará,transtornos_hipertensivos,hipertensao_gestacional,75,9963,0.7528,222,44231.63,0
202402,PA,Pará,transtornos_hipertensivos,outros_hipertensivos,58,9963,0.5822,195,43449.47,1
202402,PA,Pará,transtornos_hipertensivos,pre_eclampsia,282,9963,2.8305,995,278423.92,0
202402,PB,Paraíba,complicacoes_gestacao,liquido_membranas_ou_placenta,133,3555,3.7412,402,111004.54,0
202402,PB,Paraíba,complicacoes_parto,trabalho_de_parto_ou_parto,621,3555,17.4684,1771,538753.19,0
202402,PB,Paraíba,complicacoes_puerperais,outras_complicacoes_puerperais,35,3555,0.9845,129,11508.15,0
202402,PB,Paraíba,complicacoes_vasculares,complicacoes_venosas,3,3555,0.0844,16,1885.64,0
202402,PB,Paraíba,complicacoes_vasculares,embolia_obstetrica,1,3555,0.0281,3,571.28,0
202402,PB,Paraíba,desfecho_abortivo,gestacao_com_desfecho_abortivo,312,3555,8.7764,473,79945.68,0
202402,PB,Paraíba,disturbios_metabolicos,diabetes_na_gestacao,246,3555,6.9198,1036,219713.64,0
202402,PB,Paraíba,hemorragias,hemorragia_pos_parto,3,3555,0.0844,9,2480.67,0
202402,PB,Paraíba,hemorragias,outras_hemorragias_obstetricas,28,3555,0.7876,128,22463.39,0
202402,PB,Paraíba,infeccoes,infeccao_geniturinaria_gestacao,38,3555,1.0689,201,19142.76,0
202402,PB,Paraíba,infeccoes,infeccao_puerperal,20,3555,0.5626,124,5257.69,0
202402,PB,Paraíba,outras_condicoes_maternas,anemia_complicando_gestacao,6,3555,0.1688,57,7697.06,0
202402,PB,Paraíba,outras_condicoes_maternas,doencas_classificadas_em_outros_capitulos,159,3555,4.4726,809,70173.91,1
202402,PB,Paraíba,outras_condicoes_maternas,outras_condicoes_da_gestacao,21,3555,0.5907,61,13679.42,0
202402,PB,Paraíba,transtornos_hipertensivos,eclampsia,39,3555,1.097,238,77862.57,0
202402,PB,Paraíba,transtornos_hipertensivos,hipertensao_gestacional,38,3555,1.0689,134,30575.42,0
202402,PB,Paraíba,transtornos_hipertensivos,outros_hipertensivos,46,3555,1.294,101,40048.34,0
202402,PB,Paraíba,transtornos_hipertensivos,pre_eclampsia,171,3555,4.8101,845,215832.25,0
202402,PE,Pernambuco,complicacoes_anestesicas,anestesia_obstetrica,6,8365,0.0717,14,926.54,0
202402,PE,Pernambuco,complicacoes_gestacao,liquido_membranas_ou_placenta,615,8365,7.3521,1552,436895.12,0
202402,PE,Pernambuco,complicacoes_parto,trabalho_de_parto_ou_parto,646,8365,7.7227,1601,332560.39,0
202402,PE,Pernambuco,complicacoes_puerperais,outras_complicacoes_puerperais,33,8365,0.3945,144,29523.36,0
202402,PE,Pernambuco,complicacoes_vasculares,complicacoes_venosas,4,8365,0.0478,62,5534.97,0
202402,PE,Pernambuco,complicacoes_vasculares,embolia_obstetrica,1,8365,0.012,1,597.66,0
202402,PE,Pernambuco,desfecho_abortivo,gestacao_com_desfecho_abortivo,685,8365,8.1889,1270,171293.83,1
202402,PE,Pernambuco,disturbios_metabolicos,diabetes_na_gestacao,313,8365,3.7418,1233,223295.42,1
202402,PE,Pernambuco,hemorragias,hemorragia_pos_parto,11,8365,0.1315,34,10963.30,0
202402,PE,Pernambuco,hemorragias,outras_hemorragias_obstetricas,61,8365,0.7292,180,28263.18,0
202402,PE,Pernambuco,infeccoes,infeccao_geniturinaria_gestacao,79,8365,0.9444,452,17672.69,0
202402,PE,Pernambuco,infeccoes,infeccao_puerperal,75,8365,0.8966,401,29754.57,0
202402,PE,Pernambuco,outras_condicoes_maternas,anemia_complicando_gestacao,10,8365,0.1195,58,5982.38,0
202402,PE,Pernambuco,outras_condicoes_maternas,doencas_classificadas_em_outros_capitulos,132,8365,1.578,606,76116.15,1
202402,PE,Pernambuco,outras_condicoes_maternas,edema_proteinuria_sem_hipertensao,1,8365,0.012,0,52.22,0
202402,PE,Pernambuco,outras_condicoes_maternas,outras_condicoes_da_gestacao,21,8365,0.251,85,14524.74,0
202402,PE,Pernambuco,transtornos_hipertensivos,eclampsia,13,8365,0.1554,40,9092.20,0
202402,PE,Pernambuco,transtornos_hipertensivos,hipertensao_gestacional,284,8365,3.3951,1032,236277.49,0
202402,PE,Pernambuco,transtornos_hipertensivos,outros_hipertensivos,248,8365,2.9647,681,208054.51,0
202402,PE,Pernambuco,transtornos_hipertensivos,pre_eclampsia,401,8365,4.7938,1756,347218.18,0
202402,PI,Piauí,complicacoes_anestesicas,anestesia_obstetrica,3,3042,0.0986,13,559.90,0
202402,PI,Piauí,complicacoes_gestacao,liquido_membranas_ou_placenta,125,3042,4.1091,420,103818.61,0
202402,PI,Piauí,complicacoes_parto,trabalho_de_parto_ou_parto,468,3042,15.3846,1264,296472.02,0
202402,PI,Piauí,complicacoes_puerperais,outras_complicacoes_puerperais,18,3042,0.5917,87,9817.67,0
202402,PI,Piauí,complicacoes_vasculares,complicacoes_venosas,1,3042,0.0329,1,154.30,0
202402,PI,Piauí,desfecho_abortivo,gestacao_com_desfecho_abortivo,273,3042,8.9744,552,63229.99,0
202402,PI,Piauí,disturbios_metabolicos,diabetes_na_gestacao,21,3042,0.6903,188,17232.57,0
202402,PI,Piauí,hemorragias,hemorragia_pos_parto,6,3042,0.1972,18,4579.80,0
202402,PI,Piauí,hemorragias,outras_hemorragias_obstetricas,61,3042,2.0053,158,22556.46,0
202402,PI,Piauí,infeccoes,infeccao_geniturinaria_gestacao,39,3042,1.2821,147,6150.52,0
202402,PI,Piauí,infeccoes,infeccao_puerperal,26,3042,0.8547,142,10276.55,0
202402,PI,Piauí,outras_condicoes_maternas,doencas_classificadas_em_outros_capitulos,111,3042,3.6489,528,65757.14,0
202402,PI,Piauí,outras_condicoes_maternas,outras_condicoes_da_gestacao,28,3042,0.9204,97,4304.49,0
202402,PI,Piauí,transtornos_hipertensivos,eclampsia,10,3042,0.3287,38,8124.76,0
202402,PI,Piauí,transtornos_hipertensivos,hipertensao_gestacional,13,3042,0.4274,47,8820.16,0
202402,PI,Piauí,transtornos_hipertensivos,outros_hipertensivos,13,3042,0.4274,47,12164.39,0
202402,PI,Piauí,transtornos_hipertensivos,pre_eclampsia,135,3042,4.4379,771,145301.15,0
202402,PR,Paraná,complicacoes_anestesicas,anestesia_obstetrica,3,9889,0.0303,4,242.74,0
202402,PR,Paraná,complicacoes_gestacao,liquido_membranas_ou_placenta,260,9889,2.6292,709,193513.34,0
202402,PR,Paraná,complicacoes_parto,trabalho_de_parto_ou_parto,1034,9889,10.4561,2559,712412.09,0
202402,PR,Paraná,complicacoes_puerperais,outras_complicacoes_puerperais,77,9889,0.7786,202,18846.67,0
202402,PR,Paraná,complicacoes_vasculares,complicacoes_venosas,13,9889,0.1315,39,6098.72,0
202402,PR,Paraná,desfecho_abortivo,gestacao_com_desfecho_abortivo,743,9889,7.5134,924,209779.89,1
202402,PR,Paraná,disturbios_metabolicos,diabetes_na_gestacao,193,9889,1.9517,590,120046.50,0
202402,PR,Paraná,hemorragias,hemorragia_pos_parto,20,9889,0.2022,35,6072.14,0
202402,PR,Paraná,hemorragias,outras_hemorragias_obstetricas,320,9889,3.2359,546,56874.14,0
202402,PR,Paraná,infeccoes,infeccao_geniturinaria_gestacao,112,9889,1.1326,291,22257.03,0
202402,PR,Paraná,infeccoes,infeccao_puerperal,41,9889,0.4146,149,10496.21,0
202402,PR,Paraná,outras_condicoes_maternas,anemia_complicando_gestacao,4,9889,0.0404,10,532.76,0
202402,PR,Paraná,outras_condicoes_maternas,doencas_classificadas_em_outros_capitulos,783,9889,7.9179,1991,290589.33,0
202402,PR,Paraná,outras_condicoes_maternas,edema_proteinuria_sem_hipertensao,1,9889,0.0101,6,181.44,0
202402,PR,Paraná,outras_condicoes_maternas,outras_condicoes_da_gestacao,84,9889,0.8494,206,19154.08,0
202402,PR,Paraná,transtornos_hipertensivos,eclampsia,30,9889,0.3034,111,22512.24,0
202402,PR,Paraná,transtornos_hipertensivos,hipertensao_gestacional,68,9889,0.6876,211,39732.96,0
202402,PR,Paraná,transtornos_hipertensivos,outros_hipertensivos,118,9889,1.1932,320,85838.61,0
202402,PR,Paraná,transtornos_hipertensivos,pre_eclampsia,123,9889,1.2438,452,84949.36,0
202402,RJ,Rio de Janeiro,complicacoes_anestesicas,anestesia_obstetrica,23,11289,0.2037,79,5233.84,0
202402,RJ,Rio de Janeiro,complicacoes_gestacao,liquido_membranas_ou_placenta,587,11289,5.1998,2128,450777.44,0
202402,RJ,Rio de Janeiro,complicacoes_parto,trabalho_de_parto_ou_parto,1194,11289,10.5767,3793,877811.96,1
202402,RJ,Rio de Janeiro,complicacoes_puerperais,outras_complicacoes_puerperais,74,11289,0.6555,333,31795.16,0
202402,RJ,Rio de Janeiro,complicacoes_vasculares,complicacoes_venosas,14,11289,0.124,104,4241.32,0
202402,RJ,Rio de Janeiro,complicacoes_vasculares,embolia_obstetrica,1,11289,0.0089,33,524.60,0
202402,RJ,Rio de Janeiro,desfecho_abortivo,gestacao_com_desfecho_abortivo,922,11289,8.1672,1895,271386.02,1
202402,RJ,Rio de Janeiro,disturbios_metabolicos,diabetes_na_gestacao,387,11289,3.4281,1686,217789.57,0
202402,RJ,Rio de Janeiro,hemorragias,hemorragia_pos_parto,10,11289,0.0886,30,5575.84,0
202402,RJ,Rio de Janeiro,hemorragias,outras_hemorragias_obstetricas,190,11289,1.6831,518,78008.17,0
202402,RJ,Rio de Janeiro,infeccoes,infeccao_geniturinaria_gestacao,252,11289,2.2323,1203,66127.78,0
202402,RJ,Rio de Janeiro,infeccoes,infeccao_puerperal,121,11289,1.0718,741,75672.23,0
202402,RJ,Rio de Janeiro,outras_condicoes_maternas,anemia_complicando_gestacao,18,11289,0.1594,119,5296.38,0
202402,RJ,Rio de Janeiro,outras_condicoes_maternas,doencas_classificadas_em_outros_capitulos,411,11289,3.6407,1681,151392.69,0
202402,RJ,Rio de Janeiro,outras_condicoes_maternas,edema_proteinuria_sem_hipertensao,1,11289,0.0089,5,732.17,0
202402,RJ,Rio de Janeiro,outras_condicoes_maternas,outras_condicoes_da_gestacao,79,11289,0.6998,361,16342.89,0
202402,RJ,Rio de Janeiro,transtornos_hipertensivos,eclampsia,38,11289,0.3366,143,23558.81,0
202402,RJ,Rio de Janeiro,transtornos_hipertensivos,hipertensao_gestacional,214,11289,1.8957,710,137772.24,0
202402,RJ,Rio de Janeiro,transtornos_hipertensivos,outros_hipertensivos,275,11289,2.436,1187,201647.37,0
202402,RJ,Rio de Janeiro,transtornos_hipertensivos,pre_eclampsia,354,11289,3.1358,1595,342909.72,0
202402,RN,Rio Grande do Norte,complicacoes_anestesicas,anestesia_obstetrica,4,3129,0.1278,4,695.23,0
202402,RN,Rio Grande do Norte,complicacoes_gestacao,liquido_membranas_ou_placenta,75,3129,2.3969,235,63618.10,0
202402,RN,Rio Grande do Norte,complicacoes_parto,trabalho_de_parto_ou_parto,599,3129,19.1435,1586,402956.86,0
202402,RN,Rio Grande do Norte,complicacoes_puerperais,outras_complicacoes_puerperais,37,3129,1.1825,156,8609.87,0
202402,RN,Rio Grande do Norte,complicacoes_vasculares,complicacoes_venosas,4,3129,0.1278,13,1617.32,0
202402,RN,Rio Grande do Norte,complicacoes_vasculares,embolia_obstetrica,3,3129,0.0959,15,6653.16,1
202402,RN,Rio Grande do Norte,desfecho_abortivo,gestacao_com_desfecho_abortivo,271,3129,8.6609,298,61878.42,0
202402,RN,Rio Grande do Norte,disturbios_metabolicos,diabetes_na_gestacao,91,3129,2.9083,421,60831.20,0
202402,RN,Rio Grande do Norte,hemorragias,hemorragia_pos_parto,6,3129,0.1918,7,1158.92,0
202402,RN,Rio Grande do Norte,hemorragias,outras_hemorragias_obstetricas,15,3129,0.4794,27,5996.97,0
202402,RN,Rio Grande do Norte,infeccoes,infeccao_geniturinaria_gestacao,24,3129,0.767,209,16818.65,0
202402,RN,Rio Grande do Norte,infeccoes,infeccao_puerperal,29,3129,0.9268,183,12199.40,0
202402,RN,Rio Grande do Norte,outras_condicoes_maternas,anemia_complicando_gestacao,8,3129,0.2557,39,6893.12,0
202402,RN,Rio Grande do Norte,outras_condicoes_maternas,doencas_classificadas_em_outros_capitulos,14,3129,0.4474,68,10590.44,0
202402,RN,Rio Grande do Norte,outras_condicoes_maternas,edema_proteinuria_sem_hipertensao,1,3129,0.032,3,1077.74,0
202402,RN,Rio Grande do Norte,outras_condicoes_maternas,outras_condicoes_da_gestacao,11,3129,0.3516,55,2638.88,0
202402,RN,Rio Grande do Norte,transtornos_hipertensivos,eclampsia,8,3129,0.2557,34,5740.96,0
202402,RN,Rio Grande do Norte,transtornos_hipertensivos,hipertensao_gestacional,177,3129,5.6568,659,144791.53,0
202402,RN,Rio Grande do Norte,transtornos_hipertensivos,outros_hipertensivos,52,3129,1.6619,248,42083.29,0
202402,RN,Rio Grande do Norte,transtornos_hipertensivos,pre_eclampsia,168,3129,5.3691,578,143756.74,0
202402,RO,Rondônia,complicacoes_anestesicas,anestesia_obstetrica,6,1822,0.3293,9,1067.57,0
202402,RO,Rondônia,complicacoes_gestacao,liquido_membranas_ou_placenta,49,1822,2.6894,181,44949.63,0
202402,RO,Rondônia,complicacoes_parto,trabalho_de_parto_ou_parto,245,1822,13.4468,532,134930.51,0
202402,RO,Rondônia,complicacoes_puerperais,outras_complicacoes_puerperais,5,1822,0.2744,16,4860.05,0
202402,RO,Rondônia,complicacoes_vasculares,complicacoes_venosas,1,1822,0.0549,1,117.24,0
202402,RO,Rondônia,desfecho_abortivo,gestacao_com_desfecho_abortivo,131,1822,7.1899,195,27898.90,0
202402,RO,Rondônia,disturbios_metabolicos,diabetes_na_gestacao,74,1822,4.0615,328,48193.62,0
202402,RO,Rondônia,hemorragias,hemorragia_pos_parto,2,1822,0.1098,6,447.36,0
202402,RO,Rondônia,hemorragias,outras_hemorragias_obstetricas,63,1822,3.4577,106,12694.36,0
202402,RO,Rondônia,infeccoes,infeccao_geniturinaria_gestacao,113,1822,6.202,294,14904.84,0
202402,RO,Rondônia,infeccoes,infeccao_puerperal,6,1822,0.3293,35,1346.84,0
202402,RO,Rondônia,outras_condicoes_maternas,anemia_complicando_gestacao,4,1822,0.2195,6,501.56,0
202402,RO,Rondônia,outras_condicoes_maternas,doencas_classificadas_em_outros_capitulos,58,1822,3.1833,178,8692.91,0
202402,RO,Rondônia,outras_condicoes_maternas,outras_condicoes_da_gestacao,24,1822,1.3172,98,7119.29,0
202402,RO,Rondônia,transtornos_hipertensivos,eclampsia,4,1822,0.2195,16,1480.67,0
202402,RO,Rondônia,transtornos_hipertensivos,hipertensao_gestacional,15,1822,0.8233,73,10313.08,0
202402,RO,Rondônia,transtornos_hipertensivos,outros_hipertensivos,16,1822,0.8782,78,8498.65,0
202402,RO,Rondônia,transtornos_hipertensivos,pre_eclampsia,24,1822,1.3172,166,27698.31,0
202402,RR,Roraima,complicacoes_anestesicas,anestesia_obstetrica,2,740,0.2703,1,1095.99,0
202402,RR,Roraima,complicacoes_gestacao,liquido_membranas_ou_placenta,16,740,2.1622,53,15954.55,0
202402,RR,Roraima,complicacoes_parto,trabalho_de_parto_ou_parto,42,740,5.6757,127,41887.36,0
202402,RR,Roraima,complicacoes_puerperais,outras_complicacoes_puerperais,11,740,1.4865,35,2340.20,0
202402,RR,Roraima,complicacoes_vasculares,complicacoes_venosas,1,740,0.1351,5,109.24,0
202402,RR,Roraima,desfecho_abortivo,gestacao_com_desfecho_abortivo,62,740,8.3784,156,17840.87,0
202402,RR,Roraima,disturbios_metabolicos,diabetes_na_gestacao,45,740,6.0811,232,30499.78,0
202402,RR,Roraima,hemorragias,outras_hemorragias_obstetricas,23,740,3.1081,84,9952.30,0
202402,RR,Roraima,infeccoes,infeccao_geniturinaria_gestacao,14,740,1.8919,97,2804.10,0
202402,RR,Roraima,infeccoes,infeccao_puerperal,22,740,2.973,136,5459.76,0
202402,RR,Roraima,outras_condicoes_maternas,doencas_classificadas_em_outros_capitulos,41,740,5.5405,243,7807.82,0
202402,RR,Roraima,outras_condicoes_maternas,outras_condicoes_da_gestacao,10,740,1.3514,55,2363.11,0
202402,RR,Roraima,transtornos_hipertensivos,eclampsia,4,740,0.5405,17,2359.06,0
202402,RR,Roraima,transtornos_hipertensivos,hipertensao_gestacional,7,740,0.9459,24,1993.23,0
202402,RR,Roraima,transtornos_hipertensivos,outros_hipertensivos,12,740,1.6216,45,12344.48,0
202402,RR,Roraima,transtornos_hipertensivos,pre_eclampsia,6,740,0.8108,29,4619.74,0
202402,RS,Rio Grande do Sul,complicacoes_anestesicas,anestesia_obstetrica,4,7743,0.0517,12,1732.94,0
202402,RS,Rio Grande do Sul,complicacoes_gestacao,liquido_membranas_ou_placenta,301,7743,3.8874,870,229666.40,0
202402,RS,Rio Grande do Sul,complicacoes_parto,trabalho_de_parto_ou_parto,1043,7743,13.4702,2953,718580.86,1
202402,RS,Rio Grande do Sul,complicacoes_puerperais,outras_complicacoes_puerperais,28,7743,0.3616,114,12078.78,0
202402,RS,Rio Grande do Sul,complicacoes_vasculares,complicacoes_venosas,9,7743,0.1162,108,2848.53,0
202402,RS,Rio Grande do Sul,desfecho_abortivo,gestacao_com_desfecho_abortivo,559,7743,7.2194,786,152098.07,0
202402,RS,Rio Grande do Sul,disturbios_metabolicos,diabetes_na_gestacao,173,7743,2.2343,826,99800.24,0
202402,RS,Rio Grande do Sul,hemorragias,hemorragia_pos_parto,5,7743,0.0646,16,1929.56,0
202402,RS,Rio Grande do Sul,hemorragias,outras_hemorragias_obstetricas,98,7743,1.2657,232,42865.01,0
202402,RS,Rio Grande do Sul,infeccoes,infeccao_geniturinaria_gestacao,114,7743,1.4723,495,28668.05,0
202402,RS,Rio Grande do Sul,infeccoes,infeccao_puerperal,43,7743,0.5553,154,11677.46,0
202402,RS,Rio Grande do Sul,outras_condicoes_maternas,anemia_complicando_gestacao,8,7743,0.1033,18,2215.85,0
202402,RS,Rio Grande do Sul,outras_condicoes_maternas,doencas_classificadas_em_outros_capitulos,306,7743,3.952,1462,88325.59,0
202402,RS,Rio Grande do Sul,outras_condicoes_maternas,edema_proteinuria_sem_hipertensao,11,7743,0.1421,38,1849.48,0
202402,RS,Rio Grande do Sul,outras_condicoes_maternas,outras_condicoes_da_gestacao,38,7743,0.4908,159,9330.40,0
202402,RS,Rio Grande do Sul,transtornos_hipertensivos,eclampsia,40,7743,0.5166,226,23360.39,0
202402,RS,Rio Grande do Sul,transtornos_hipertensivos,hipertensao_gestacional,56,7743,0.7232,206,27792.22,0
202402,RS,Rio Grande do Sul,transtornos_hipertensivos,outros_hipertensivos,98,7743,1.2657,411,71515.89,0
202402,RS,Rio Grande do Sul,transtornos_hipertensivos,pre_eclampsia,226,7743,2.9188,1291,157553.72,0
202402,SC,Santa Catarina,complicacoes_anestesicas,anestesia_obstetrica,5,6604,0.0757,6,968.78,0
202402,SC,Santa Catarina,complicacoes_gestacao,liquido_membranas_ou_placenta,148,6604,2.2411,364,121873.62,0
202402,SC,Santa Catarina,complicacoes_parto,trabalho_de_parto_ou_parto,887,6604,13.4313,2359,628921.95,0
202402,SC,Santa Catarina,complicacoes_puerperais,outras_complicacoes_puerperais,40,6604,0.6057,109,11733.36,0
202402,SC,Santa Catarina,complicacoes_vasculares,complicacoes_venosas,6,6604,0.0909,16,917.96,0
202402,SC,Santa Catarina,desfecho_abortivo,gestacao_com_desfecho_abortivo,537,6604,8.1314,538,161267.65,0
202402,SC,Santa Catarina,disturbios_metabolicos,diabetes_na_gestacao,262,6604,3.9673,818,148971.24,0
202402,SC,Santa Catarina,hemorragias,hemorragia_pos_parto,11,6604,0.1666,40,7062.42,0
202402,SC,Santa Catarina,hemorragias,outras_hemorragias_obstetricas,116,6604,1.7565,222,51350.10,0
202402,SC,Santa Catarina,infeccoes,infeccao_geniturinaria_gestacao,147,6604,2.2259,512,37977.58,1
202402,SC,Santa Catarina,infeccoes,infeccao_puerperal,40,6604,0.6057,194,34551.89,0
202402,SC,Santa Catarina,outras_condicoes_maternas,anemia_complicando_gestacao,3,6604,0.0454,5,402.80,0
202402,SC,Santa Catarina,outras_condicoes_maternas,doencas_classificadas_em_outros_capitulos,148,6604,2.2411,485,42882.25,1
202402,SC,Santa Catarina,outras_condicoes_maternas,edema_proteinuria_sem_hipertensao,5,6604,0.0757,10,929.73,0
202402,SC,Santa Catarina,outras_condicoes_maternas,outras_condicoes_da_gestacao,45,6604,0.6814,141,12424.33,0
202402,SC,Santa Catarina,transtornos_hipertensivos,eclampsia,16,6604,0.2423,32,9101.28,0
202402,SC,Santa Catarina,transtornos_hipertensivos,hipertensao_gestacional,58,6604,0.8783,201,24966.04,0
202402,SC,Santa Catarina,transtornos_hipertensivos,outros_hipertensivos,66,6604,0.9994,202,51216.89,0
202402,SC,Santa Catarina,transtornos_hipertensivos,pre_eclampsia,129,6604,1.9534,530,97862.14,0
202402,SE,Sergipe,complicacoes_gestacao,liquido_membranas_ou_placenta,21,2069,1.015,59,15937.66,0
202402,SE,Sergipe,complicacoes_parto,trabalho_de_parto_ou_parto,304,2069,14.6931,558,140777.00,0
202402,SE,Sergipe,complicacoes_puerperais,outras_complicacoes_puerperais,18,2069,0.87,68,4084.83,0
202402,SE,Sergipe,complicacoes_vasculares,complicacoes_venosas,2,2069,0.0967,3,287.54,0
202402,SE,Sergipe,desfecho_abortivo,gestacao_com_desfecho_abortivo,149,2069,7.2015,217,39232.75,0
202402,SE,Sergipe,disturbios_metabolicos,diabetes_na_gestacao,61,2069,2.9483,316,34852.42,0
202402,SE,Sergipe,hemorragias,hemorragia_pos_parto,2,2069,0.0967,3,464.80,0
202402,SE,Sergipe,hemorragias,outras_hemorragias_obstetricas,21,2069,1.015,70,17475.29,0
202402,SE,Sergipe,infeccoes,infeccao_geniturinaria_gestacao,23,2069,1.1116,144,5552.96,0
202402,SE,Sergipe,infeccoes,infeccao_puerperal,25,2069,1.2083,165,13030.41,0
202402,SE,Sergipe,outras_condicoes_maternas,doencas_classificadas_em_outros_capitulos,23,2069,1.1116,113,9875.54,0
202402,SE,Sergipe,outras_condicoes_maternas,outras_condicoes_da_gestacao,3,2069,0.145,14,901.33,0
202402,SE,Sergipe,transtornos_hipertensivos,eclampsia,4,2069,0.1933,15,3419.36,0
202402,SE,Sergipe,transtornos_hipertensivos,hipertensao_gestacional,20,2069,0.9667,74,7011.36,0
202402,SE,Sergipe,transtornos_hipertensivos,outros_hipertensivos,40,2069,1.9333,141,24193.17,0
202402,SE,Sergipe,transtornos_hipertensivos,pre_eclampsia,57,2069,2.755,227,43334.07,0
202402,SP,São Paulo,complicacoes_anestesicas,anestesia_obstetrica,27,30930,0.0873,65,7177.92,0
202402,SP,São Paulo,complicacoes_gestacao,liquido_membranas_ou_placenta,990,30930,3.2008,3212,724609.44,1
202402,SP,São Paulo,complicacoes_parto,trabalho_de_parto_ou_parto,3769,30930,12.1856,10739,2508031.54,4
202402,SP,São Paulo,complicacoes_puerperais,outras_complicacoes_puerperais,96,30930,0.3104,548,39768.21,0
202402,SP,São Paulo,complicacoes_vasculares,complicacoes_venosas,33,30930,0.1067,162,13212.76,0
202402,SP,São Paulo,complicacoes_vasculares,embolia_obstetrica,1,30930,0.0032,8,218.10,0
202402,SP,São Paulo,desfecho_abortivo,gestacao_com_desfecho_abortivo,2087,30930,6.7475,3782,594635.07,1
202402,SP,São Paulo,disturbios_metabolicos,diabetes_na_gestacao,1154,30930,3.731,4143,575508.34,0
202402,SP,São Paulo,hemorragias,hemorragia_pos_parto,48,30930,0.1552,127,32093.43,0
202402,SP,São Paulo,hemorragias,outras_hemorragias_obstetricas,738,30930,2.386,1384,241668.12,1
202402,SP,São Paulo,infeccoes,infeccao_geniturinaria_gestacao,465,30930,1.5034,1918,103495.63,0
202402,SP,São Paulo,infeccoes,infeccao_puerperal,189,30930,0.6111,928,86220.56,0
202402,SP,São Paulo,outras_condicoes_maternas,anemia_complicando_gestacao,24,30930,0.0776,85,11346.69,0
202402,SP,São Paulo,outras_condicoes_maternas,doencas_classificadas_em_outros_capitulos,698,30930,2.2567,2142,265622.86,0
202402,SP,São Paulo,outras_condicoes_maternas,edema_proteinuria_sem_hipertensao,5,30930,0.0162,14,1303.71,0
202402,SP,São Paulo,outras_condicoes_maternas,outras_condicoes_da_gestacao,222,30930,0.7177,848,54725.07,1
202402,SP,São Paulo,transtornos_hipertensivos,eclampsia,117,30930,0.3783,620,105462.86,0
202402,SP,São Paulo,transtornos_hipertensivos,hipertensao_gestacional,431,30930,1.3935,1398,254230.50,1
202402,SP,São Paulo,transtornos_hipertensivos,outros_hipertensivos,255,30930,0.8244,885,206052.19,0
202402,SP,São Paulo,transtornos_hipertensivos,pre_eclampsia,645,30930,2.0854,2692,617954.91,0
202402,TO,Tocantins,complicacoes_anestesicas,anestesia_obstetrica,1,1629,0.0614,1,154.30,0
202402,TO,Tocantins,complicacoes_gestacao,liquido_membranas_ou_placenta,34,1629,2.0872,74,23568.88,0
202402,TO,Tocantins,complicacoes_parto,trabalho_de_parto_ou_parto,357,1629,21.9153,929,266615.70,1
202402,TO,Tocantins,complicacoes_puerperais,outras_complicacoes_puerperais,13,1629,0.798,44,2448.58,0
202402,TO,Tocantins,complicacoes_vasculares,complicacoes_venosas,2,1629,0.1228,3,807.60,0
202402,TO,Tocantins,desfecho_abortivo,gestacao_com_desfecho_abortivo,139,1629,8.5328,255,34400.99,0
202402,TO,Tocantins,disturbios_metabolicos,diabetes_na_gestacao,50,1629,3.0694,151,22234.73,0
202402,TO,Tocantins,hemorragias,hemorragia_pos_parto,1,1629,0.0614,7,578.44,0
202402,TO,Tocantins,hemorragias,outras_hemorragias_obstetricas,33,1629,2.0258,55,8229.91,0
202402,TO,Tocantins,infeccoes,infeccao_geniturinaria_gestacao,22,1629,1.3505,61,3127.54,0
202402,TO,Tocantins,infeccoes,infeccao_puerperal,14,1629,0.8594,76,6952.52,0
202402,TO,Tocantins,outras_condicoes_maternas,anemia_complicando_gestacao,3,1629,0.1842,18,694.55,0
202402,TO,Tocantins,outras_condicoes_maternas,doencas_classificadas_em_outros_capitulos,25,1629,1.5347,64,6321.22,0
202402,TO,Tocantins,outras_condicoes_maternas,outras_condicoes_da_gestacao,14,1629,0.8594,46,2011.71,0
202402,TO,Tocantins,transtornos_hipertensivos,eclampsia,6,1629,0.3683,25,4529.41,0
202402,TO,Tocantins,transtornos_hipertensivos,hipertensao_gestacional,21,1629,1.2891,63,11966.11,0
202402,TO,Tocantins,transtornos_hipertensivos,outros_hipertensivos,25,1629,1.5347,120,13452.97,0
202402,TO,Tocantins,transtornos_hipertensivos,pre_eclampsia,63,1629,3.8674,229,40971.06,0
202403,AC,Acre,complicacoes_anestesicas,anestesia_obstetrica,2,1240,0.1613,4,341.60,0
202403,AC,Acre,complicacoes_gestacao,liquido_membranas_ou_placenta,32,1240,2.5806,92,27174.58,0
202403,AC,Acre,complicacoes_parto,trabalho_de_parto_ou_parto,169,1240,13.629,544,139554.60,0
202403,AC,Acre,complicacoes_puerperais,outras_complicacoes_puerperais,2,1240,0.1613,10,316.60,0
202403,AC,Acre,complicacoes_vasculares,complicacoes_venosas,1,1240,0.0806,7,209.50,0
202403,AC,Acre,desfecho_abortivo,gestacao_com_desfecho_abortivo,116,1240,9.3548,133,25065.40,0
202403,AC,Acre,disturbios_metabolicos,diabetes_na_gestacao,28,1240,2.2581,101,29272.79,0
202403,AC,Acre,hemorragias,outras_hemorragias_obstetricas,10,1240,0.8065,29,3183.18,0
202403,AC,Acre,infeccoes,infeccao_geniturinaria_gestacao,33,1240,2.6613,109,5784.12,0
202403,AC,Acre,infeccoes,infeccao_puerperal,9,1240,0.7258,41,1708.29,0
202403,AC,Acre,outras_condicoes_maternas,doencas_classificadas_em_outros_capitulos,33,1240,2.6613,119,6508.58,0
202403,AC,Acre,outras_condicoes_maternas,outras_condicoes_da_gestacao,8,1240,0.6452,20,1060.32,0
202403,AC,Acre,transtornos_hipertensivos,eclampsia,1,1240,0.0806,0,123.99,0
202403,AC,Acre,transtornos_hipertensivos,hipertensao_gestacional,7,1240,0.5645,15,3396.96,0
202403,AC,Acre,transtornos_hipertensivos,outros_hipertensivos,5,1240,0.4032,15,2615.26,0
202403,AC,Acre,transtornos_hipertensivos,pre_eclampsia,51,1240,4.1129,216,39566.97,1
202403,AL,Alagoas,complicacoes_anestesicas,anestesia_obstetrica,1,3899,0.0256,2,170.30,0
202403,AL,Alagoas,complicacoes_gestacao,liquido_membranas_ou_placenta,296,3899,7.5917,697,220644.64,0
202403,AL,Alagoas,complicacoes_parto,trabalho_de_parto_ou_parto,345,3899,8.8484,947,237889.73,0
202403,AL,Alagoas,complicacoes_puerperais,outras_complicacoes_puerperais,45,3899,1.1541,102,8836.58,0
202403,AL,Alagoas,complicacoes_vasculares,complicacoes_venosas,8,3899,0.2052,50,2043.59,0
202403,AL,Alagoas,desfecho_abortivo,gestacao_com_desfecho_abortivo,245,3899,6.2837,543,59904.88,0
202403,AL,Alagoas,disturbios_metabolicos,diabetes_na_gestacao,59,3899,1.5132,278,47799.71,0
202403,AL,Alagoas,hemorragias,hemorragia_pos_parto,3,3899,0.0769,7,1124.36,0
202403,AL,Alagoas,hemorragias,outras_hemorragias_obstetricas,29,3899,0.7438,85,22623.73,0
202403,AL,Alagoas,infeccoes,infeccao_geniturinaria_gestacao,48,3899,1.2311,292,10836.47,0
202403,AL,Alagoas,infeccoes,infeccao_puerperal,37,3899,0.949,204,8261.69,0
202403,AL,Alagoas,outras_condicoes_maternas,anemia_complicando_gestacao,3,3899,0.0769,12,519.68,0
202403,AL,Alagoas,outras_condicoes_maternas,doencas_classificadas_em_outros_capitulos,92,3899,2.3596,493,39714.98,0
202403,AL,Alagoas,outras_condicoes_maternas,outras_condicoes_da_gestacao,14,3899,0.3591,77,7410.56,0
202403,AL,Alagoas,transtornos_hipertensivos,eclampsia,17,3899,0.436,49,11987.33,0
202403,AL,Alagoas,transtornos_hipertensivos,hipertensao_gestacional,51,3899,1.308,174,31247.83,0
202403,AL,Alagoas,transtornos_hipertensivos,outros_hipertensivos,78,3899,2.0005,259,67375.51,0
202403,AL,Alagoas,transtornos_hipertensivos,pre_eclampsia,134,3899,3.4368,525,110609.92,0
202403,AM,Amazonas,complicacoes_anestesicas,anestesia_obstetrica,2,5286,0.0378,7,267.55,0
202403,AM,Amazonas,complicacoes_gestacao,liquido_membranas_ou_placenta,93,5286,1.7594,441,93820.06,0
202403,AM,Amazonas,complicacoes_parto,trabalho_de_parto_ou_parto,760,5286,14.3776,3241,602822.53,0
202403,AM,Amazonas,complicacoes_puerperais,outras_complicacoes_puerperais,31,5286,0.5865,137,11544.99,0
202403,AM,Amazonas,complicacoes_vasculares,complicacoes_venosas,3,5286,0.0568,9,929.47,0
202403,AM,Amazonas,complicacoes_vasculares,embolia_obstetrica,1,5286,0.0189,1,220.02,0
202403,AM,Amazonas,desfecho_abortivo,gestacao_com_desfecho_abortivo,419,5286,7.9266,819,99751.11,0
202403,AM,Amazonas,disturbios_metabolicos,diabetes_na_gestacao,9,5286,0.1703,39,6666.37,0
202403,AM,Amazonas,hemorragias,outras_hemorragias_obstetricas,87,5286,1.6459,250,26421.68,0
202403,AM,Amazonas,infeccoes,infeccao_geniturinaria_gestacao,153,5286,2.8944,544,25090.98,0
202403,AM,Amazonas,infeccoes,infeccao_puerperal,44,5286,0.8324,230,13375.58,1
202403,AM,Amazonas,outras_condicoes_maternas,anemia_complicando_gestacao,3,5286,0.0568,6,399.92,0
202403,AM,Amazonas,outras_condicoes_maternas,doencas_classificadas_em_outros_capitulos,75,5286,1.4188,343,23478.86,0
202403,AM,Amazonas,outras_condicoes_maternas,edema_proteinuria_sem_hipertensao,1,5286,0.0189,2,139.99,0
202403,AM,Amazonas,outras_condicoes_maternas,outras_condicoes_da_gestacao,19,5286,0.3594,59,3554.38,0
202403,AM,Amazonas,transtornos_hipertensivos,eclampsia,4,5286,0.0757,11,3171.18,0
202403,AM,Amazonas,transtornos_hipertensivos,hipertensao_gestacional,18,5286,0.3405,60,8754.83,0
202403,AM,Amazonas,transtornos_hipertensivos,outros_hipertensivos,16,5286,0.3027,63,11195.35,0
202403,AM,Amazonas,transtornos_hipertensivos,pre_eclampsia,92,5286,1.7404,410,84898.42,0
202403,AP,Amapá,complicacoes_anestesicas,anestesia_obstetrica,2,1278,0.1565,5,309.60,0
202403,AP,Amapá,complicacoes_gestacao,liquido_membranas_ou_placenta,51,1278,3.9906,164,36352.99,0
202403,AP,Amapá,complicacoes_parto,trabalho_de_parto_ou_parto,147,1278,11.5023,603,91976.04,0
202403,AP,Amapá,complicacoes_puerperais,outras_complicacoes_puerperais,3,1278,0.2347,13,557.85,0
202403,AP,Amapá,desfecho_abortivo,gestacao_com_desfecho_abortivo,128,1278,10.0156,293,31544.83,0
202403,AP,Amapá,disturbios_metabolicos,diabetes_na_gestacao,44,1278,3.4429,215,22594.90,0
202403,AP,Amapá,hemorragias,hemorragia_pos_parto,3,1278,0.2347,7,643.26,0
202403,AP,Amapá,hemorragias,outras_hemorragias_obstetricas,13,1278,1.0172,40,5882.07,0
202403,AP,Amapá,infeccoes,infeccao_geniturinaria_gestacao,24,1278,1.8779,164,5033.15,0
202403,AP,Amapá,infeccoes,infeccao_puerperal,21,1278,1.6432,91,4023.84,0
202403,AP,Amapá,outras_condicoes_maternas,doencas_classificadas_em_outros_capitulos,33,1278,2.5822,159,7669.85,0
202403,AP,Amapá,outras_condicoes_maternas,outras_condicoes_da_gestacao,1,1278,0.0782,2,126.24,0
202403,AP,Amapá,transtornos_hipertensivos,eclampsia,4,1278,0.313,6,1072.23,0
202403,AP,Amapá,transtornos_hipertensivos,hipertensao_gestacional,41,1278,3.2081,163,26311.11,0
202403,AP,Amapá,transtornos_hipertensivos,outros_hipertensivos,27,1278,2.1127,103,13620.65,0
202403,AP,Amapá,transtornos_hipertensivos,pre_eclampsia,27,1278,2.1127,114,18346.12,1
202403,BA,Bahia,complicacoes_anestesicas,anestesia_obstetrica,6,13301,0.0451,9,950.80,0
202403,BA,Bahia,complicacoes_gestacao,liquido_membranas_ou_placenta,389,13301,2.9246,1198,290392.57,0
202403,BA,Bahia,complicacoes_parto,trabalho_de_parto_ou_parto,1219,13301,9.1647,3312,746988.65,0
202403,BA,Bahia,complicacoes_puerperais,outras_complicacoes_puerperais,120,13301,0.9022,593,73585.48,1
202403,BA,Bahia,complicacoes_vasculares,complicacoes_venosas,18,13301,0.1353,105,9746.60,0
202403,BA,Bahia,desfecho_abortivo,gestacao_com_desfecho_abortivo,1193,13301,8.9693,2156,264632.22,0
202403,BA,Bahia,disturbios_metabolicos,diabetes_na_gestacao,282,13301,2.1201,1371,148983.42,0
202403,BA,Bahia,hemorragias,hemorragia_pos_parto,17,13301,0.1278,68,26896.03,1
202403,BA,Bahia,hemorragias,outras_hemorragias_obstetricas,259,13301,1.9472,613,61089.61,0
202403,BA,Bahia,infeccoes,infeccao_geniturinaria_gestacao,190,13301,1.4285,802,46250.63,0
202403,BA,Bahia,infeccoes,infeccao_puerperal,126,13301,0.9473,719,52032.20,0
202403,BA,Bahia,outras_condicoes_maternas,anemia_complicando_gestacao,11,13301,0.0827,66,9077.73,0
202403,BA,Bahia,outras_condicoes_maternas,doencas_classificadas_em_outros_capitulos,555,13301,4.1726,2330,218490.98,0
202403,BA,Bahia,outras_condicoes_maternas,edema_proteinuria_sem_hipertensao,2,13301,0.015,7,242.48,0
202403,BA,Bahia,outras_condicoes_maternas,outras_condicoes_da_gestacao,103,13301,0.7744,393,18520.35,0
202403,BA,Bahia,transtornos_hipertensivos,eclampsia,20,13301,0.1504,123,14046.28,0
202403,BA,Bahia,transtornos_hipertensivos,hipertensao_gestacional,203,13301,1.5262,781,122386.41,0
202403,BA,Bahia,transtornos_hipertensivos,outros_hipertensivos,211,13301,1.5863,798,169287.04,0
202403,BA,Bahia,transtornos_hipertensivos,pre_eclampsia,236,13301,1.7743,1043,187911.94,1
202403,CE,Ceará,complicacoes_anestesicas,anestesia_obstetrica,6,9081,0.0661,11,1026.83,0
202403,CE,Ceará,complicacoes_gestacao,liquido_membranas_ou_placenta,481,9081,5.2968,1504,342656.52,0
202403,CE,Ceará,complicacoes_parto,trabalho_de_parto_ou_parto,1071,9081,11.7939,2582,685084.07,0
202403,CE,Ceará,complicacoes_puerperais,outras_complicacoes_puerperais,42,9081,0.4625,237,11308.95,0
202403,CE,Ceará,complicacoes_vasculares,complicacoes_venosas,7,9081,0.0771,29,1314.92,0
202403,CE,Ceará,desfecho_abortivo,gestacao_com_desfecho_abortivo,777,9081,8.5563,1355,174185.00,0
202403,CE,Ceará,disturbios_metabolicos,diabetes_na_gestacao,333,9081,3.667,1321,198498.98,0
202403,CE,Ceará,hemorragias,hemorragia_pos_parto,14,9081,0.1542,91,36770.51,1
202403,CE,Ceará,hemorragias,outras_hemorragias_obstetricas,148,9081,1.6298,327,66617.16,1
202403,CE,Ceará,infeccoes,infeccao_geniturinaria_gestacao,173,9081,1.9051,699,25631.45,0
202403,CE,Ceará,infeccoes,infeccao_puerperal,53,9081,0.5836,289,21354.91,0
202403,CE,Ceará,outras_condicoes_maternas,anemia_complicando_gestacao,4,9081,0.044,16,810.88,0
202403,CE,Ceará,outras_condicoes_maternas,doencas_classificadas_em_outros_capitulos,354,9081,3.8982,1350,101427.02,0
202403,CE,Ceará,outras_condicoes_maternas,edema_proteinuria_sem_hipertensao,7,9081,0.0771,15,4279.95,0
202403,CE,Ceará,outras_condicoes_maternas,outras_condicoes_da_gestacao,57,9081,0.6277,198,27901.88,0
202403,CE,Ceará,transtornos_hipertensivos,eclampsia,29,9081,0.3193,139,28385.50,0
202403,CE,Ceará,transtornos_hipertensivos,hipertensao_gestacional,136,9081,1.4976,442,94018.38,0
202403,CE,Ceará,transtornos_hipertensivos,outros_hipertensivos,104,9081,1.1452,389,72658.92,0
202403,CE,Ceará,transtornos_hipertensivos,pre_eclampsia,603,9081,6.6402,2759,478649.73,0
202403,DF,Distrito Federal,complicacoes_anestesicas,anestesia_obstetrica,13,3190,0.4075,51,2634.06,0
202403,DF,Distrito Federal,complicacoes_gestacao,liquido_membranas_ou_placenta,88,3190,2.7586,373,68950.24,0
202403,DF,Distrito Federal,complicacoes_parto,trabalho_de_parto_ou_parto,690,3190,21.6301,1948,338237.56,0
202403,DF,Distrito Federal,complicacoes_puerperais,outras_complicacoes_puerperais,61,3190,1.9122,300,21510.90,0
202403,DF,Distrito Federal,complicacoes_vasculares,complicacoes_venosas,5,3190,0.1567,22,851.24,0
202403,DF,Distrito Federal,desfecho_abortivo,gestacao_com_desfecho_abortivo,213,3190,6.6771,263,44974.51,0
202403,DF,Distrito Federal,disturbios_metabolicos,diabetes_na_gestacao,92,3190,2.884,412,51678.84,0
202403,DF,Distrito Federal,hemorragias,hemorragia_pos_parto,9,3190,0.2821,25,4773.28,0
202403,DF,Distrito Federal,hemorragias,outras_hemorragias_obstetricas,50,3190,1.5674,100,18748.47,0
202403,DF,Distrito Federal,infeccoes,infeccao_geniturinaria_gestacao,64,3190,2.0063,234,10200.54,0
202403,DF,Distrito Federal,infeccoes,infeccao_puerperal,44,3190,1.3793,268,13173.04,0
202403,DF,Distrito Federal,outras_condicoes_maternas,anemia_complicando_gestacao,2,3190,0.0627,11,644.31,0
202403,DF,Distrito Federal,outras_condicoes_maternas,doencas_classificadas_em_outros_capitulos,123,3190,3.8558,524,36205.42,0
202403,DF,Distrito Federal,outras_condicoes_maternas,edema_proteinuria_sem_hipertensao,2,3190,0.0627,24,939.80,0
202403,DF,Distrito Federal,outras_condicoes_maternas,outras_condicoes_da_gestacao,32,3190,1.0031,57,5970.83,0
202403,DF,Distrito Federal,transtornos_hipertensivos,eclampsia,10,3190,0.3135,48,16361.23,0
202403,DF,Distrito Federal,transtornos_hipertensivos,hipertensao_gestacional,85,3190,2.6646,333,40411.52,0
202403,DF,Distrito Federal,transtornos_hipertensivos,outros_hipertensivos,57,3190,1.7868,271,17894.10,0
202403,DF,Distrito Federal,transtornos_hipertensivos,pre_eclampsia,51,3190,1.5987,296,45995.83,0
202403,ES,Espírito Santo,complicacoes_anestesicas,anestesia_obstetrica,3,3585,0.0837,9,535.90,0
202403,ES,Espírito Santo,complicacoes_gestacao,liquido_membranas_ou_placenta,159,3585,4.4351,519,125251.33,0
202403,ES,Espírito Santo,complicacoes_parto,trabalho_de_parto_ou_parto,418,3585,11.6597,1142,291042.37,0
202403,ES,Espírito Santo,complicacoes_puerperais,outras_complicacoes_puerperais,25,3585,0.6974,164,40019.03,1
202403,ES,Espírito Santo,complicacoes_vasculares,complicacoes_venosas,10,3585,0.2789,31,2349.81,0
202403,ES,Espírito Santo,desfecho_abortivo,gestacao_com_desfecho_abortivo,219,3585,6.1088,398,60319.85,0
202403,ES,Espírito Santo,disturbios_metabolicos,diabetes_na_gestacao,171,3585,4.7699,684,121769.23,0
202403,ES,Espírito Santo,hemorragias,hemorragia_pos_parto,4,3585,0.1116,6,1265.78,0
202403,ES,Espírito Santo,hemorragias,outras_hemorragias_obstetricas,33,3585,0.9205,69,15750.64,0
202403,ES,Espírito Santo,infeccoes,infeccao_geniturinaria_gestacao,56,3585,1.5621,265,15935.10,0
202403,ES,Espírito Santo,infeccoes,infeccao_puerperal,37,3585,1.0321,153,16640.72,0
202403,ES,Espírito Santo,outras_condicoes_maternas,anemia_complicando_gestacao,2,3585,0.0558,19,4429.74,0
202403,ES,Espírito Santo,outras_condicoes_maternas,doencas_classificadas_em_outros_capitulos,92,3585,2.5662,459,50998.37,0
202403,ES,Espírito Santo,outras_condicoes_maternas,outras_condicoes_da_gestacao,34,3585,0.9484,113,6148.41,0
202403,ES,Espírito Santo,transtornos_hipertensivos,eclampsia,4,3585,0.1116,38,22493.99,0
202403,ES,Espírito Santo,transtornos_hipertensivos,hipertensao_gestacional,64,3585,1.7852,237,54871.78,0
202403,ES,Espírito Santo,transtornos_hipertensivos,outros_hipertensivos,180,3585,5.0209,509,182824.44,0
202403,ES,Espírito Santo,transtornos_hipertensivos,pre_eclampsia,44,3585,1.2273,206,53183.01,0
202403,GO,Goiás,complicacoes_anestesicas,anestesia_obstetrica,12,6191,0.1938,33,4199.05,0
202403,GO,Goiás,complicacoes_gestacao,liquido_membranas_ou_placenta,183,6191,2.9559,505,133487.07,13
202403,GO,Goiás,complicacoes_parto,trabalho_de_parto_ou_parto,782,6191,12.6312,1987,439439.53,17
202403,GO,Goiás,complicacoes_puerperais,outras_complicacoes_puerperais,48,6191,0.7753,175,15836.94,0
202403,GO,Goiás,complicacoes_vasculares,complicacoes_venosas,2,6191,0.0323,7,364.60,0
202403,GO,Goiás,desfecho_abortivo,gestacao_com_desfecho_abortivo,395,6191,6.3802,710,142068.52,2
202403,GO,Goiás,disturbios_metabolicos,diabetes_na_gestacao,143,6191,2.3098,566,79298.66,2
202403,GO,Goiás,hemorragias,hemorragia_pos_parto,10,6191,0.1615,31,6359.94,0
202403,GO,Goiás,hemorragias,outras_hemorragias_obstetricas,139,6191,2.2452,291,36612.83,2
202403,GO,Goiás,infeccoes,infeccao_geniturinaria_gestacao,72,6191,1.163,248,12375.04,0
202403,GO,Goiás,infeccoes,infeccao_puerperal,36,6191,0.5815,137,10967.60,1
202403,GO,Goiás,outras_condicoes_maternas,anemia_complicando_gestacao,5,6191,0.0808,7,542.24,0
202403,GO,Goiás,outras_condicoes_maternas,doencas_classificadas_em_outros_capitulos,252,6191,4.0704,1008,128651.35,0
202403,GO,Goiás,outras_condicoes_maternas,edema_proteinuria_sem_hipertensao,3,6191,0.0485,8,1125.39,1
202403,GO,Goiás,outras_condicoes_maternas,outras_condicoes_da_gestacao,35,6191,0.5653,72,7787.73,0
202403,GO,Goiás,transtornos_hipertensivos,eclampsia,23,6191,0.3715,82,13730.31,1
202403,GO,Goiás,transtornos_hipertensivos,hipertensao_gestacional,58,6191,0.9368,191,31520.82,3
202403,GO,Goiás,transtornos_hipertensivos,outros_hipertensivos,118,6191,1.906,438,106398.72,5
202403,GO,Goiás,transtornos_hipertensivos,pre_eclampsia,116,6191,1.8737,428,96741.39,0
202403,MA,Maranhão,complicacoes_anestesicas,anestesia_obstetrica,8,7606,0.1052,15,1272.41,0
202403,MA,Maranhão,complicacoes_gestacao,liquido_membranas_ou_placenta,249,7606,3.2737,788,183400.98,1
202403,MA,Maranhão,complicacoes_parto,trabalho_de_parto_ou_parto,1154,7606,15.1722,3610,896124.58,1
202403,MA,Maranhão,complicacoes_puerperais,outras_complicacoes_puerperais,17,7606,0.2235,71,4561.60,1
202403,MA,Maranhão,complicacoes_vasculares,complicacoes_venosas,12,7606,0.1578,129,5293.04,0
202403,MA,Maranhão,desfecho_abortivo,gestacao_com_desfecho_abortivo,671,7606,8.822,1334,189698.56,0
202403,MA,Maranhão,disturbios_metabolicos,diabetes_na_gestacao,41,7606,0.539,169,36558.00,0
202403,MA,Maranhão,hemorragias,hemorragia_pos_parto,6,7606,0.0789,43,8927.51,0
202403,MA,Maranhão,hemorragias,outras_hemorragias_obstetricas,137,7606,1.8012,481,48065.01,0
202403,MA,Maranhão,infeccoes,infeccao_geniturinaria_gestacao,85,7606,1.1175,373,15299.37,0
202403,MA,Maranhão,infeccoes,infeccao_puerperal,53,7606,0.6968,340,17752.14,0
202403,MA,Maranhão,outras_condicoes_maternas,anemia_complicando_gestacao,5,7606,0.0657,10,930.67,0
202403,MA,Maranhão,outras_condicoes_maternas,doencas_classificadas_em_outros_capitulos,42,7606,0.5522,149,11923.62,0
202403,MA,Maranhão,outras_condicoes_maternas,outras_condicoes_da_gestacao,43,7606,0.5653,136,20229.73,0
202403,MA,Maranhão,transtornos_hipertensivos,eclampsia,18,7606,0.2367,54,16517.58,1
202403,MA,Maranhão,transtornos_hipertensivos,hipertensao_gestacional,60,7606,0.7889,274,49076.97,0
202403,MA,Maranhão,transtornos_hipertensivos,outros_hipertensivos,120,7606,1.5777,473,86277.65,0
202403,MA,Maranhão,transtornos_hipertensivos,pre_eclampsia,109,7606,1.4331,425,72216.23,0
202403,MG,Minas Gerais,complicacoes_anestesicas,anestesia_obstetrica,11,16618,0.0662,26,5896.84,0
202403,MG,Minas Gerais,complicacoes_gestacao,liquido_membranas_ou_placenta,403,16618,2.4251,1127,300756.74,0
202403,MG,Minas Gerais,complicacoes_parto,trabalho_de_parto_ou_parto,1057,16618,6.3606,2345,643652.67,0
202403,MG,Minas Gerais,complicacoes_puerperais,outras_complicacoes_puerperais,52,16618,0.3129,142,18241.84,0
202403,MG,Minas Gerais,complicacoes_vasculares,complicacoes_venosas,42,16618,0.2527,204,12302.88,0
202403,MG,Minas Gerais,desfecho_abortivo,gestacao_com_desfecho_abortivo,1132,16618,6.8119,1617,354949.25,0
202403,MG,Minas Gerais,disturbios_metabolicos,diabetes_na_gestacao,320,16618,1.9256,1133,226171.98,0
202403,MG,Minas Gerais,hemorragias,hemorragia_pos_parto,36,16618,0.2166,78,31466.74,0
202403,MG,Minas Gerais,hemorragias,outras_hemorragias_obstetricas,306,16618,1.8414,522,90391.85,0
202403,MG,Minas Gerais,infeccoes,infeccao_geniturinaria_gestacao,182,16618,1.0952,626,37950.27,0
202403,MG,Minas Gerais,infeccoes,infeccao_puerperal,90,16618,0.5416,390,38143.46,0
202403,MG,Minas Gerais,outras_condicoes_maternas,anemia_complicando_gestacao,5,16618,0.0301,16,1447.43,0
202403,MG,Minas Gerais,outras_condicoes_maternas,doencas_classificadas_em_outros_capitulos,375,16618,2.2566,1199,131334.03,0
202403,MG,Minas Gerais,outras_condicoes_maternas,edema_proteinuria_sem_hipertensao,1,16618,0.006,1,685.11,0
202403,MG,Minas Gerais,outras_condicoes_maternas,outras_condicoes_da_gestacao,151,16618,0.9087,437,43499.03,0
202403,MG,Minas Gerais,transtornos_hipertensivos,eclampsia,59,16618,0.355,184,35898.63,0
202403,MG,Minas Gerais,transtornos_hipertensivos,hipertensao_gestacional,152,16618,0.9147,442,81933.06,0
202403,MG,Minas Gerais,transtornos_hipertensivos,outros_hipertensivos,289,16618,1.7391,914,260880.99,0
202403,MG,Minas Gerais,transtornos_hipertensivos,pre_eclampsia,371,16618,2.2325,1494,285730.26,0
202403,MS,Mato Grosso do Sul,complicacoes_anestesicas,anestesia_obstetrica,3,3028,0.0991,6,331.76,0
202403,MS,Mato Grosso do Sul,complicacoes_gestacao,liquido_membranas_ou_placenta,120,3028,3.963,378,88470.05,0
202403,MS,Mato Grosso do Sul,complicacoes_parto,trabalho_de_parto_ou_parto,365,3028,12.0542,922,194428.66,0
202403,MS,Mato Grosso do Sul,complicacoes_puerperais,outras_complicacoes_puerperais,14,3028,0.4624,54,3458.46,0
202403,MS,Mato Grosso do Sul,complicacoes_vasculares,complicacoes_venosas,2,3028,0.0661,3,226.48,0
202403,MS,Mato Grosso do Sul,desfecho_abortivo,gestacao_com_desfecho_abortivo,227,3028,7.4967,390,62021.51,1
202403,MS,Mato Grosso do Sul,disturbios_metabolicos,diabetes_na_gestacao,62,3028,2.0476,259,45111.86,0
202403,MS,Mato Grosso do Sul,hemorragias,hemorragia_pos_parto,5,3028,0.1651,8,1918.85,0
202403,MS,Mato Grosso do Sul,hemorragias,outras_hemorragias_obstetricas,69,3028,2.2787,155,13762.89,0
202403,MS,Mato Grosso do Sul,infeccoes,infeccao_geniturinaria_gestacao,116,3028,3.8309,423,19150.06,0
202403,MS,Mato Grosso do Sul,infeccoes,infeccao_puerperal,14,3028,0.4624,65,5341.33,0
202403,MS,Mato Grosso do Sul,outras_condicoes_maternas,anemia_complicando_gestacao,1,3028,0.033,1,44.22,0
202403,MS,Mato Grosso do Sul,outras_condicoes_maternas,doencas_classificadas_em_outros_capitulos,209,3028,6.9022,709,95742.06,1
202403,MS,Mato Grosso do Sul,outras_condicoes_maternas,outras_condicoes_da_gestacao,14,3028,0.4624,49,2618.44,0
202403,MS,Mato Grosso do Sul,transtornos_hipertensivos,eclampsia,4,3028,0.1321,13,3146.53,0
202403,MS,Mato Grosso do Sul,transtornos_hipertensivos,hipertensao_gestacional,37,3028,1.2219,139,23717.87,0
202403,MS,Mato Grosso do Sul,transtornos_hipertensivos,outros_hipertensivos,53,3028,1.7503,196,44941.19,0
202403,MS,Mato Grosso do Sul,transtornos_hipertensivos,pre_eclampsia,112,3028,3.6988,425,73179.49,0
202403,MT,Mato Grosso,complicacoes_anestesicas,anestesia_obstetrica,6,4060,0.1478,10,1014.44,0
202403,MT,Mato Grosso,complicacoes_gestacao,liquido_membranas_ou_placenta,91,4060,2.2414,228,62964.58,0
202403,MT,Mato Grosso,complicacoes_parto,trabalho_de_parto_ou_parto,381,4060,9.3842,938,238415.05,0
202403,MT,Mato Grosso,complicacoes_puerperais,outras_complicacoes_puerperais,14,4060,0.3448,45,7408.88,0
202403,MT,Mato Grosso,complicacoes_vasculares,complicacoes_venosas,7,4060,0.1724,18,934.48,0
202403,MT,Mato Grosso,desfecho_abortivo,gestacao_com_desfecho_abortivo,346,4060,8.5222,607,89139.38,0
202403,MT,Mato Grosso,disturbios_metabolicos,diabetes_na_gestacao,93,4060,2.2906,265,45519.45,0
202403,MT,Mato Grosso,hemorragias,hemorragia_pos_parto,2,4060,0.0493,4,350.70,0
202403,MT,Mato Grosso,hemorragias,outras_hemorragias_obstetricas,91,4060,2.2414,215,24384.41,0
202403,MT,Mato Grosso,infeccoes,infeccao_geniturinaria_gestacao,78,4060,1.9212,360,14779.59,0
202403,MT,Mato Grosso,infeccoes,infeccao_puerperal,34,4060,0.8374,112,12900.07,0
202403,MT,Mato Grosso,outras_condicoes_maternas,anemia_complicando_gestacao,3,4060,0.0739,11,598.06,0
202403,MT,Mato Grosso,outras_condicoes_maternas,doencas_classificadas_em_outros_capitulos,123,4060,3.0296,350,37650.83,0
202403,MT,Mato Grosso,outras_condicoes_maternas,outras_condicoes_da_gestacao,18,4060,0.4433,42,7181.22,0
202403,MT,Mato Grosso,transtornos_hipertensivos,eclampsia,3,4060,0.0739,14,3366.67,0
202403,MT,Mato Grosso,transtornos_hipertensivos,hipertensao_gestacional,61,4060,1.5025,188,44648.27,0
202403,MT,Mato Grosso,transtornos_hipertensivos,outros_hipertensivos,49,4060,1.2069,155,37610.56,0
202403,MT,Mato Grosso,transtornos_hipertensivos,pre_eclampsia,88,4060,2.1675,240,74243.04,0
202403,PA,Pará,complicacoes_anestesicas,anestesia_obstetrica,11,10097,0.1089,29,1752.25,0
202403,PA,Pará,complicacoes_gestacao,liquido_membranas_ou_placenta,428,10097,4.2389,1150,330950.71,0
202403,PA,Pará,complicacoes_parto,trabalho_de_parto_ou_parto,1980,10097,19.6098,4747,1364304.60,1
202403,PA,Pará,complicacoes_puerperais,outras_complicacoes_puerperais,27,10097,0.2674,142,22974.35,1
202403,PA,Pará,complicacoes_vasculares,complicacoes_venosas,24,10097,0.2377,91,20459.81,0
202403,PA,Pará,desfecho_abortivo,gestacao_com_desfecho_abortivo,799,10097,7.9132,1439,214920.95,0
202403,PA,Pará,disturbios_metabolicos,diabetes_na_gestacao,78,10097,0.7725,346,42847.26,0
202403,PA,Pará,hemorragias,hemorragia_pos_parto,5,10097,0.0495,8,1713.02,0
202403,PA,Pará,hemorragias,outras_hemorragias_obstetricas,251,10097,2.4859,595,72290.09,0
202403,PA,Pará,infeccoes,infeccao_geniturinaria_gestacao,297,10097,2.9415,1020,44609.59,0
202403,PA,Pará,infeccoes,infeccao_puerperal,70,10097,0.6933,333,21280.97,0
202403,PA,Pará,outras_condicoes_maternas,anemia_complicando_gestacao,9,10097,0.0891,20,1241.76,0
202403,PA,Pará,outras_condicoes_maternas,doencas_classificadas_em_outros_capitulos,241,10097,2.3868,1165,100368.03,1
202403,PA,Pará,outras_condicoes_maternas,edema_proteinuria_sem_hipertensao,2,10097,0.0198,4,218.48,0
202403,PA,Pará,outras_condicoes_maternas,outras_condicoes_da_gestacao,38,10097,0.3763,118,9717.86,0
202403,PA,Pará,transtornos_hipertensivos,eclampsia,28,10097,0.2773,110,24804.85,1
202403,PA,Pará,transtornos_hipertensivos,hipertensao_gestacional,73,10097,0.723,268,40260.59,0
202403,PA,Pará,transtornos_hipertensivos,outros_hipertensivos,65,10097,0.6438,211,42140.95,0
202403,PA,Pará,transtornos_hipertensivos,pre_eclampsia,309,10097,3.0603,1114,287098.76,0
202403,PB,Paraíba,complicacoes_anestesicas,anestesia_obstetrica,4,4212,0.095,13,2614.62,0
202403,PB,Paraíba,complicacoes_gestacao,liquido_membranas_ou_placenta,153,4212,3.6325,448,124599.34,0
202403,PB,Paraíba,complicacoes_parto,trabalho_de_parto_ou_parto,686,4212,16.2868,1753,589432.72,0
202403,PB,Paraíba,complicacoes_puerperais,outras_complicacoes_puerperais,37,4212,0.8784,134,13265.12,0
202403,PB,Paraíba,complicacoes_vasculares,complicacoes_venosas,5,4212,0.1187,79,2567.04,0
202403,PB,Paraíba,complicacoes_vasculares,embolia_obstetrica,1,4212,0.0237,1,554.28,0
202403,PB,Paraíba,desfecho_abortivo,gestacao_com_desfecho_abortivo,358,4212,8.4995,585,87604.31,0
202403,PB,Paraíba,disturbios_metabolicos,diabetes_na_gestacao,265,4212,6.2915,1051,224457.82,0
202403,PB,Paraíba,hemorragias,hemorragia_pos_parto,1,4212,0.0237,0,211.82,0
202403,PB,Paraíba,hemorragias,outras_hemorragias_obstetricas,41,4212,0.9734,196,23643.51,0
202403,PB,Paraíba,infeccoes,infeccao_geniturinaria_gestacao,33,4212,0.7835,240,17016.43,0
202403,PB,Paraíba,infeccoes,infeccao_puerperal,19,4212,0.4511,132,5212.61,0
202403,PB,Paraíba,outras_condicoes_maternas,anemia_complicando_gestacao,4,4212,0.095,18,2302.20,0
202403,PB,Paraíba,outras_condicoes_maternas,doencas_classificadas_em_outros_capitulos,112,4212,2.6591,487,67928.33,0
202403,PB,Paraíba,outras_condicoes_maternas,outras_condicoes_da_gestacao,8,4212,0.1899,25,5553.15,0
202403,PB,Paraíba,transtornos_hipertensivos,eclampsia,30,4212,0.7123,156,61613.10,0
202403,PB,Paraíba,transtornos_hipertensivos,hipertensao_gestacional,62,4212,1.472,181,53741.30,0
202403,PB,Paraíba,transtornos_hipertensivos,outros_hipertensivos,69,4212,1.6382,190,60614.14,0
202403,PB,Paraíba,transtornos_hipertensivos,pre_eclampsia,221,4212,5.2469,969,278795.95,0
202403,PE,Pernambuco,complicacoes_anestesicas,anestesia_obstetrica,5,10063,0.0497,23,1041.51,0
202403,PE,Pernambuco,complicacoes_gestacao,liquido_membranas_ou_placenta,768,10063,7.6319,1814,541449.72,1
202403,PE,Pernambuco,complicacoes_parto,trabalho_de_parto_ou_parto,735,10063,7.304,1883,414830.81,0
202403,PE,Pernambuco,complicacoes_puerperais,outras_complicacoes_puerperais,36,10063,0.3577,177,12539.38,0
202403,PE,Pernambuco,complicacoes_vasculares,complicacoes_venosas,3,10063,0.0298,14,1547.06,0
202403,PE,Pernambuco,complicacoes_vasculares,embolia_obstetrica,1,10063,0.0099,1,782.44,0
202403,PE,Pernambuco,desfecho_abortivo,gestacao_com_desfecho_abortivo,697,10063,6.9264,1301,169336.45,0
202403,PE,Pernambuco,disturbios_metabolicos,diabetes_na_gestacao,386,10063,3.8358,1642,258717.02,0
202403,PE,Pernambuco,hemorragias,hemorragia_pos_parto,16,10063,0.159,40,11136.74,0
202403,PE,Pernambuco,hemorragias,outras_hemorragias_obstetricas,91,10063,0.9043,312,75594.12,0
202403,PE,Pernambuco,infeccoes,infeccao_geniturinaria_gestacao,101,10063,1.0037,577,25280.26,0
202403,PE,Pernambuco,infeccoes,infeccao_puerperal,98,10063,0.9739,584,36992.23,0
202403,PE,Pernambuco,outras_condicoes_maternas,anemia_complicando_gestacao,6,10063,0.0596,40,5805.27,0
202403,PE,Pernambuco,outras_condicoes_maternas,doencas_classificadas_em_outros_capitulos,163,10063,1.6198,653,95304.11,0
202403,PE,Pernambuco,outras_condicoes_maternas,outras_condicoes_da_gestacao,17,10063,0.1689,115,13179.03,0
202403,PE,Pernambuco,transtornos_hipertensivos,eclampsia,16,10063,0.159,91,22640.07,0
202403,PE,Pernambuco,transtornos_hipertensivos,hipertensao_gestacional,325,10063,3.2297,1325,250269.57,0
202403,PE,Pernambuco,transtornos_hipertensivos,outros_hipertensivos,333,10063,3.3092,1028,304027.88,0
202403,PE,Pernambuco,transtornos_hipertensivos,pre_eclampsia,473,10063,4.7004,2028,399125.97,0
202403,PI,Piauí,complicacoes_anestesicas,anestesia_obstetrica,5,3392,0.1474,21,727.74,0
202403,PI,Piauí,complicacoes_gestacao,liquido_membranas_ou_placenta,127,3392,3.7441,384,101852.40,0
202403,PI,Piauí,complicacoes_parto,trabalho_de_parto_ou_parto,490,3392,14.4458,1347,328716.68,1
202403,PI,Piauí,complicacoes_puerperais,outras_complicacoes_puerperais,24,3392,0.7075,103,5325.92,0
202403,PI,Piauí,complicacoes_vasculares,complicacoes_venosas,1,3392,0.0295,25,861.10,0
202403,PI,Piauí,desfecho_abortivo,gestacao_com_desfecho_abortivo,281,3392,8.2842,562,64960.06,0
202403,PI,Piauí,disturbios_metabolicos,diabetes_na_gestacao,23,3392,0.6781,128,19161.70,0
202403,PI,Piauí,hemorragias,hemorragia_pos_parto,2,3392,0.059,5,2822.09,0
202403,PI,Piauí,hemorragias,outras_hemorragias_obstetricas,77,3392,2.27,212,36519.01,1
202403,PI,Piauí,infeccoes,infeccao_geniturinaria_gestacao,58,3392,1.7099,208,8920.90,0
202403,PI,Piauí,infeccoes,infeccao_puerperal,20,3392,0.5896,126,4435.63,0
202403,PI,Piauí,outras_condicoes_maternas,anemia_complicando_gestacao,2,3392,0.059,3,310.15,0
202403,PI,Piauí,outras_condicoes_maternas,doencas_classificadas_em_outros_capitulos,179,3392,5.2771,989,120899.27,0
202403,PI,Piauí,outras_condicoes_maternas,outras_condicoes_da_gestacao,23,3392,0.6781,68,4990.02,0
202403,PI,Piauí,transtornos_hipertensivos,eclampsia,7,3392,0.2064,29,7079.62,0
202403,PI,Piauí,transtornos_hipertensivos,hipertensao_gestacional,7,3392,0.2064,21,4811.21,0
202403,PI,Piauí,transtornos_hipertensivos,outros_hipertensivos,16,3392,0.4717,60,13590.84,0
202403,PI,Piauí,transtornos_hipertensivos,pre_eclampsia,199,3392,5.8667,937,200673.02,0
202403,PR,Paraná,complicacoes_anestesicas,anestesia_obstetrica,3,9758,0.0307,1,375.93,0
202403,PR,Paraná,complicacoes_gestacao,liquido_membranas_ou_placenta,259,9758,2.6542,694,200238.01,0
202403,PR,Paraná,complicacoes_parto,trabalho_de_parto_ou_parto,1074,9758,11.0064,2672,737893.28,2
202403,PR,Paraná,complicacoes_puerperais,outras_complicacoes_puerperais,53,9758,0.5431,161,9568.23,0
202403,PR,Paraná,complicacoes_vasculares,complicacoes_venosas,16,9758,0.164,53,5718.72,0
202403,PR,Paraná,desfecho_abortivo,gestacao_com_desfecho_abortivo,643,9758,6.5895,843,192160.78,0
202403,PR,Paraná,disturbios_metabolicos,diabetes_na_gestacao,150,9758,1.5372,428,99546.43,0
202403,PR,Paraná,hemorragias,hemorragia_pos_parto,16,9758,0.164,55,6305.89,0
202403,PR,Paraná,hemorragias,outras_hemorragias_obstetricas,313,9758,3.2076,558,58683.82,0
202403,PR,Paraná,infeccoes,infeccao_geniturinaria_gestacao,84,9758,0.8608,218,17186.34,0
202403,PR,Paraná,infeccoes,infeccao_puerperal,38,9758,0.3894,138,11548.78,0
202403,PR,Paraná,outras_condicoes_maternas,anemia_complicando_gestacao,4,9758,0.041,4,579.53,0
202403,PR,Paraná,outras_condicoes_maternas,doencas_classificadas_em_outros_capitulos,779,9758,7.9832,1831,277424.91,0
202403,PR,Paraná,outras_condicoes_maternas,edema_proteinuria_sem_hipertensao,2,9758,0.0205,5,413.34,0
202403,PR,Paraná,outras_condicoes_maternas,outras_condicoes_da_gestacao,85,9758,0.8711,183,15190.48,0
202403,PR,Paraná,transtornos_hipertensivos,eclampsia,23,9758,0.2357,41,7735.43,0
202403,PR,Paraná,transtornos_hipertensivos,hipertensao_gestacional,60,9758,0.6149,186,28072.04,0
202403,PR,Paraná,transtornos_hipertensivos,outros_hipertensivos,118,9758,1.2093,334,105744.91,0
202403,PR,Paraná,transtornos_hipertensivos,pre_eclampsia,97,9758,0.9941,274,63033.61,0
202403,RJ,Rio de Janeiro,complicacoes_anestesicas,anestesia_obstetrica,23,12451,0.1847,72,6169.43,0
202403,RJ,Rio de Janeiro,complicacoes_gestacao,liquido_membranas_ou_placenta,616,12451,4.9474,2238,484566.27,0
202403,RJ,Rio de Janeiro,complicacoes_parto,trabalho_de_parto_ou_parto,1337,12451,10.7381,4478,951876.82,0
202403,RJ,Rio de Janeiro,complicacoes_puerperais,outras_complicacoes_puerperais,53,12451,0.4257,290,21686.26,0
202403,RJ,Rio de Janeiro,complicacoes_vasculares,complicacoes_venosas,33,12451,0.265,274,14964.72,0
202403,RJ,Rio de Janeiro,desfecho_abortivo,gestacao_com_desfecho_abortivo,982,12451,7.8869,2053,295438.96,0
202403,RJ,Rio de Janeiro,disturbios_metabolicos,diabetes_na_gestacao,346,12451,2.7789,1529,207910.68,0
202403,RJ,Rio de Janeiro,hemorragias,hemorragia_pos_parto,9,12451,0.0723,28,3497.44,0
202403,RJ,Rio de Janeiro,hemorragias,outras_hemorragias_obstetricas,185,12451,1.4858,484,82591.21,0
202403,RJ,Rio de Janeiro,infeccoes,infeccao_geniturinaria_gestacao,231,12451,1.8553,1121,50804.08,0
202403,RJ,Rio de Janeiro,infeccoes,infeccao_puerperal,120,12451,0.9638,683,57142.73,0
202403,RJ,Rio de Janeiro,outras_condicoes_maternas,anemia_complicando_gestacao,44,12451,0.3534,191,20383.03,0
202403,RJ,Rio de Janeiro,outras_condicoes_maternas,doencas_classificadas_em_outros_capitulos,407,12451,3.2688,1945,137555.19,0
202403,RJ,Rio de Janeiro,outras_condicoes_maternas,edema_proteinuria_sem_hipertensao,4,12451,0.0321,17,1170.05,0
202403,RJ,Rio de Janeiro,outras_condicoes_maternas,outras_condicoes_da_gestacao,102,12451,0.8192,424,22342.22,0
202403,RJ,Rio de Janeiro,transtornos_hipertensivos,eclampsia,29,12451,0.2329,139,28651.03,0
202403,RJ,Rio de Janeiro,transtornos_hipertensivos,hipertensao_gestacional,196,12451,1.5742,798,113013.45,0
202403,RJ,Rio de Janeiro,transtornos_hipertensivos,outros_hipertensivos,293,12451,2.3532,1272,204354.56,0
202403,RJ,Rio de Janeiro,transtornos_hipertensivos,pre_eclampsia,334,12451,2.6825,1630,333947.72,0
202403,RN,Rio Grande do Norte,complicacoes_anestesicas,anestesia_obstetrica,7,3574,0.1959,21,1206.38,0
202403,RN,Rio Grande do Norte,complicacoes_gestacao,liquido_membranas_ou_placenta,86,3574,2.4063,268,64876.40,0
202403,RN,Rio Grande do Norte,complicacoes_parto,trabalho_de_parto_ou_parto,586,3574,16.3962,1547,372786.78,1
202403,RN,Rio Grande do Norte,complicacoes_puerperais,outras_complicacoes_puerperais,28,3574,0.7834,129,6594.96,0
202403,RN,Rio Grande do Norte,complicacoes_vasculares,complicacoes_venosas,4,3574,0.1119,39,2075.26,0
202403,RN,Rio Grande do Norte,complicacoes_vasculares,embolia_obstetrica,1,3574,0.028,0,547.28,0
202403,RN,Rio Grande do Norte,desfecho_abortivo,gestacao_com_desfecho_abortivo,263,3574,7.3587,373,68693.81,0
202403,RN,Rio Grande do Norte,disturbios_metabolicos,diabetes_na_gestacao,139,3574,3.8892,659,109670.56,0
202403,RN,Rio Grande do Norte,hemorragias,hemorragia_pos_parto,11,3574,0.3078,16,3720.49,0
202403,RN,Rio Grande do Norte,hemorragias,outras_hemorragias_obstetricas,16,3574,0.4477,98,6217.50,0
202403,RN,Rio Grande do Norte,infeccoes,infeccao_geniturinaria_gestacao,21,3574,0.5876,135,7238.09,0
202403,RN,Rio Grande do Norte,infeccoes,infeccao_puerperal,46,3574,1.2871,325,18403.50,0
202403,RN,Rio Grande do Norte,outras_condicoes_maternas,anemia_complicando_gestacao,7,3574,0.1959,32,4827.29,0
202403,RN,Rio Grande do Norte,outras_condicoes_maternas,doencas_classificadas_em_outros_capitulos,19,3574,0.5316,110,5851.65,0
202403,RN,Rio Grande do Norte,outras_condicoes_maternas,outras_condicoes_da_gestacao,12,3574,0.3358,43,3593.03,0
202403,RN,Rio Grande do Norte,transtornos_hipertensivos,eclampsia,17,3574,0.4757,68,6816.67,0
202403,RN,Rio Grande do Norte,transtornos_hipertensivos,hipertensao_gestacional,197,3574,5.512,841,150370.12,0
202403,RN,Rio Grande do Norte,transtornos_hipertensivos,outros_hipertensivos,53,3574,1.4829,227,36561.67,0
202403,RN,Rio Grande do Norte,transtornos_hipertensivos,pre_eclampsia,251,3574,7.0229,994,230874.09,0
202403,RO,Rondônia,complicacoes_anestesicas,anestesia_obstetrica,4,2013,0.1987,2,437.16,0
202403,RO,Rondônia,complicacoes_gestacao,liquido_membranas_ou_placenta,41,2013,2.0368,125,36422.16,0
202403,RO,Rondônia,complicacoes_parto,trabalho_de_parto_ou_parto,244,2013,12.1212,662,165847.33,0
202403,RO,Rondônia,complicacoes_puerperais,outras_complicacoes_puerperais,6,2013,0.2981,12,4635.79,0
202403,RO,Rondônia,desfecho_abortivo,gestacao_com_desfecho_abortivo,188,2013,9.3393,268,42385.94,0
202403,RO,Rondônia,disturbios_metabolicos,diabetes_na_gestacao,106,2013,5.2658,388,53958.42,0
202403,RO,Rondônia,hemorragias,hemorragia_pos_parto,2,2013,0.0994,5,359.24,0
202403,RO,Rondônia,hemorragias,outras_hemorragias_obstetricas,51,2013,2.5335,91,11035.43,0
202403,RO,Rondônia,infeccoes,infeccao_geniturinaria_gestacao,110,2013,5.4645,297,14782.86,0
202403,RO,Rondônia,infeccoes,infeccao_puerperal,7,2013,0.3477,27,3105.90,0
202403,RO,Rondônia,outras_condicoes_maternas,doencas_classificadas_em_outros_capitulos,64,2013,3.1793,185,9718.88,0
202403,RO,Rondônia,outras_condicoes_maternas,outras_condicoes_da_gestacao,16,2013,0.7948,24,1965.81,0
202403,RO,Rondônia,transtornos_hipertensivos,eclampsia,6,2013,0.2981,11,2119.31,0
202403,RO,Rondônia,transtornos_hipertensivos,hipertensao_gestacional,13,2013,0.6458,41,8870.50,0
202403,RO,Rondônia,transtornos_hipertensivos,outros_hipertensivos,19,2013,0.9439,71,10737.38,0
202403,RO,Rondônia,transtornos_hipertensivos,pre_eclampsia,26,2013,1.2916,99,21008.88,0
202403,RR,Roraima,complicacoes_anestesicas,anestesia_obstetrica,2,798,0.2506,7,437.50,0
202403,RR,Roraima,complicacoes_gestacao,liquido_membranas_ou_placenta,15,798,1.8797,50,16064.01,0
202403,RR,Roraima,complicacoes_parto,trabalho_de_parto_ou_parto,58,798,7.2682,197,56559.17,0
202403,RR,Roraima,complicacoes_puerperais,outras_complicacoes_puerperais,12,798,1.5038,53,2666.93,0
202403,RR,Roraima,desfecho_abortivo,gestacao_com_desfecho_abortivo,58,798,7.2682,147,16322.87,0
202403,RR,Roraima,disturbios_metabolicos,diabetes_na_gestacao,57,798,7.1429,268,40485.22,0
202403,RR,Roraima,hemorragias,outras_hemorragias_obstetricas,31,798,3.8847,93,7945.44,0
202403,RR,Roraima,infeccoes,infeccao_geniturinaria_gestacao,17,798,2.1303,105,3281.00,0
202403,RR,Roraima,infeccoes,infeccao_puerperal,28,798,3.5088,211,6981.09,0
202403,RR,Roraima,outras_condicoes_maternas,doencas_classificadas_em_outros_capitulos,28,798,3.5088,115,5793.44,0
202403,RR,Roraima,outras_condicoes_maternas,outras_condicoes_da_gestacao,8,798,1.0025,69,1736.32,0
202403,RR,Roraima,transtornos_hipertensivos,eclampsia,1,798,0.1253,9,195.99,0
202403,RR,Roraima,transtornos_hipertensivos,hipertensao_gestacional,10,798,1.2531,47,1632.75,0
202403,RR,Roraima,transtornos_hipertensivos,outros_hipertensivos,10,798,1.2531,38,11093.41,0
202403,RR,Roraima,transtornos_hipertensivos,pre_eclampsia,4,798,0.5013,14,3451.01,0
202403,RS,Rio Grande do Sul,complicacoes_gestacao,liquido_membranas_ou_placenta,355,8341,4.2561,1108,271562.01,1
202403,RS,Rio Grande do Sul,complicacoes_parto,trabalho_de_parto_ou_parto,1130,8341,13.5475,3054,806979.39,0
202403,RS,Rio Grande do Sul,complicacoes_puerperais,outras_complicacoes_puerperais,26,8341,0.3117,113,10999.07,0
202403,RS,Rio Grande do Sul,complicacoes_vasculares,complicacoes_venosas,6,8341,0.0719,36,1615.62,0
202403,RS,Rio Grande do Sul,complicacoes_vasculares,embolia_obstetrica,1,8341,0.012,3,888.54,0
202403,RS,Rio Grande do Sul,desfecho_abortivo,gestacao_com_desfecho_abortivo,618,8341,7.4092,753,168473.43,0
202403,RS,Rio Grande do Sul,disturbios_metabolicos,diabetes_na_gestacao,236,8341,2.8294,974,134462.05,0
202403,RS,Rio Grande do Sul,hemorragias,hemorragia_pos_parto,4,8341,0.048,3,1230.64,0
202403,RS,Rio Grande do Sul,hemorragias,outras_hemorragias_obstetricas,110,8341,1.3188,230,50738.21,0
202403,RS,Rio Grande do Sul,infeccoes,infeccao_geniturinaria_gestacao,119,8341,1.4267,494,20257.55,0
202403,RS,Rio Grande do Sul,infeccoes,infeccao_puerperal,38,8341,0.4556,159,8962.01,0
202403,RS,Rio Grande do Sul,outras_condicoes_maternas,anemia_complicando_gestacao,3,8341,0.036,10,1720.62,0
202403,RS,Rio Grande do Sul,outras_condicoes_maternas,doencas_classificadas_em_outros_capitulos,364,8341,4.364,1863,121506.97,0
202403,RS,Rio Grande do Sul,outras_condicoes_maternas,edema_proteinuria_sem_hipertensao,13,8341,0.1559,62,5194.50,0
202403,RS,Rio Grande do Sul,outras_condicoes_maternas,outras_condicoes_da_gestacao,39,8341,0.4676,138,8172.68,0
202403,RS,Rio Grande do Sul,transtornos_hipertensivos,eclampsia,49,8341,0.5875,263,49782.74,0
202403,RS,Rio Grande do Sul,transtornos_hipertensivos,hipertensao_gestacional,67,8341,0.8033,218,31751.45,0
202403,RS,Rio Grande do Sul,transtornos_hipertensivos,outros_hipertensivos,109,8341,1.3068,402,85708.81,0
202403,RS,Rio Grande do Sul,transtornos_hipertensivos,pre_eclampsia,252,8341,3.0212,1305,147117.90,0
202403,SC,Santa Catarina,complicacoes_anestesicas,anestesia_obstetrica,2,6945,0.0288,4,394.60,0
202403,SC,Santa Catarina,complicacoes_gestacao,liquido_membranas_ou_placenta,164,6945,2.3614,599,134300.85,0
202403,SC,Santa Catarina,complicacoes_parto,trabalho_de_parto_ou_parto,834,6945,12.0086,2282,612670.85,0
202403,SC,Santa Catarina,complicacoes_puerperais,outras_complicacoes_puerperais,54,6945,0.7775,122,12677.76,0
202403,SC,Santa Catarina,complicacoes_vasculares,complicacoes_venosas,11,6945,0.1584,32,4546.69,0
202403,SC,Santa Catarina,desfecho_abortivo,gestacao_com_desfecho_abortivo,514,6945,7.401,657,154402.90,0
202403,SC,Santa Catarina,disturbios_metabolicos,diabetes_na_gestacao,335,6945,4.8236,951,167823.57,0
202403,SC,Santa Catarina,hemorragias,hemorragia_pos_parto,15,6945,0.216,26,6569.52,0
202403,SC,Santa Catarina,hemorragias,outras_hemorragias_obstetricas,123,6945,1.7711,296,56686.36,0
202403,SC,Santa Catarina,infeccoes,infeccao_geniturinaria_gestacao,121,6945,1.7423,416,22588.05,0
202403,SC,Santa Catarina,infeccoes,infeccao_puerperal,45,6945,0.6479,149,13967.67,0
202403,SC,Santa Catarina,outras_condicoes_maternas,anemia_complicando_gestacao,4,6945,0.0576,9,618.95,0
202403,SC,Santa Catarina,outras_condicoes_maternas,doencas_classificadas_em_outros_capitulos,192,6945,2.7646,752,73257.80,0
202403,SC,Santa Catarina,outras_condicoes_maternas,edema_proteinuria_sem_hipertensao,13,6945,0.1872,38,2558.71,0
202403,SC,Santa Catarina,outras_condicoes_maternas,outras_condicoes_da_gestacao,78,6945,1.1231,225,17123.72,0
202403,SC,Santa Catarina,transtornos_hipertensivos,eclampsia,11,6945,0.1584,55,9945.54,0
202403,SC,Santa Catarina,transtornos_hipertensivos,hipertensao_gestacional,44,6945,0.6335,114,26899.93,0
202403,SC,Santa Catarina,transtornos_hipertensivos,outros_hipertensivos,111,6945,1.5983,357,82993.25,0
202403,SC,Santa Catarina,transtornos_hipertensivos,pre_eclampsia,153,6945,2.203,565,119620.30,0
202403,SE,Sergipe,complicacoes_gestacao,liquido_membranas_ou_placenta,39,2187,1.7833,111,28464.34,0
202403,SE,Sergipe,complicacoes_parto,trabalho_de_parto_ou_parto,370,2187,16.9182,669,178316.18,0
202403,SE,Sergipe,complicacoes_puerperais,outras_complicacoes_puerperais,28,2187,1.2803,111,5838.21,0
202403,SE,Sergipe,complicacoes_vasculares,complicacoes_venosas,1,2187,0.0457,2,125.24,0
202403,SE,Sergipe,desfecho_abortivo,gestacao_com_desfecho_abortivo,161,2187,7.3617,258,43788.99,0
202403,SE,Sergipe,disturbios_metabolicos,diabetes_na_gestacao,69,2187,3.155,400,37189.97,0
202403,SE,Sergipe,hemorragias,hemorragia_pos_parto,6,2187,0.2743,17,1694.43,0
202403,SE,Sergipe,hemorragias,outras_hemorragias_obstetricas,15,2187,0.6859,44,10846.56,0
202403,SE,Sergipe,infeccoes,infeccao_geniturinaria_gestacao,13,2187,0.5944,77,3069.91,0
202403,SE,Sergipe,infeccoes,infeccao_puerperal,18,2187,0.823,175,5363.19,0
202403,SE,Sergipe,outras_condicoes_maternas,anemia_complicando_gestacao,1,2187,0.0457,1,184.34,0
202403,SE,Sergipe,outras_condicoes_maternas,doencas_classificadas_em_outros_capitulos,14,2187,0.6401,88,6624.42,0
202403,SE,Sergipe,outras_condicoes_maternas,outras_condicoes_da_gestacao,5,2187,0.2286,26,1313.85,0
202403,SE,Sergipe,transtornos_hipertensivos,eclampsia,3,2187,0.1372,28,12433.08,0
202403,SE,Sergipe,transtornos_hipertensivos,hipertensao_gestacional,29,2187,1.326,148,11288.45,0
202403,SE,Sergipe,transtornos_hipertensivos,outros_hipertensivos,35,2187,1.6004,131,23454.96,0
202403,SE,Sergipe,transtornos_hipertensivos,pre_eclampsia,65,2187,2.9721,270,50756.06,0
202403,SP,São Paulo,complicacoes_anestesicas,anestesia_obstetrica,20,33476,0.0597,44,6047.81,0
202403,SP,São Paulo,complicacoes_gestacao,liquido_membranas_ou_placenta,1115,33476,3.3307,3361,824422.64,1
202403,SP,São Paulo,complicacoes_parto,trabalho_de_parto_ou_parto,4212,33476,12.5821,12023,2862841.87,3
202403,SP,São Paulo,complicacoes_puerperais,outras_complicacoes_puerperais,125,33476,0.3734,411,59972.85,0
202403,SP,São Paulo,complicacoes_vasculares,complicacoes_venosas,43,33476,0.1285,154,17353.35,0
202403,SP,São Paulo,complicacoes_vasculares,embolia_obstetrica,1,33476,0.003,4,382.77,0
202403,SP,São Paulo,desfecho_abortivo,gestacao_com_desfecho_abortivo,2232,33476,6.6675,3848,632276.18,0
202403,SP,São Paulo,disturbios_metabolicos,diabetes_na_gestacao,1154,33476,3.4472,4172,548286.38,0
202403,SP,São Paulo,hemorragias,hemorragia_pos_parto,58,33476,0.1733,153,42402.30,4
202403,SP,São Paulo,hemorragias,outras_hemorragias_obstetricas,757,33476,2.2613,1520,248829.15,0
202403,SP,São Paulo,infeccoes,infeccao_geniturinaria_gestacao,441,33476,1.3174,1862,108482.33,0
202403,SP,São Paulo,infeccoes,infeccao_puerperal,182,33476,0.5437,878,64220.82,0
202403,SP,São Paulo,outras_condicoes_maternas,anemia_complicando_gestacao,25,33476,0.0747,130,11355.89,0
202403,SP,São Paulo,outras_condicoes_maternas,doencas_classificadas_em_outros_capitulos,701,33476,2.094,2193,283703.52,0
202403,SP,São Paulo,outras_condicoes_maternas,edema_proteinuria_sem_hipertensao,5,33476,0.0149,11,1395.98,0
202403,SP,São Paulo,outras_condicoes_maternas,outras_condicoes_da_gestacao,345,33476,1.0306,1329,146996.14,0
202403,SP,São Paulo,transtornos_hipertensivos,eclampsia,118,33476,0.3525,594,83318.28,0
202403,SP,São Paulo,transtornos_hipertensivos,hipertensao_gestacional,428,33476,1.2785,1451,259046.11,0
202403,SP,São Paulo,transtornos_hipertensivos,outros_hipertensivos,271,33476,0.8095,988,211377.88,2
202403,SP,São Paulo,transtornos_hipertensivos,pre_eclampsia,659,33476,1.9686,2622,623391.24,0
202403,TO,Tocantins,complicacoes_anestesicas,anestesia_obstetrica,3,1907,0.1573,5,487.90,0
202403,TO,Tocantins,complicacoes_gestacao,liquido_membranas_ou_placenta,40,1907,2.0975,98,29998.73,0
202403,TO,Tocantins,complicacoes_parto,trabalho_de_parto_ou_parto,400,1907,20.9754,1074,313459.42,0
202403,TO,Tocantins,complicacoes_puerperais,outras_complicacoes_puerperais,26,1907,1.3634,105,4821.08,0
202403,TO,Tocantins,desfecho_abortivo,gestacao_com_desfecho_abortivo,131,1907,6.8694,249,41404.98,0
202403,TO,Tocantins,disturbios_metabolicos,diabetes_na_gestacao,56,1907,2.9365,187,24142.61,0
202403,TO,Tocantins,hemorragias,outras_hemorragias_obstetricas,29,1907,1.5207,43,9415.54,0
202403,TO,Tocantins,infeccoes,infeccao_geniturinaria_gestacao,18,1907,0.9439,61,2639.80,0
202403,TO,Tocantins,infeccoes,infeccao_puerperal,11,1907,0.5768,83,4568.26,0
202403,TO,Tocantins,outras_condicoes_maternas,anemia_complicando_gestacao,3,1907,0.1573,20,1594.79,0
202403,TO,Tocantins,outras_condicoes_maternas,doencas_classificadas_em_outros_capitulos,40,1907,2.0975,183,12622.16,0
202403,TO,Tocantins,outras_condicoes_maternas,outras_condicoes_da_gestacao,13,1907,0.6817,52,3055.14,0
202403,TO,Tocantins,transtornos_hipertensivos,eclampsia,5,1907,0.2622,22,2838.11,0
202403,TO,Tocantins,transtornos_hipertensivos,hipertensao_gestacional,14,1907,0.7341,38,9239.20,0
202403,TO,Tocantins,transtornos_hipertensivos,outros_hipertensivos,20,1907,1.0488,73,12745.30,0
202403,TO,Tocantins,transtornos_hipertensivos,pre_eclampsia,69,1907,3.6182,306,52738.82,0
202404,AC,Acre,complicacoes_anestesicas,anestesia_obstetrica,2,1266,0.158,8,419.63,0
202404,AC,Acre,complicacoes_gestacao,liquido_membranas_ou_placenta,31,1266,2.4487,103,29048.53,0
202404,AC,Acre,complicacoes_parto,trabalho_de_parto_ou_parto,177,1266,13.981,613,149633.98,0
202404,AC,Acre,desfecho_abortivo,gestacao_com_desfecho_abortivo,115,1266,9.0837,143,24174.46,0
202404,AC,Acre,disturbios_metabolicos,diabetes_na_gestacao,27,1266,2.1327,118,27386.00,0
202404,AC,Acre,hemorragias,hemorragia_pos_parto,2,1266,0.158,4,393.80,0
202404,AC,Acre,hemorragias,outras_hemorragias_obstetricas,11,1266,0.8689,22,4013.86,0
202404,AC,Acre,infeccoes,infeccao_geniturinaria_gestacao,22,1266,1.7378,79,3803.55,0
202404,AC,Acre,infeccoes,infeccao_puerperal,27,1266,2.1327,124,6389.02,0
202404,AC,Acre,outras_condicoes_maternas,doencas_classificadas_em_outros_capitulos,38,1266,3.0016,206,10599.12,0
202404,AC,Acre,outras_condicoes_maternas,outras_condicoes_da_gestacao,4,1266,0.316,12,607.56,0
202404,AC,Acre,transtornos_hipertensivos,eclampsia,1,1266,0.079,2,1069.74,0
202404,AC,Acre,transtornos_hipertensivos,hipertensao_gestacional,12,1266,0.9479,44,6807.15,0
202404,AC,Acre,transtornos_hipertensivos,outros_hipertensivos,4,1266,0.316,16,2563.97,0
202404,AC,Acre,transtornos_hipertensivos,pre_eclampsia,56,1266,4.4234,206,49648.51,0
202404,AL,Alagoas,complicacoes_anestesicas,anestesia_obstetrica,1,3883,0.0258,2,535.94,0
202404,AL,Alagoas,complicacoes_gestacao,liquido_membranas_ou_placenta,248,3883,6.3868,558,185747.33,0
202404,AL,Alagoas,complicacoes_parto,trabalho_de_parto_ou_parto,357,3883,9.1939,969,241663.52,0
202404,AL,Alagoas,complicacoes_puerperais,outras_complicacoes_puerperais,65,3883,1.674,133,5784.78,0
202404,AL,Alagoas,complicacoes_vasculares,complicacoes_venosas,4,3883,0.103,14,1143.66,0
202404,AL,Alagoas,complicacoes_vasculares,embolia_obstetrica,1,3883,0.0258,5,718.83,0
202404,AL,Alagoas,desfecho_abortivo,gestacao_com_desfecho_abortivo,256,3883,6.5928,574,66198.97,0
202404,AL,Alagoas,disturbios_metabolicos,diabetes_na_gestacao,85,3883,2.189,481,73306.09,0
202404,AL,Alagoas,hemorragias,hemorragia_pos_parto,2,3883,0.0515,4,416.44,0
202404,AL,Alagoas,hemorragias,outras_hemorragias_obstetricas,41,3883,1.0559,109,32071.71,0
202404,AL,Alagoas,infeccoes,infeccao_geniturinaria_gestacao,53,3883,1.3649,325,10874.22,0
202404,AL,Alagoas,infeccoes,infeccao_puerperal,27,3883,0.6953,162,8633.04,0
202404,AL,Alagoas,outras_condicoes_maternas,anemia_complicando_gestacao,3,3883,0.0773,50,1302.34,0
202404,AL,Alagoas,outras_condicoes_maternas,doencas_classificadas_em_outros_capitulos,101,3883,2.6011,518,49891.60,0
202404,AL,Alagoas,outras_condicoes_maternas,outras_condicoes_da_gestacao,19,3883,0.4893,97,4640.05,0
202404,AL,Alagoas,transtornos_hipertensivos,eclampsia,6,3883,0.1545,21,6168.11,0
202404,AL,Alagoas,transtornos_hipertensivos,hipertensao_gestacional,38,3883,0.9786,153,33703.84,0
202404,AL,Alagoas,transtornos_hipertensivos,outros_hipertensivos,53,3883,1.3649,195,45193.19,0
202404,AL,Alagoas,transtornos_hipertensivos,pre_eclampsia,156,3883,4.0175,691,160752.70,0
202404,AM,Amazonas,complicacoes_anestesicas,anestesia_obstetrica,3,4951,0.0606,10,542.90,0
202404,AM,Amazonas,complicacoes_gestacao,liquido_membranas_ou_placenta,119,4951,2.4036,492,118728.43,0
202404,AM,Amazonas,complicacoes_parto,trabalho_de_parto_ou_parto,431,4951,8.7053,1474,359439.28,1
202404,AM,Amazonas,complicacoes_puerperais,outras_complicacoes_puerperais,37,4951,0.7473,136,7769.17,0
202404,AM,Amazonas,complicacoes_vasculares,complicacoes_venosas,1,4951,0.0202,12,318.60,0
202404,AM,Amazonas,complicacoes_vasculares,embolia_obstetrica,1,4951,0.0202,4,154.30,0
202404,AM,Amazonas,desfecho_abortivo,gestacao_com_desfecho_abortivo,368,4951,7.4328,777,92904.33,0
202404,AM,Amazonas,disturbios_metabolicos,diabetes_na_gestacao,8,4951,0.1616,31,6398.65,0
202404,AM,Amazonas,hemorragias,outras_hemorragias_obstetricas,105,4951,2.1208,439,32781.03,0
202404,AM,Amazonas,infeccoes,infeccao_geniturinaria_gestacao,183,4951,3.6962,623,28447.62,0
202404,AM,Amazonas,infeccoes,infeccao_puerperal,51,4951,1.0301,298,20945.17,1
202404,AM,Amazonas,outras_condicoes_maternas,anemia_complicando_gestacao,2,4951,0.0404,9,2389.61,0
202404,AM,Amazonas,outras_condicoes_maternas,doencas_classificadas_em_outros_capitulos,83,4951,1.6764,271,25594.43,0
202404,AM,Amazonas,outras_condicoes_maternas,edema_proteinuria_sem_hipertensao,1,4951,0.0202,2,812.58,0
202404,AM,Amazonas,outras_condicoes_maternas,outras_condicoes_da_gestacao,19,4951,0.3838,74,7881.18,0
202404,AM,Amazonas,transtornos_hipertensivos,eclampsia,12,4951,0.2424,43,15491.39,0
202404,AM,Amazonas,transtornos_hipertensivos,hipertensao_gestacional,24,4951,0.4848,105,15007.92,0
202404,AM,Amazonas,transtornos_hipertensivos,outros_hipertensivos,14,4951,0.2828,41,11192.12,0
202404,AM,Amazonas,transtornos_hipertensivos,pre_eclampsia,94,4951,1.8986,434,115782.12,0
202404,AP,Amapá,complicacoes_anestesicas,anestesia_obstetrica,4,1116,0.3584,11,708.20,0
202404,AP,Amapá,complicacoes_gestacao,liquido_membranas_ou_placenta,47,1116,4.2115,146,32813.16,0
202404,AP,Amapá,complicacoes_parto,trabalho_de_parto_ou_parto,119,1116,10.6631,430,71425.26,0
202404,AP,Amapá,complicacoes_puerperais,outras_complicacoes_puerperais,4,1116,0.3584,34,1599.91,0
202404,AP,Amapá,desfecho_abortivo,gestacao_com_desfecho_abortivo,118,1116,10.5735,255,25531.48,0
202404,AP,Amapá,disturbios_metabolicos,diabetes_na_gestacao,24,1116,2.1505,126,10679.94,0
202404,AP,Amapá,hemorragias,hemorragia_pos_parto,2,1116,0.1792,17,739.20,0
202404,AP,Amapá,hemorragias,outras_hemorragias_obstetricas,12,1116,1.0753,40,3821.22,0
202404,AP,Amapá,infeccoes,infeccao_geniturinaria_gestacao,16,1116,1.4337,139,4142.03,0
202404,AP,Amapá,infeccoes,infeccao_puerperal,26,1116,2.3297,166,5835.49,0
202404,AP,Amapá,outras_condicoes_maternas,anemia_complicando_gestacao,3,1116,0.2688,19,535.62,0
202404,AP,Amapá,outras_condicoes_maternas,doencas_classificadas_em_outros_capitulos,23,1116,2.0609,73,3696.02,0
202404,AP,Amapá,outras_condicoes_maternas,outras_condicoes_da_gestacao,1,1116,0.0896,8,179.23,0
202404,AP,Amapá,transtornos_hipertensivos,eclampsia,2,1116,0.1792,4,894.67,0
202404,AP,Amapá,transtornos_hipertensivos,hipertensao_gestacional,36,1116,3.2258,159,23500.81,0
202404,AP,Amapá,transtornos_hipertensivos,outros_hipertensivos,25,1116,2.2401,90,15517.91,0
202404,AP,Amapá,transtornos_hipertensivos,pre_eclampsia,18,1116,1.6129,124,12527.90,0
202404,BA,Bahia,complicacoes_anestesicas,anestesia_obstetrica,9,15152,0.0594,32,2987.90,0
202404,BA,Bahia,complicacoes_gestacao,liquido_membranas_ou_placenta,407,15152,2.6861,1252,284939.27,0
202404,BA,Bahia,complicacoes_parto,trabalho_de_parto_ou_parto,1246,15152,8.2233,3362,791496.38,1
202404,BA,Bahia,complicacoes_puerperais,outras_complicacoes_puerperais,122,15152,0.8052,628,117815.83,0
202404,BA,Bahia,complicacoes_vasculares,complicacoes_venosas,21,15152,0.1386,208,11633.31,0
202404,BA,Bahia,desfecho_abortivo,gestacao_com_desfecho_abortivo,1299,15152,8.5731,2378,286584.87,0
202404,BA,Bahia,disturbios_metabolicos,diabetes_na_gestacao,278,15152,1.8347,1589,151308.95,0
202404,BA,Bahia,hemorragias,hemorragia_pos_parto,15,15152,0.099,34,3769.40,0
202404,BA,Bahia,hemorragias,outras_hemorragias_obstetricas,246,15152,1.6235,649,58663.82,1
202404,BA,Bahia,infeccoes,infeccao_geniturinaria_gestacao,225,15152,1.485,962,36761.71,0
202404,BA,Bahia,infeccoes,infeccao_puerperal,123,15152,0.8118,727,50187.02,1
202404,BA,Bahia,outras_condicoes_maternas,anemia_complicando_gestacao,13,15152,0.0858,69,19805.81,0
202404,BA,Bahia,outras_condicoes_maternas,doencas_classificadas_em_outros_capitulos,664,15152,4.3823,2952,290297.64,2
202404,BA,Bahia,outras_condicoes_maternas,edema_proteinuria_sem_hipertensao,2,15152,0.0132,19,1382.20,0
202404,BA,Bahia,outras_condicoes_maternas,outras_condicoes_da_gestacao,97,15152,0.6402,373,20410.03,0
202404,BA,Bahia,transtornos_hipertensivos,eclampsia,22,15152,0.1452,61,24831.78,0
202404,BA,Bahia,transtornos_hipertensivos,hipertensao_gestacional,198,15152,1.3068,780,108706.66,0
202404,BA,Bahia,transtornos_hipertensivos,outros_hipertensivos,200,15152,1.32,892,143096.12,0
202404,BA,Bahia,transtornos_hipertensivos,pre_eclampsia,243,15152,1.6037,1194,197563.87,0
202404,CE,Ceará,complicacoes_anestesicas,anestesia_obstetrica,14,9672,0.1447,28,2511.25,0
202404,CE,Ceará,complicacoes_gestacao,liquido_membranas_ou_placenta,510,9672,5.273,1494,374076.53,0
202404,CE,Ceará,complicacoes_parto,trabalho_de_parto_ou_parto,1079,9672,11.1559,2631,660669.27,0
202404,CE,Ceará,complicacoes_puerperais,outras_complicacoes_puerperais,39,9672,0.4032,185,14389.84,0
202404,CE,Ceará,complicacoes_vasculares,complicacoes_venosas,9,9672,0.0931,25,2334.04,0
202404,CE,Ceará,desfecho_abortivo,gestacao_com_desfecho_abortivo,776,9672,8.0232,1257,189330.51,0
202404,CE,Ceará,disturbios_metabolicos,diabetes_na_gestacao,389,9672,4.0219,1586,238276.23,0
202404,CE,Ceará,hemorragias,hemorragia_pos_parto,8,9672,0.0827,54,9582.01,0
202404,CE,Ceará,hemorragias,outras_hemorragias_obstetricas,153,9672,1.5819,309,50576.80,0
202404,CE,Ceará,infeccoes,infeccao_geniturinaria_gestacao,167,9672,1.7266,731,26532.67,0
202404,CE,Ceará,infeccoes,infeccao_puerperal,66,9672,0.6824,401,33976.13,0
202404,CE,Ceará,outras_condicoes_maternas,anemia_complicando_gestacao,10,9672,0.1034,62,3640.02,0
202404,CE,Ceará,outras_condicoes_maternas,doencas_classificadas_em_outros_capitulos,333,9672,3.4429,1385,95334.36,0
202404,CE,Ceará,outras_condicoes_maternas,edema_proteinuria_sem_hipertensao,7,9672,0.0724,11,4191.90,0
202404,CE,Ceará,outras_condicoes_maternas,outras_condicoes_da_gestacao,60,9672,0.6203,195,17485.62,0
202404,CE,Ceará,transtornos_hipertensivos,eclampsia,35,9672,0.3619,175,37680.20,0
202404,CE,Ceará,transtornos_hipertensivos,hipertensao_gestacional,121,9672,1.251,449,96316.71,0
202404,CE,Ceará,transtornos_hipertensivos,outros_hipertensivos,104,9672,1.0753,408,71295.23,0
202404,CE,Ceará,transtornos_hipertensivos,pre_eclampsia,728,9672,7.5269,3471,579749.05,0
202404,DF,Distrito Federal,complicacoes_anestesicas,anestesia_obstetrica,16,3153,0.5075,48,3065.05,0
202404,DF,Distrito Federal,complicacoes_gestacao,liquido_membranas_ou_placenta,67,3153,2.125,229,46479.74,0
202404,DF,Distrito Federal,complicacoes_parto,trabalho_de_parto_ou_parto,692,3153,21.9474,1955,331298.78,0
202404,DF,Distrito Federal,complicacoes_puerperais,outras_complicacoes_puerperais,49,3153,1.5541,220,13353.31,0
202404,DF,Distrito Federal,complicacoes_vasculares,complicacoes_venosas,5,3153,0.1586,24,781.72,0
202404,DF,Distrito Federal,desfecho_abortivo,gestacao_com_desfecho_abortivo,228,3153,7.2312,298,51438.82,0
202404,DF,Distrito Federal,disturbios_metabolicos,diabetes_na_gestacao,78,3153,2.4738,384,39003.54,0
202404,DF,Distrito Federal,hemorragias,hemorragia_pos_parto,2,3153,0.0634,10,1678.84,0
202404,DF,Distrito Federal,hemorragias,outras_hemorragias_obstetricas,56,3153,1.7761,162,20305.27,0
202404,DF,Distrito Federal,infeccoes,infeccao_geniturinaria_gestacao,57,3153,1.8078,226,9099.91,0
202404,DF,Distrito Federal,infeccoes,infeccao_puerperal,39,3153,1.2369,210,9388.73,0
202404,DF,Distrito Federal,outras_condicoes_maternas,anemia_complicando_gestacao,1,3153,0.0317,2,168.14,0
202404,DF,Distrito Federal,outras_condicoes_maternas,doencas_classificadas_em_outros_capitulos,88,3153,2.791,304,21124.23,0
202404,DF,Distrito Federal,outras_condicoes_maternas,outras_condicoes_da_gestacao,32,3153,1.0149,143,6757.72,0
202404,DF,Distrito Federal,transtornos_hipertensivos,eclampsia,9,3153,0.2854,40,7117.74,0
202404,DF,Distrito Federal,transtornos_hipertensivos,hipertensao_gestacional,95,3153,3.013,347,54687.22,0
202404,DF,Distrito Federal,transtornos_hipertensivos,outros_hipertensivos,61,3153,1.9347,319,23594.09,0
202404,DF,Distrito Federal,transtornos_hipertensivos,pre_eclampsia,53,3153,1.6809,266,31937.94,0
202404,ES,Espírito Santo,complicacoes_anestesicas,anestesia_obstetrica,3,3789,0.0792,9,487.90,0
202404,ES,Espírito Santo,complicacoes_gestacao,liquido_membranas_ou_placenta,146,3789,3.8533,429,111882.00,0
202404,ES,Espírito Santo,complicacoes_parto,trabalho_de_parto_ou_parto,373,3789,9.8443,949,245551.42,0
202404,ES,Espírito Santo,complicacoes_puerperais,outras_complicacoes_puerperais,24,3789,0.6334,86,11914.54,0
202404,ES,Espírito Santo,complicacoes_vasculares,complicacoes_venosas,7,3789,0.1847,48,1629.14,0
202404,ES,Espírito Santo,complicacoes_vasculares,embolia_obstetrica,1,3789,0.0264,26,5970.97,0
202404,ES,Espírito Santo,desfecho_abortivo,gestacao_com_desfecho_abortivo,215,3789,5.6743,353,57784.96,0
202404,ES,Espírito Santo,disturbios_metabolicos,diabetes_na_gestacao,153,3789,4.038,543,112217.97,0
202404,ES,Espírito Santo,hemorragias,hemorragia_pos_parto,8,3789,0.2111,21,2905.49,0
202404,ES,Espírito Santo,hemorragias,outras_hemorragias_obstetricas,42,3789,1.1085,104,17083.79,0
202404,ES,Espírito Santo,infeccoes,infeccao_geniturinaria_gestacao,57,3789,1.5044,254,11848.91,0
202404,ES,Espírito Santo,infeccoes,infeccao_puerperal,36,3789,0.9501,177,18537.46,0
202404,ES,Espírito Santo,outras_condicoes_maternas,anemia_complicando_gestacao,3,3789,0.0792,8,749.37,0
202404,ES,Espírito Santo,outras_condicoes_maternas,doencas_classificadas_em_outros_capitulos,90,3789,2.3753,586,67386.00,0
202404,ES,Espírito Santo,outras_condicoes_maternas,outras_condicoes_da_gestacao,31,3789,0.8182,118,9793.93,0
202404,ES,Espírito Santo,transtornos_hipertensivos,eclampsia,15,3789,0.3959,58,19627.84,0
202404,ES,Espírito Santo,transtornos_hipertensivos,hipertensao_gestacional,87,3789,2.2961,310,61895.78,0
202404,ES,Espírito Santo,transtornos_hipertensivos,outros_hipertensivos,201,3789,5.3048,572,226800.48,0
202404,ES,Espírito Santo,transtornos_hipertensivos,pre_eclampsia,40,3789,1.0557,126,31015.45,0
202404,GO,Goiás,complicacoes_anestesicas,anestesia_obstetrica,10,6010,0.1664,31,2384.04,0
202404,GO,Goiás,complicacoes_gestacao,liquido_membranas_ou_placenta,174,6010,2.8952,469,121838.95,1
202404,GO,Goiás,complicacoes_parto,trabalho_de_parto_ou_parto,751,6010,12.4958,1986,441322.88,14
202404,GO,Goiás,complicacoes_puerperais,outras_complicacoes_puerperais,60,6010,0.9983,235,22595.33,0
202404,GO,Goiás,complicacoes_vasculares,complicacoes_venosas,7,6010,0.1165,52,12515.62,0
202404,GO,Goiás,desfecho_abortivo,gestacao_com_desfecho_abortivo,358,6010,5.9567,604,105976.62,0
202404,GO,Goiás,disturbios_metabolicos,diabetes_na_gestacao,163,6010,2.7121,569,89060.38,0
202404,GO,Goiás,hemorragias,hemorragia_pos_parto,11,6010,0.183,22,4131.77,0
202404,GO,Goiás,hemorragias,outras_hemorragias_obstetricas,132,6010,2.1963,292,39523.80,0
202404,GO,Goiás,infeccoes,infeccao_geniturinaria_gestacao,79,6010,1.3145,281,13208.47,0
202404,GO,Goiás,infeccoes,infeccao_puerperal,38,6010,0.6323,165,11544.29,1
202404,GO,Goiás,outras_condicoes_maternas,anemia_complicando_gestacao,1,6010,0.0166,1,1065.41,0
202404,GO,Goiás,outras_condicoes_maternas,doencas_classificadas_em_outros_capitulos,292,6010,4.8586,1130,154119.85,0
202404,GO,Goiás,outras_condicoes_maternas,outras_condicoes_da_gestacao,27,6010,0.4493,62,8290.47,0
202404,GO,Goiás,transtornos_hipertensivos,eclampsia,19,6010,0.3161,53,6723.12,0
202404,GO,Goiás,transtornos_hipertensivos,hipertensao_gestacional,73,6010,1.2146,255,48821.15,1
202404,GO,Goiás,transtornos_hipertensivos,outros_hipertensivos,87,6010,1.4476,325,75216.45,1
202404,GO,Goiás,transtornos_hipertensivos,pre_eclampsia,128,6010,2.1298,463,101545.16,2
202404,MA,Maranhão,complicacoes_anestesicas,anestesia_obstetrica,16,7625,0.2098,53,8003.43,0
202404,MA,Maranhão,complicacoes_gestacao,liquido_membranas_ou_placenta,249,7625,3.2656,805,177857.26,0
202404,MA,Maranhão,complicacoes_parto,trabalho_de_parto_ou_parto,1189,7625,15.5934,3694,900497.25,3
202404,MA,Maranhão,complicacoes_puerperais,outras_complicacoes_puerperais,26,7625,0.341,101,6587.14,0
202404,MA,Maranhão,complicacoes_vasculares,complicacoes_venosas,9,7625,0.118,38,4194.03,0
202404,MA,Maranhão,desfecho_abortivo,gestacao_com_desfecho_abortivo,581,7625,7.6197,1080,138206.35,0
202404,MA,Maranhão,disturbios_metabolicos,diabetes_na_gestacao,47,7625,0.6164,280,33681.57,0
202404,MA,Maranhão,hemorragias,hemorragia_pos_parto,1,7625,0.0131,1,187.62,0
202404,MA,Maranhão,hemorragias,outras_hemorragias_obstetricas,118,7625,1.5475,335,31338.33,0
202404,MA,Maranhão,infeccoes,infeccao_geniturinaria_gestacao,77,7625,1.0098,305,14599.11,0
202404,MA,Maranhão,infeccoes,infeccao_puerperal,52,7625,0.682,281,16157.01,0
202404,MA,Maranhão,outras_condicoes_maternas,anemia_complicando_gestacao,5,7625,0.0656,17,816.32,0
202404,MA,Maranhão,outras_condicoes_maternas,doencas_classificadas_em_outros_capitulos,48,7625,0.6295,211,11455.65,0
202404,MA,Maranhão,outras_condicoes_maternas,outras_condicoes_da_gestacao,54,7625,0.7082,124,14432.42,0
202404,MA,Maranhão,transtornos_hipertensivos,eclampsia,19,7625,0.2492,95,11220.02,0
202404,MA,Maranhão,transtornos_hipertensivos,hipertensao_gestacional,63,7625,0.8262,227,42036.12,0
202404,MA,Maranhão,transtornos_hipertensivos,outros_hipertensivos,114,7625,1.4951,439,85910.31,0
202404,MA,Maranhão,transtornos_hipertensivos,pre_eclampsia,141,7625,1.8492,578,104764.79,0
202404,MG,Minas Gerais,complicacoes_anestesicas,anestesia_obstetrica,14,16641,0.0841,36,3093.28,0
202404,MG,Minas Gerais,complicacoes_gestacao,liquido_membranas_ou_placenta,507,16641,3.0467,1366,395523.01,0
202404,MG,Minas Gerais,complicacoes_parto,trabalho_de_parto_ou_parto,1119,16641,6.7244,2658,691138.81,1
202404,MG,Minas Gerais,complicacoes_puerperais,outras_complicacoes_puerperais,63,16641,0.3786,239,49037.64,0
202404,MG,Minas Gerais,complicacoes_vasculares,complicacoes_venosas,24,16641,0.1442,95,7046.54,0
202404,MG,Minas Gerais,desfecho_abortivo,gestacao_com_desfecho_abortivo,1121,16641,6.7364,1524,337330.42,0
202404,MG,Minas Gerais,disturbios_metabolicos,diabetes_na_gestacao,347,16641,2.0852,1140,244190.92,0
202404,MG,Minas Gerais,hemorragias,hemorragia_pos_parto,30,16641,0.1803,75,16785.29,0
202404,MG,Minas Gerais,hemorragias,outras_hemorragias_obstetricas,295,16641,1.7727,570,103616.58,0
202404,MG,Minas Gerais,infeccoes,infeccao_geniturinaria_gestacao,181,16641,1.0877,609,45823.45,0
202404,MG,Minas Gerais,infeccoes,infeccao_puerperal,100,16641,0.6009,454,39328.69,0
202404,MG,Minas Gerais,outras_condicoes_maternas,anemia_complicando_gestacao,7,16641,0.0421,13,1405.65,0
202404,MG,Minas Gerais,outras_condicoes_maternas,doencas_classificadas_em_outros_capitulos,331,16641,1.9891,1067,121008.97,0
202404,MG,Minas Gerais,outras_condicoes_maternas,edema_proteinuria_sem_hipertensao,1,16641,0.006,7,109.24,0
202404,MG,Minas Gerais,outras_condicoes_maternas,outras_condicoes_da_gestacao,168,16641,1.0096,564,59141.04,0
202404,MG,Minas Gerais,transtornos_hipertensivos,eclampsia,36,16641,0.2163,115,24687.87,0
202404,MG,Minas Gerais,transtornos_hipertensivos,hipertensao_gestacional,145,16641,0.8713,448,86657.35,0
202404,MG,Minas Gerais,transtornos_hipertensivos,outros_hipertensivos,286,16641,1.7186,897,253318.55,0
202404,MG,Minas Gerais,transtornos_hipertensivos,pre_eclampsia,326,16641,1.959,1239,225978.61,0
202404,MS,Mato Grosso do Sul,complicacoes_anestesicas,anestesia_obstetrica,3,2982,0.1006,5,364.98,0
202404,MS,Mato Grosso do Sul,complicacoes_gestacao,liquido_membranas_ou_placenta,108,2982,3.6217,313,77640.07,0
202404,MS,Mato Grosso do Sul,complicacoes_parto,trabalho_de_parto_ou_parto,323,2982,10.8317,800,181755.26,0
202404,MS,Mato Grosso do Sul,complicacoes_puerperais,outras_complicacoes_puerperais,20,2982,0.6707,40,9936.75,1
202404,MS,Mato Grosso do Sul,complicacoes_vasculares,complicacoes_venosas,4,2982,0.1341,14,892.62,0
202404,MS,Mato Grosso do Sul,desfecho_abortivo,gestacao_com_desfecho_abortivo,214,2982,7.1764,415,58024.05,0
202404,MS,Mato Grosso do Sul,disturbios_metabolicos,diabetes_na_gestacao,54,2982,1.8109,201,40028.23,1
202404,MS,Mato Grosso do Sul,hemorragias,hemorragia_pos_parto,1,2982,0.0335,6,2724.39,0
202404,MS,Mato Grosso do Sul,hemorragias,outras_hemorragias_obstetricas,67,2982,2.2468,199,16259.42,0
202404,MS,Mato Grosso do Sul,infeccoes,infeccao_geniturinaria_gestacao,87,2982,2.9175,324,13019.43,0
202404,MS,Mato Grosso do Sul,infeccoes,infeccao_puerperal,17,2982,0.5701,86,3186.30,0
202404,MS,Mato Grosso do Sul,outras_condicoes_maternas,anemia_complicando_gestacao,5,2982,0.1677,18,815.81,0
202404,MS,Mato Grosso do Sul,outras_condicoes_maternas,doencas_classificadas_em_outros_capitulos,168,2982,5.6338,665,89639.43,0
202404,MS,Mato Grosso do Sul,outras_condicoes_maternas,edema_proteinuria_sem_hipertensao,2,2982,0.0671,4,218.48,0
202404,MS,Mato Grosso do Sul,outras_condicoes_maternas,outras_condicoes_da_gestacao,16,2982,0.5366,41,2378.43,0
202404,MS,Mato Grosso do Sul,transtornos_hipertensivos,eclampsia,5,2982,0.1677,18,4549.50,0
202404,MS,Mato Grosso do Sul,transtornos_hipertensivos,hipertensao_gestacional,32,2982,1.0731,132,18991.67,0
202404,MS,Mato Grosso do Sul,transtornos_hipertensivos,outros_hipertensivos,60,2982,2.0121,228,48570.56,1
202404,MS,Mato Grosso do Sul,transtornos_hipertensivos,pre_eclampsia,81,2982,2.7163,384,66729.73,0
202404,MT,Mato Grosso,complicacoes_anestesicas,anestesia_obstetrica,4,4189,0.0955,9,695.23,0
202404,MT,Mato Grosso,complicacoes_gestacao,liquido_membranas_ou_placenta,90,4189,2.1485,250,67092.14,0
202404,MT,Mato Grosso,complicacoes_parto,trabalho_de_parto_ou_parto,413,4189,9.8592,1027,251816.96,0
202404,MT,Mato Grosso,complicacoes_puerperais,outras_complicacoes_puerperais,24,4189,0.5729,117,16448.36,0
202404,MT,Mato Grosso,complicacoes_vasculares,complicacoes_venosas,3,4189,0.0716,6,568.92,0
202404,MT,Mato Grosso,desfecho_abortivo,gestacao_com_desfecho_abortivo,325,4189,7.7584,612,90261.22,0
202404,MT,Mato Grosso,disturbios_metabolicos,diabetes_na_gestacao,92,4189,2.1962,237,39920.70,0
202404,MT,Mato Grosso,hemorragias,hemorragia_pos_parto,5,4189,0.1194,14,2043.82,0
202404,MT,Mato Grosso,hemorragias,outras_hemorragias_obstetricas,109,4189,2.6021,272,27577.96,0
202404,MT,Mato Grosso,infeccoes,infeccao_geniturinaria_gestacao,73,4189,1.7427,224,10662.92,0
202404,MT,Mato Grosso,infeccoes,infeccao_puerperal,35,4189,0.8355,130,14065.86,0
202404,MT,Mato Grosso,outras_condicoes_maternas,anemia_complicando_gestacao,1,4189,0.0239,2,222.68,0
202404,MT,Mato Grosso,outras_condicoes_maternas,doencas_classificadas_em_outros_capitulos,131,4189,3.1272,408,32919.12,0
202404,MT,Mato Grosso,outras_condicoes_maternas,edema_proteinuria_sem_hipertensao,1,4189,0.0239,3,215.74,0
202404,MT,Mato Grosso,outras_condicoes_maternas,outras_condicoes_da_gestacao,28,4189,0.6684,108,14870.92,0
202404,MT,Mato Grosso,transtornos_hipertensivos,eclampsia,3,4189,0.0716,10,1310.57,0
202404,MT,Mato Grosso,transtornos_hipertensivos,hipertensao_gestacional,70,4189,1.671,209,46956.99,0
202404,MT,Mato Grosso,transtornos_hipertensivos,outros_hipertensivos,35,4189,0.8355,134,24172.82,0
202404,MT,Mato Grosso,transtornos_hipertensivos,pre_eclampsia,73,4189,1.7427,203,55639.25,0
202404,PA,Pará,complicacoes_anestesicas,anestesia_obstetrica,4,9754,0.041,8,625.20,0
202404,PA,Pará,complicacoes_gestacao,liquido_membranas_ou_placenta,385,9754,3.9471,1078,296052.78,0
202404,PA,Pará,complicacoes_parto,trabalho_de_parto_ou_parto,1988,9754,20.3814,5031,1418046.33,1
202404,PA,Pará,complicacoes_puerperais,outras_complicacoes_puerperais,31,9754,0.3178,205,46211.35,1
202404,PA,Pará,complicacoes_vasculares,complicacoes_venosas,24,9754,0.2461,66,22049.68,0
202404,PA,Pará,desfecho_abortivo,gestacao_com_desfecho_abortivo,764,9754,7.8327,1260,184486.77,0
202404,PA,Pará,disturbios_metabolicos,diabetes_na_gestacao,56,9754,0.5741,195,31589.26,0
202404,PA,Pará,hemorragias,hemorragia_pos_parto,5,9754,0.0513,15,1327.97,0
202404,PA,Pará,hemorragias,outras_hemorragias_obstetricas,206,9754,2.112,522,60533.25,0
202404,PA,Pará,infeccoes,infeccao_geniturinaria_gestacao,265,9754,2.7168,886,37892.07,0
202404,PA,Pará,infeccoes,infeccao_puerperal,81,9754,0.8304,376,29588.63,0
202404,PA,Pará,outras_condicoes_maternas,anemia_complicando_gestacao,8,9754,0.082,25,1310.30,0
202404,PA,Pará,outras_condicoes_maternas,doencas_classificadas_em_outros_capitulos,225,9754,2.3067,939,85483.62,0
202404,PA,Pará,outras_condicoes_maternas,edema_proteinuria_sem_hipertensao,2,9754,0.0205,2,218.48,0
202404,PA,Pará,outras_condicoes_maternas,outras_condicoes_da_gestacao,35,9754,0.3588,148,12140.18,0
202404,PA,Pará,transtornos_hipertensivos,eclampsia,23,9754,0.2358,105,14131.60,1
202404,PA,Pará,transtornos_hipertensivos,hipertensao_gestacional,65,9754,0.6664,241,38947.61,0
202404,PA,Pará,transtornos_hipertensivos,outros_hipertensivos,41,9754,0.4203,127,22721.83,0
202404,PA,Pará,transtornos_hipertensivos,pre_eclampsia,294,9754,3.0141,1107,274181.86,0
202404,PB,Paraíba,complicacoes_gestacao,liquido_membranas_ou_placenta,204,4419,4.6164,651,167462.45,0
202404,PB,Paraíba,complicacoes_parto,trabalho_de_parto_ou_parto,674,4419,15.2523,1785,580503.22,2
202404,PB,Paraíba,complicacoes_puerperais,outras_complicacoes_puerperais,37,4419,0.8373,219,15976.89,0
202404,PB,Paraíba,complicacoes_vasculares,complicacoes_venosas,3,4419,0.0679,18,499.04,0
202404,PB,Paraíba,desfecho_abortivo,gestacao_com_desfecho_abortivo,318,4419,7.1962,621,113962.67,0
202404,PB,Paraíba,disturbios_metabolicos,diabetes_na_gestacao,328,4419,7.4225,1469,275226.36,1
202404,PB,Paraíba,hemorragias,hemorragia_pos_parto,6,4419,0.1358,21,4135.26,0
202404,PB,Paraíba,hemorragias,outras_hemorragias_obstetricas,35,4419,0.792,170,25842.31,0
202404,PB,Paraíba,infeccoes,infeccao_geniturinaria_gestacao,50,4419,1.1315,280,24856.27,0
202404,PB,Paraíba,infeccoes,infeccao_puerperal,22,4419,0.4979,118,4775.71,0
202404,PB,Paraíba,outras_condicoes_maternas,anemia_complicando_gestacao,3,4419,0.0679,13,535.12,0
202404,PB,Paraíba,outras_condicoes_maternas,doencas_classificadas_em_outros_capitulos,117,4419,2.6477,559,55510.08,0
202404,PB,Paraíba,outras_condicoes_maternas,outras_condicoes_da_gestacao,16,4419,0.3621,53,8481.89,0
202404,PB,Paraíba,transtornos_hipertensivos,eclampsia,16,4419,0.3621,109,30665.78,0
202404,PB,Paraíba,transtornos_hipertensivos,hipertensao_gestacional,90,4419,2.0367,269,70924.27,0
202404,PB,Paraíba,transtornos_hipertensivos,outros_hipertensivos,69,4419,1.5614,221,57437.96,0
202404,PB,Paraíba,transtornos_hipertensivos,pre_eclampsia,237,4419,5.3632,1044,296035.72,1
202404,PE,Pernambuco,complicacoes_anestesicas,anestesia_obstetrica,14,9837,0.1423,37,3699.44,0
202404,PE,Pernambuco,complicacoes_gestacao,liquido_membranas_ou_placenta,767,9837,7.7971,2074,550917.40,0
202404,PE,Pernambuco,complicacoes_parto,trabalho_de_parto_ou_parto,775,9837,7.8784,2031,440221.72,0
202404,PE,Pernambuco,complicacoes_puerperais,outras_complicacoes_puerperais,44,9837,0.4473,203,16629.96,0
202404,PE,Pernambuco,complicacoes_vasculares,complicacoes_venosas,2,9837,0.0203,23,596.08,0
202404,PE,Pernambuco,desfecho_abortivo,gestacao_com_desfecho_abortivo,642,9837,6.5264,1158,156548.01,0
202404,PE,Pernambuco,disturbios_metabolicos,diabetes_na_gestacao,394,9837,4.0053,1659,290332.78,0
202404,PE,Pernambuco,hemorragias,hemorragia_pos_parto,9,9837,0.0915,20,2190.40,0
202404,PE,Pernambuco,hemorragias,outras_hemorragias_obstetricas,63,9837,0.6404,191,32338.60,0
202404,PE,Pernambuco,infeccoes,infeccao_geniturinaria_gestacao,119,9837,1.2097,596,25322.02,0
202404,PE,Pernambuco,infeccoes,infeccao_puerperal,97,9837,0.9861,611,43728.49,0
202404,PE,Pernambuco,outras_condicoes_maternas,anemia_complicando_gestacao,20,9837,0.2033,62,6550.06,0
202404,PE,Pernambuco,outras_condicoes_maternas,doencas_classificadas_em_outros_capitulos,155,9837,1.5757,648,96535.11,0
202404,PE,Pernambuco,outras_condicoes_maternas,outras_condicoes_da_gestacao,26,9837,0.2643,143,16354.95,0
202404,PE,Pernambuco,transtornos_hipertensivos,eclampsia,11,9837,0.1118,36,8232.91,0
202404,PE,Pernambuco,transtornos_hipertensivos,hipertensao_gestacional,320,9837,3.253,1208,247129.49,0
202404,PE,Pernambuco,transtornos_hipertensivos,outros_hipertensivos,357,9837,3.6292,1074,317337.52,0
202404,PE,Pernambuco,transtornos_hipertensivos,pre_eclampsia,481,9837,4.8897,2187,406271.91,1
202404,PI,Piauí,complicacoes_anestesicas,anestesia_obstetrica,4,3507,0.1141,6,943.96,0
202404,PI,Piauí,complicacoes_gestacao,liquido_membranas_ou_placenta,141,3507,4.0205,492,119855.21,0
202404,PI,Piauí,complicacoes_parto,trabalho_de_parto_ou_parto,494,3507,14.0861,1384,331672.08,0
202404,PI,Piauí,complicacoes_puerperais,outras_complicacoes_puerperais,21,3507,0.5988,110,6802.80,0
202404,PI,Piauí,complicacoes_vasculares,complicacoes_venosas,1,3507,0.0285,2,162.30,0
202404,PI,Piauí,desfecho_abortivo,gestacao_com_desfecho_abortivo,299,3507,8.5258,807,72488.60,0
202404,PI,Piauí,disturbios_metabolicos,diabetes_na_gestacao,36,3507,1.0265,185,33310.74,0
202404,PI,Piauí,hemorragias,hemorragia_pos_parto,4,3507,0.1141,11,2887.82,0
202404,PI,Piauí,hemorragias,outras_hemorragias_obstetricas,75,3507,2.1386,212,33569.25,0
202404,PI,Piauí,infeccoes,infeccao_geniturinaria_gestacao,42,3507,1.1976,186,6595.62,0
202404,PI,Piauí,infeccoes,infeccao_puerperal,31,3507,0.8839,188,11256.72,0
202404,PI,Piauí,outras_condicoes_maternas,anemia_complicando_gestacao,1,3507,0.0285,1,211.52,0
202404,PI,Piauí,outras_condicoes_maternas,doencas_classificadas_em_outros_capitulos,215,3507,6.1306,1382,127958.11,1
202404,PI,Piauí,outras_condicoes_maternas,edema_proteinuria_sem_hipertensao,1,3507,0.0285,3,109.24,0
202404,PI,Piauí,outras_condicoes_maternas,outras_condicoes_da_gestacao,12,3507,0.3422,28,3897.81,0
202404,PI,Piauí,transtornos_hipertensivos,eclampsia,1,3507,0.0285,1,109.24,0
202404,PI,Piauí,transtornos_hipertensivos,hipertensao_gestacional,11,3507,0.3137,35,7360.04,0
202404,PI,Piauí,transtornos_hipertensivos,outros_hipertensivos,19,3507,0.5418,81,17565.66,0
202404,PI,Piauí,transtornos_hipertensivos,pre_eclampsia,227,3507,6.4728,1196,236006.87,1
202404,PR,Paraná,complicacoes_anestesicas,anestesia_obstetrica,5,9208,0.0543,13,730.65,0
202404,PR,Paraná,complicacoes_gestacao,liquido_membranas_ou_placenta,242,9208,2.6281,715,185081.96,1
202404,PR,Paraná,complicacoes_parto,trabalho_de_parto_ou_parto,992,9208,10.7732,2374,679243.79,0
202404,PR,Paraná,complicacoes_puerperais,outras_complicacoes_puerperais,66,9208,0.7168,212,18446.97,0
202404,PR,Paraná,complicacoes_vasculares,complicacoes_venosas,12,9208,0.1303,24,3181.12,0
202404,PR,Paraná,desfecho_abortivo,gestacao_com_desfecho_abortivo,609,9208,6.6138,809,167140.02,0
202404,PR,Paraná,disturbios_metabolicos,diabetes_na_gestacao,159,9208,1.7268,420,112622.20,0
202404,PR,Paraná,hemorragias,hemorragia_pos_parto,9,9208,0.0977,13,2169.27,0
202404,PR,Paraná,hemorragias,outras_hemorragias_obstetricas,252,9208,2.7368,429,50428.43,0
202404,PR,Paraná,infeccoes,infeccao_geniturinaria_gestacao,79,9208,0.8579,219,13513.49,0
202404,PR,Paraná,infeccoes,infeccao_puerperal,34,9208,0.3692,138,11092.05,0
202404,PR,Paraná,outras_condicoes_maternas,anemia_complicando_gestacao,6,9208,0.0652,10,1876.22,0
202404,PR,Paraná,outras_condicoes_maternas,doencas_classificadas_em_outros_capitulos,750,9208,8.1451,1818,307484.05,1
202404,PR,Paraná,outras_condicoes_maternas,edema_proteinuria_sem_hipertensao,1,9208,0.0109,12,309.20,0
202404,PR,Paraná,outras_condicoes_maternas,outras_condicoes_da_gestacao,65,9208,0.7059,136,13754.80,0
202404,PR,Paraná,transtornos_hipertensivos,eclampsia,16,9208,0.1738,44,5708.20,0
202404,PR,Paraná,transtornos_hipertensivos,hipertensao_gestacional,66,9208,0.7168,181,35520.93,0
202404,PR,Paraná,transtornos_hipertensivos,outros_hipertensivos,131,9208,1.4227,393,119534.95,0
202404,PR,Paraná,transtornos_hipertensivos,pre_eclampsia,89,9208,0.9666,314,66754.40,0
202404,RJ,Rio de Janeiro,complicacoes_anestesicas,anestesia_obstetrica,18,12213,0.1474,37,3558.98,0
202404,RJ,Rio de Janeiro,complicacoes_gestacao,liquido_membranas_ou_placenta,657,12213,5.3795,2407,510317.47,0
202404,RJ,Rio de Janeiro,complicacoes_parto,trabalho_de_parto_ou_parto,1349,12213,11.0456,4286,979692.03,0
202404,RJ,Rio de Janeiro,complicacoes_puerperais,outras_complicacoes_puerperais,66,12213,0.5404,373,33504.54,1
202404,RJ,Rio de Janeiro,complicacoes_vasculares,complicacoes_venosas,23,12213,0.1883,145,9209.90,0
202404,RJ,Rio de Janeiro,desfecho_abortivo,gestacao_com_desfecho_abortivo,899,12213,7.361,1881,237109.61,0
202404,RJ,Rio de Janeiro,disturbios_metabolicos,diabetes_na_gestacao,416,12213,3.4062,1818,225956.32,0
202404,RJ,Rio de Janeiro,hemorragias,hemorragia_pos_parto,15,12213,0.1228,58,6857.60,0
202404,RJ,Rio de Janeiro,hemorragias,outras_hemorragias_obstetricas,191,12213,1.5639,522,73446.91,1
202404,RJ,Rio de Janeiro,infeccoes,infeccao_geniturinaria_gestacao,231,12213,1.8914,1097,64799.47,0
202404,RJ,Rio de Janeiro,infeccoes,infeccao_puerperal,153,12213,1.2528,899,62195.40,0
202404,RJ,Rio de Janeiro,outras_condicoes_maternas,anemia_complicando_gestacao,31,12213,0.2538,124,9558.85,0
202404,RJ,Rio de Janeiro,outras_condicoes_maternas,doencas_classificadas_em_outros_capitulos,361,12213,2.9559,1434,122000.01,0
202404,RJ,Rio de Janeiro,outras_condicoes_maternas,edema_proteinuria_sem_hipertensao,1,12213,0.0082,1,109.24,0
202404,RJ,Rio de Janeiro,outras_condicoes_maternas,outras_condicoes_da_gestacao,89,12213,0.7287,385,23590.70,0
202404,RJ,Rio de Janeiro,transtornos_hipertensivos,eclampsia,31,12213,0.2538,139,33814.08,0
202404,RJ,Rio de Janeiro,transtornos_hipertensivos,hipertensao_gestacional,193,12213,1.5803,701,135362.96,0
202404,RJ,Rio de Janeiro,transtornos_hipertensivos,outros_hipertensivos,335,12213,2.743,1422,238931.04,0
202404,RJ,Rio de Janeiro,transtornos_hipertensivos,pre_eclampsia,342,12213,2.8003,1474,294942.87,0
202404,RN,Rio Grande do Norte,complicacoes_anestesicas,anestesia_obstetrica,4,3374,0.1186,7,757.26,0
202404,RN,Rio Grande do Norte,complicacoes_gestacao,liquido_membranas_ou_placenta,63,3374,1.8672,236,52421.18,0
202404,RN,Rio Grande do Norte,complicacoes_parto,trabalho_de_parto_ou_parto,601,3374,17.8127,1539,368851.00,0
202404,RN,Rio Grande do Norte,complicacoes_puerperais,outras_complicacoes_puerperais,27,3374,0.8002,101,6182.38,0
202404,RN,Rio Grande do Norte,complicacoes_vasculares,complicacoes_venosas,1,3374,0.0296,3,178.30,0
202404,RN,Rio Grande do Norte,complicacoes_vasculares,embolia_obstetrica,1,3374,0.0296,4,764.64,0
202404,RN,Rio Grande do Norte,desfecho_abortivo,gestacao_com_desfecho_abortivo,249,3374,7.38,296,53634.06,0
202404,RN,Rio Grande do Norte,disturbios_metabolicos,diabetes_na_gestacao,84,3374,2.4896,409,65746.94,0
202404,RN,Rio Grande do Norte,hemorragias,hemorragia_pos_parto,9,3374,0.2667,14,3038.92,0
202404,RN,Rio Grande do Norte,hemorragias,outras_hemorragias_obstetricas,18,3374,0.5335,45,11622.96,0
202404,RN,Rio Grande do Norte,infeccoes,infeccao_geniturinaria_gestacao,28,3374,0.8299,191,5717.39,0
202404,RN,Rio Grande do Norte,infeccoes,infeccao_puerperal,35,3374,1.0373,197,11032.70,0
202404,RN,Rio Grande do Norte,outras_condicoes_maternas,anemia_complicando_gestacao,3,3374,0.0889,7,1821.58,0
202404,RN,Rio Grande do Norte,outras_condicoes_maternas,doencas_classificadas_em_outros_capitulos,21,3374,0.6224,91,11886.75,0
202404,RN,Rio Grande do Norte,outras_condicoes_maternas,outras_condicoes_da_gestacao,10,3374,0.2964,41,4112.25,0
202404,RN,Rio Grande do Norte,transtornos_hipertensivos,eclampsia,8,3374,0.2371,21,1384.12,0
202404,RN,Rio Grande do Norte,transtornos_hipertensivos,hipertensao_gestacional,162,3374,4.8014,629,120702.71,0
202404,RN,Rio Grande do Norte,transtornos_hipertensivos,outros_hipertensivos,81,3374,2.4007,282,65687.72,0
202404,RN,Rio Grande do Norte,transtornos_hipertensivos,pre_eclampsia,205,3374,6.0759,696,189511.35,0
202404,RO,Rondônia,complicacoes_anestesicas,anestesia_obstetrica,5,1936,0.2583,6,771.47,0
202404,RO,Rondônia,complicacoes_gestacao,liquido_membranas_ou_placenta,27,1936,1.3946,66,24655.90,0
202404,RO,Rondônia,complicacoes_parto,trabalho_de_parto_ou_parto,179,1936,9.2459,430,119596.69,0
202404,RO,Rondônia,complicacoes_puerperais,outras_complicacoes_puerperais,14,1936,0.7231,32,3701.19,0
202404,RO,Rondônia,complicacoes_vasculares,complicacoes_venosas,2,1936,0.1033,6,264.54,0
202404,RO,Rondônia,desfecho_abortivo,gestacao_com_desfecho_abortivo,170,1936,8.781,222,37939.64,0
202404,RO,Rondônia,disturbios_metabolicos,diabetes_na_gestacao,154,1936,7.9545,576,56416.99,0
202404,RO,Rondônia,hemorragias,hemorragia_pos_parto,1,1936,0.0517,2,204.01,0
202404,RO,Rondônia,hemorragias,outras_hemorragias_obstetricas,45,1936,2.3244,91,10556.82,0
202404,RO,Rondônia,infeccoes,infeccao_geniturinaria_gestacao,107,1936,5.5269,280,15480.23,0
202404,RO,Rondônia,infeccoes,infeccao_puerperal,20,1936,1.0331,73,4046.59,0
202404,RO,Rondônia,outras_condicoes_maternas,anemia_complicando_gestacao,2,1936,0.1033,7,453.44,0
202404,RO,Rondônia,outras_condicoes_maternas,doencas_classificadas_em_outros_capitulos,112,1936,5.7851,312,18552.45,0
202404,RO,Rondônia,outras_condicoes_maternas,edema_proteinuria_sem_hipertensao,1,1936,0.0517,2,164.19,0
202404,RO,Rondônia,outras_condicoes_maternas,outras_condicoes_da_gestacao,16,1936,0.8264,31,2252.96,0
202404,RO,Rondônia,transtornos_hipertensivos,eclampsia,6,1936,0.3099,24,2652.19,0
202404,RO,Rondônia,transtornos_hipertensivos,hipertensao_gestacional,17,1936,0.8781,68,3534.41,0
202404,RO,Rondônia,transtornos_hipertensivos,outros_hipertensivos,17,1936,0.8781,56,7899.89,0
202404,RO,Rondônia,transtornos_hipertensivos,pre_eclampsia,24,1936,1.2397,114,17691.76,0
202404,RR,Roraima,complicacoes_anestesicas,anestesia_obstetrica,5,795,0.6289,19,2866.86,0
202404,RR,Roraima,complicacoes_gestacao,liquido_membranas_ou_placenta,9,795,1.1321,29,8923.16,0
202404,RR,Roraima,complicacoes_parto,trabalho_de_parto_ou_parto,73,795,9.1824,239,75656.67,0
202404,RR,Roraima,complicacoes_puerperais,outras_complicacoes_puerperais,6,795,0.7547,21,1312.50,0
202404,RR,Roraima,desfecho_abortivo,gestacao_com_desfecho_abortivo,58,795,7.2956,138,13095.24,0
202404,RR,Roraima,disturbios_metabolicos,diabetes_na_gestacao,40,795,5.0314,207,34244.20,0
202404,RR,Roraima,hemorragias,outras_hemorragias_obstetricas,41,795,5.1572,143,11206.54,0
202404,RR,Roraima,infeccoes,infeccao_geniturinaria_gestacao,25,795,3.1447,165,4793.80,0
202404,RR,Roraima,infeccoes,infeccao_puerperal,18,795,2.2642,140,4599.90,0
202404,RR,Roraima,outras_condicoes_maternas,anemia_complicando_gestacao,1,795,0.1258,1,140.68,0
202404,RR,Roraima,outras_condicoes_maternas,doencas_classificadas_em_outros_capitulos,35,795,4.4025,154,6959.46,0
202404,RR,Roraima,outras_condicoes_maternas,outras_condicoes_da_gestacao,14,795,1.761,62,2372.72,0
202404,RR,Roraima,transtornos_hipertensivos,eclampsia,1,795,0.1258,1,1105.94,0
202404,RR,Roraima,transtornos_hipertensivos,hipertensao_gestacional,13,795,1.6352,48,1979.87,0
202404,RR,Roraima,transtornos_hipertensivos,outros_hipertensivos,9,795,1.1321,34,9806.26,0
202404,RR,Roraima,transtornos_hipertensivos,pre_eclampsia,4,795,0.5031,12,4498.76,0
202404,RS,Rio Grande do Sul,complicacoes_anestesicas,anestesia_obstetrica,3,8394,0.0357,8,503.29,0
202404,RS,Rio Grande do Sul,complicacoes_gestacao,liquido_membranas_ou_placenta,274,8394,3.2642,767,202847.57,0
202404,RS,Rio Grande do Sul,complicacoes_parto,trabalho_de_parto_ou_parto,1183,8394,14.0934,3350,859849.95,0
202404,RS,Rio Grande do Sul,complicacoes_puerperais,outras_complicacoes_puerperais,27,8394,0.3217,96,8414.40,0
202404,RS,Rio Grande do Sul,complicacoes_vasculares,complicacoes_venosas,11,8394,0.131,99,4029.57,0
202404,RS,Rio Grande do Sul,complicacoes_vasculares,embolia_obstetrica,1,8394,0.0119,3,154.30,0
202404,RS,Rio Grande do Sul,desfecho_abortivo,gestacao_com_desfecho_abortivo,508,8394,6.0519,665,139391.08,0
202404,RS,Rio Grande do Sul,disturbios_metabolicos,diabetes_na_gestacao,235,8394,2.7996,1053,114986.86,0
202404,RS,Rio Grande do Sul,hemorragias,hemorragia_pos_parto,13,8394,0.1549,33,6438.01,0
202404,RS,Rio Grande do Sul,hemorragias,outras_hemorragias_obstetricas,121,8394,1.4415,420,58343.73,0
202404,RS,Rio Grande do Sul,infeccoes,infeccao_geniturinaria_gestacao,115,8394,1.37,404,18795.04,0
202404,RS,Rio Grande do Sul,infeccoes,infeccao_puerperal,43,8394,0.5123,209,12223.68,0
202404,RS,Rio Grande do Sul,outras_condicoes_maternas,anemia_complicando_gestacao,10,8394,0.1191,20,1530.35,0
202404,RS,Rio Grande do Sul,outras_condicoes_maternas,doencas_classificadas_em_outros_capitulos,387,8394,4.6104,1872,126067.65,0
202404,RS,Rio Grande do Sul,outras_condicoes_maternas,edema_proteinuria_sem_hipertensao,11,8394,0.131,45,3586.91,0
202404,RS,Rio Grande do Sul,outras_condicoes_maternas,outras_condicoes_da_gestacao,41,8394,0.4884,161,12051.91,0
202404,RS,Rio Grande do Sul,transtornos_hipertensivos,eclampsia,59,8394,0.7029,372,41306.79,0
202404,RS,Rio Grande do Sul,transtornos_hipertensivos,hipertensao_gestacional,63,8394,0.7505,245,28280.57,0
202404,RS,Rio Grande do Sul,transtornos_hipertensivos,outros_hipertensivos,88,8394,1.0484,415,59546.60,0
202404,RS,Rio Grande do Sul,transtornos_hipertensivos,pre_eclampsia,274,8394,3.2642,1295,164090.39,0
202404,SC,Santa Catarina,complicacoes_anestesicas,anestesia_obstetrica,6,6629,0.0905,36,3008.49,0
202404,SC,Santa Catarina,complicacoes_gestacao,liquido_membranas_ou_placenta,174,6629,2.6248,514,133373.89,0
202404,SC,Santa Catarina,complicacoes_parto,trabalho_de_parto_ou_parto,865,6629,13.0487,2321,612467.57,1
202404,SC,Santa Catarina,complicacoes_puerperais,outras_complicacoes_puerperais,38,6629,0.5732,138,39726.06,0
202404,SC,Santa Catarina,complicacoes_vasculares,complicacoes_venosas,16,6629,0.2414,64,6705.04,0
202404,SC,Santa Catarina,desfecho_abortivo,gestacao_com_desfecho_abortivo,456,6629,6.8789,525,133807.27,0
202404,SC,Santa Catarina,disturbios_metabolicos,diabetes_na_gestacao,252,6629,3.8015,678,136169.09,0
202404,SC,Santa Catarina,hemorragias,hemorragia_pos_parto,8,6629,0.1207,16,4330.13,0
202404,SC,Santa Catarina,hemorragias,outras_hemorragias_obstetricas,97,6629,1.4633,255,38112.53,0
202404,SC,Santa Catarina,infeccoes,infeccao_geniturinaria_gestacao,142,6629,2.1421,515,26212.04,0
202404,SC,Santa Catarina,infeccoes,infeccao_puerperal,35,6629,0.528,72,7898.62,0
202404,SC,Santa Catarina,outras_condicoes_maternas,anemia_complicando_gestacao,1,6629,0.0151,1,44.22,0
202404,SC,Santa Catarina,outras_condicoes_maternas,doencas_classificadas_em_outros_capitulos,171,6629,2.5796,489,56051.10,0
202404,SC,Santa Catarina,outras_condicoes_maternas,edema_proteinuria_sem_hipertensao,9,6629,0.1358,24,2386.08,0
202404,SC,Santa Catarina,outras_condicoes_maternas,outras_condicoes_da_gestacao,44,6629,0.6638,121,9086.85,0
202404,SC,Santa Catarina,transtornos_hipertensivos,eclampsia,19,6629,0.2866,67,20073.22,0
202404,SC,Santa Catarina,transtornos_hipertensivos,hipertensao_gestacional,47,6629,0.709,166,26689.70,0
202404,SC,Santa Catarina,transtornos_hipertensivos,outros_hipertensivos,84,6629,1.2672,294,66461.28,0
202404,SC,Santa Catarina,transtornos_hipertensivos,pre_eclampsia,121,6629,1.8253,574,94036.05,1
202404,SE,Sergipe,complicacoes_anestesicas,anestesia_obstetrica,10,2086,0.4794,15,686.36,0
202404,SE,Sergipe,complicacoes_gestacao,liquido_membranas_ou_placenta,41,2086,1.9655,117,31603.66,0
202404,SE,Sergipe,complicacoes_parto,trabalho_de_parto_ou_parto,305,2086,14.6213,686,164005.70,0
202404,SE,Sergipe,complicacoes_puerperais,outras_complicacoes_puerperais,14,2086,0.6711,35,2749.76,0
202404,SE,Sergipe,complicacoes_vasculares,complicacoes_venosas,3,2086,0.1438,14,4490.19,0
202404,SE,Sergipe,desfecho_abortivo,gestacao_com_desfecho_abortivo,115,2086,5.5129,175,30393.35,0
202404,SE,Sergipe,disturbios_metabolicos,diabetes_na_gestacao,54,2086,2.5887,327,31937.92,0
202404,SE,Sergipe,hemorragias,hemorragia_pos_parto,3,2086,0.1438,8,1086.99,0
202404,SE,Sergipe,hemorragias,outras_hemorragias_obstetricas,16,2086,0.767,54,12800.03,0
202404,SE,Sergipe,infeccoes,infeccao_geniturinaria_gestacao,24,2086,1.1505,150,5687.38,0
202404,SE,Sergipe,infeccoes,infeccao_puerperal,27,2086,1.2943,185,7556.67,0
202404,SE,Sergipe,outras_condicoes_maternas,anemia_complicando_gestacao,3,2086,0.1438,9,2396.22,0
202404,SE,Sergipe,outras_condicoes_maternas,doencas_classificadas_em_outros_capitulos,37,2086,1.7737,272,18104.75,0
202404,SE,Sergipe,outras_condicoes_maternas,outras_condicoes_da_gestacao,2,2086,0.0959,10,315.88,0
202404,SE,Sergipe,transtornos_hipertensivos,eclampsia,3,2086,0.1438,20,5855.72,0
202404,SE,Sergipe,transtornos_hipertensivos,hipertensao_gestacional,21,2086,1.0067,63,7944.07,0
202404,SE,Sergipe,transtornos_hipertensivos,outros_hipertensivos,29,2086,1.3902,96,16875.04,0
202404,SE,Sergipe,transtornos_hipertensivos,pre_eclampsia,41,2086,1.9655,168,28488.77,0
202404,SP,São Paulo,complicacoes_anestesicas,anestesia_obstetrica,22,32667,0.0673,39,3173.23,0
202404,SP,São Paulo,complicacoes_gestacao,liquido_membranas_ou_placenta,1168,32667,3.5755,3910,906758.69,2
202404,SP,São Paulo,complicacoes_parto,trabalho_de_parto_ou_parto,4013,32667,12.2846,11152,2750332.00,1
202404,SP,São Paulo,complicacoes_puerperais,outras_complicacoes_puerperais,113,32667,0.3459,403,35732.18,1
202404,SP,São Paulo,complicacoes_vasculares,complicacoes_venosas,31,32667,0.0949,140,9707.63,0
202404,SP,São Paulo,desfecho_abortivo,gestacao_com_desfecho_abortivo,2180,32667,6.6734,3664,654029.69,0
202404,SP,São Paulo,disturbios_metabolicos,diabetes_na_gestacao,1084,32667,3.3183,3859,588102.61,0
202404,SP,São Paulo,hemorragias,hemorragia_pos_parto,53,32667,0.1622,168,40304.80,0
202404,SP,São Paulo,hemorragias,outras_hemorragias_obstetricas,819,32667,2.5071,1630,254494.15,1
202404,SP,São Paulo,infeccoes,infeccao_geniturinaria_gestacao,373,32667,1.1418,1600,94372.83,0
202404,SP,São Paulo,infeccoes,infeccao_puerperal,163,32667,0.499,821,75206.30,0
202404,SP,São Paulo,outras_condicoes_maternas,anemia_complicando_gestacao,21,32667,0.0643,103,24067.92,0
202404,SP,São Paulo,outras_condicoes_maternas,doencas_classificadas_em_outros_capitulos,750,32667,2.2959,2749,319932.17,1
202404,SP,São Paulo,outras_condicoes_maternas,edema_proteinuria_sem_hipertensao,2,32667,0.0061,2,257.43,0
202404,SP,São Paulo,outras_condicoes_maternas,outras_condicoes_da_gestacao,287,32667,0.8786,1062,99591.19,0
202404,SP,São Paulo,transtornos_hipertensivos,eclampsia,123,32667,0.3765,581,89363.52,1
202404,SP,São Paulo,transtornos_hipertensivos,hipertensao_gestacional,474,32667,1.451,1560,287472.88,0
202404,SP,São Paulo,transtornos_hipertensivos,outros_hipertensivos,289,32667,0.8847,1005,205414.58,0
202404,SP,São Paulo,transtornos_hipertensivos,pre_eclampsia,684,32667,2.0939,2955,686844.47,1
202404,TO,Tocantins,complicacoes_anestesicas,anestesia_obstetrica,1,1779,0.0562,2,199.33,0
202404,TO,Tocantins,complicacoes_gestacao,liquido_membranas_ou_placenta,42,1779,2.3609,121,30754.13,0
202404,TO,Tocantins,complicacoes_parto,trabalho_de_parto_ou_parto,353,1779,19.8426,1001,266699.89,0
202404,TO,Tocantins,complicacoes_puerperais,outras_complicacoes_puerperais,6,1779,0.3373,35,1198.80,0
202404,TO,Tocantins,desfecho_abortivo,gestacao_com_desfecho_abortivo,142,1779,7.982,230,34826.79,0
202404,TO,Tocantins,disturbios_metabolicos,diabetes_na_gestacao,67,1779,3.7662,267,29925.86,0
202404,TO,Tocantins,hemorragias,outras_hemorragias_obstetricas,27,1779,1.5177,48,8274.90,0
202404,TO,Tocantins,infeccoes,infeccao_geniturinaria_gestacao,31,1779,1.7426,96,4346.41,0
202404,TO,Tocantins,infeccoes,infeccao_puerperal,20,1779,1.1242,136,5955.93,0
202404,TO,Tocantins,outras_condicoes_maternas,anemia_complicando_gestacao,3,1779,0.1686,22,495.05,0
202404,TO,Tocantins,outras_condicoes_maternas,doencas_classificadas_em_outros_capitulos,49,1779,2.7544,177,13194.65,0
202404,TO,Tocantins,outras_condicoes_maternas,outras_condicoes_da_gestacao,5,1779,0.2811,19,762.99,0
202404,TO,Tocantins,transtornos_hipertensivos,eclampsia,3,1779,0.1686,12,2531.82,0
202404,TO,Tocantins,transtornos_hipertensivos,hipertensao_gestacional,18,1779,1.0118,42,9855.67,0
202404,TO,Tocantins,transtornos_hipertensivos,outros_hipertensivos,24,1779,1.3491,69,11480.15,0
202404,TO,Tocantins,transtornos_hipertensivos,pre_eclampsia,58,1779,3.2603,236,44129.86,0
202405,AC,Acre,complicacoes_anestesicas,anestesia_obstetrica,3,1326,0.2262,8,475.10,0
202405,AC,Acre,complicacoes_gestacao,liquido_membranas_ou_placenta,46,1326,3.4691,236,40880.90,0
202405,AC,Acre,complicacoes_parto,trabalho_de_parto_ou_parto,163,1326,12.2926,574,136281.33,0
202405,AC,Acre,complicacoes_puerperais,outras_complicacoes_puerperais,4,1326,0.3017,12,745.85,0
202405,AC,Acre,complicacoes_vasculares,complicacoes_venosas,1,1326,0.0754,1,664.98,0
202405,AC,Acre,desfecho_abortivo,gestacao_com_desfecho_abortivo,95,1326,7.1644,89,20676.67,0
202405,AC,Acre,disturbios_metabolicos,diabetes_na_gestacao,37,1326,2.7903,174,38231.28,0
202405,AC,Acre,hemorragias,hemorragia_pos_parto,1,1326,0.0754,2,234.57,0
202405,AC,Acre,hemorragias,outras_hemorragias_obstetricas,12,1326,0.905,29,3569.26,0
202405,AC,Acre,infeccoes,infeccao_geniturinaria_gestacao,19,1326,1.4329,57,2540.16,0
202405,AC,Acre,infeccoes,infeccao_puerperal,18,1326,1.3575,122,4095.55,0
202405,AC,Acre,outras_condicoes_maternas,anemia_complicando_gestacao,2,1326,0.1508,7,983.01,0
202405,AC,Acre,outras_condicoes_maternas,doencas_classificadas_em_outros_capitulos,42,1326,3.1674,191,11514.05,0
202405,AC,Acre,outras_condicoes_maternas,outras_condicoes_da_gestacao,6,1326,0.4525,30,1897.56,0
202405,AC,Acre,transtornos_hipertensivos,eclampsia,3,1326,0.2262,9,467.12,0
202405,AC,Acre,transtornos_hipertensivos,hipertensao_gestacional,16,1326,1.2066,46,6784.88,0
202405,AC,Acre,transtornos_hipertensivos,outros_hipertensivos,7,1326,0.5279,25,3635.76,0
202405,AC,Acre,transtornos_hipertensivos,pre_eclampsia,46,1326,3.4691,183,39160.03,0
202405,AL,Alagoas,complicacoes_anestesicas,anestesia_obstetrica,1,3904,0.0256,5,154.30,0
202405,AL,Alagoas,complicacoes_gestacao,liquido_membranas_ou_placenta,260,3904,6.6598,632,196655.92,0
202405,AL,Alagoas,complicacoes_parto,trabalho_de_parto_ou_parto,362,3904,9.2725,1043,251750.43,0
202405,AL,Alagoas,complicacoes_puerperais,outras_complicacoes_puerperais,71,3904,1.8186,119,6518.32,0
202405,AL,Alagoas,complicacoes_vasculares,complicacoes_venosas,2,3904,0.0512,12,2178.11,0
202405,AL,Alagoas,desfecho_abortivo,gestacao_com_desfecho_abortivo,201,3904,5.1486,440,78967.93,1
202405,AL,Alagoas,disturbios_metabolicos,diabetes_na_gestacao,75,3904,1.9211,335,51889.56,0
202405,AL,Alagoas,hemorragias,outras_hemorragias_obstetricas,43,3904,1.1014,111,22826.92,0
202405,AL,Alagoas,infeccoes,infeccao_geniturinaria_gestacao,55,3904,1.4088,331,13848.39,0
202405,AL,Alagoas,infeccoes,infeccao_puerperal,35,3904,0.8965,223,11609.67,0
202405,AL,Alagoas,outras_condicoes_maternas,anemia_complicando_gestacao,3,3904,0.0768,26,1840.46,0
202405,AL,Alagoas,outras_condicoes_maternas,doencas_classificadas_em_outros_capitulos,107,3904,2.7408,652,51555.43,0
202405,AL,Alagoas,outras_condicoes_maternas,edema_proteinuria_sem_hipertensao,1,3904,0.0256,5,1148.94,0
202405,AL,Alagoas,outras_condicoes_maternas,outras_condicoes_da_gestacao,7,3904,0.1793,34,1227.25,0
202405,AL,Alagoas,transtornos_hipertensivos,eclampsia,12,3904,0.3074,52,25258.04,0
202405,AL,Alagoas,transtornos_hipertensivos,hipertensao_gestacional,36,3904,0.9221,149,22333.36,0
202405,AL,Alagoas,transtornos_hipertensivos,outros_hipertensivos,35,3904,0.8965,138,25765.60,0
202405,AL,Alagoas,transtornos_hipertensivos,pre_eclampsia,120,3904,3.0738,517,116902.95,0
202405,AM,Amazonas,complicacoes_anestesicas,anestesia_obstetrica,4,4956,0.0807,16,1621.04,0
202405,AM,Amazonas,complicacoes_gestacao,liquido_membranas_ou_placenta,103,4956,2.0783,424,105874.03,0
202405,AM,Amazonas,complicacoes_parto,trabalho_de_parto_ou_parto,479,4956,9.6651,1667,435775.84,1
202405,AM,Amazonas,complicacoes_puerperais,outras_complicacoes_puerperais,35,4956,0.7062,123,7678.35,0
202405,AM,Amazonas,complicacoes_vasculares,complicacoes_venosas,2,4956,0.0404,10,362.28,0
202405,AM,Amazonas,desfecho_abortivo,gestacao_com_desfecho_abortivo,406,4956,8.1921,779,102124.39,0
202405,AM,Amazonas,disturbios_metabolicos,diabetes_na_gestacao,10,4956,0.2018,51,7513.41,0
202405,AM,Amazonas,hemorragias,hemorragia_pos_parto,1,4956,0.0202,4,275.94,0
202405,AM,Amazonas,hemorragias,outras_hemorragias_obstetricas,113,4956,2.2801,275,24870.74,0
202405,AM,Amazonas,infeccoes,infeccao_geniturinaria_gestacao,181,4956,3.6521,572,28298.13,0
202405,AM,Amazonas,infeccoes,infeccao_puerperal,46,4956,0.9282,317,13162.42,0
202405,AM,Amazonas,outras_condicoes_maternas,anemia_complicando_gestacao,4,4956,0.0807,25,2829.16,0
202405,AM,Amazonas,outras_condicoes_maternas,doencas_classificadas_em_outros_capitulos,48,4956,0.9685,153,12150.12,0
202405,AM,Amazonas,outras_condicoes_maternas,outras_condicoes_da_gestacao,11,4956,0.222,44,1667.31,0
202405,AM,Amazonas,transtornos_hipertensivos,eclampsia,9,4956,0.1816,37,9976.43,0
202405,AM,Amazonas,transtornos_hipertensivos,hipertensao_gestacional,24,4956,0.4843,103,13620.82,0
202405,AM,Amazonas,transtornos_hipertensivos,outros_hipertensivos,20,4956,0.4036,95,19394.55,0
202405,AM,Amazonas,transtornos_hipertensivos,pre_eclampsia,71,4956,1.4326,323,56195.41,1
202405,AP,Amapá,complicacoes_anestesicas,anestesia_obstetrica,2,1169,0.1711,3,866.81,0
202405,AP,Amapá,complicacoes_gestacao,liquido_membranas_ou_placenta,53,1169,4.5338,200,35946.39,0
202405,AP,Amapá,complicacoes_parto,trabalho_de_parto_ou_parto,104,1169,8.8965,395,64305.18,0
202405,AP,Amapá,complicacoes_puerperais,outras_complicacoes_puerperais,18,1169,1.5398,51,4593.91,0
202405,AP,Amapá,desfecho_abortivo,gestacao_com_desfecho_abortivo,110,1169,9.4098,222,30015.77,1
202405,AP,Amapá,disturbios_metabolicos,diabetes_na_gestacao,48,1169,4.1061,220,27383.96,0
202405,AP,Amapá,hemorragias,hemorragia_pos_parto,3,1169,0.2566,13,850.26,0
202405,AP,Amapá,hemorragias,outras_hemorragias_obstetricas,21,1169,1.7964,49,8262.01,0
202405,AP,Amapá,infeccoes,infeccao_geniturinaria_gestacao,29,1169,2.4808,182,5806.18,0
202405,AP,Amapá,infeccoes,infeccao_puerperal,23,1169,1.9675,81,5540.79,0
202405,AP,Amapá,outras_condicoes_maternas,anemia_complicando_gestacao,2,1169,0.1711,15,425.60,0
202405,AP,Amapá,outras_condicoes_maternas,doencas_classificadas_em_outros_capitulos,19,1169,1.6253,115,5388.99,0
202405,AP,Amapá,outras_condicoes_maternas,outras_condicoes_da_gestacao,4,1169,0.3422,8,595.16,0
202405,AP,Amapá,transtornos_hipertensivos,eclampsia,2,1169,0.1711,14,990.05,0
202405,AP,Amapá,transtornos_hipertensivos,hipertensao_gestacional,26,1169,2.2241,91,16225.27,0
202405,AP,Amapá,transtornos_hipertensivos,outros_hipertensivos,9,1169,0.7699,43,4461.77,0
202405,AP,Amapá,transtornos_hipertensivos,pre_eclampsia,20,1169,1.7109,113,13781.34,0
202405,BA,Bahia,complicacoes_anestesicas,anestesia_obstetrica,10,14559,0.0687,24,1788.19,0
202405,BA,Bahia,complicacoes_gestacao,liquido_membranas_ou_placenta,400,14559,2.7474,1204,290727.39,0
202405,BA,Bahia,complicacoes_parto,trabalho_de_parto_ou_parto,1257,14559,8.6338,3444,842915.58,1
202405,BA,Bahia,complicacoes_puerperais,outras_complicacoes_puerperais,122,14559,0.838,640,114585.01,0
202405,BA,Bahia,complicacoes_vasculares,complicacoes_venosas,27,14559,0.1855,127,8193.13,0
202405,BA,Bahia,complicacoes_vasculares,embolia_obstetrica,1,14559,0.0069,2,443.40,0
202405,BA,Bahia,desfecho_abortivo,gestacao_com_desfecho_abortivo,1237,14559,8.4965,2207,277143.61,0
202405,BA,Bahia,disturbios_metabolicos,diabetes_na_gestacao,299,14559,2.0537,1376,167319.12,0
202405,BA,Bahia,hemorragias,hemorragia_pos_parto,21,14559,0.1442,63,13768.76,0
202405,BA,Bahia,hemorragias,outras_hemorragias_obstetricas,223,14559,1.5317,605,59555.74,0
202405,BA,Bahia,infeccoes,infeccao_geniturinaria_gestacao,176,14559,1.2089,741,28179.50,0
202405,BA,Bahia,infeccoes,infeccao_puerperal,110,14559,0.7555,580,37709.94,1
202405,BA,Bahia,outras_condicoes_maternas,anemia_complicando_gestacao,8,14559,0.0549,33,8012.46,0
202405,BA,Bahia,outras_condicoes_maternas,doencas_classificadas_em_outros_capitulos,640,14559,4.3959,2643,230607.37,1
202405,BA,Bahia,outras_condicoes_maternas,outras_condicoes_da_gestacao,92,14559,0.6319,361,24706.59,0
202405,BA,Bahia,transtornos_hipertensivos,eclampsia,27,14559,0.1855,144,17948.56,0
202405,BA,Bahia,transtornos_hipertensivos,hipertensao_gestacional,214,14559,1.4699,813,119564.52,0
202405,BA,Bahia,transtornos_hipertensivos,outros_hipertensivos,212,14559,1.4561,818,161963.28,0
202405,BA,Bahia,transtornos_hipertensivos,pre_eclampsia,237,14559,1.6279,1051,197873.99,0
202405,CE,Ceará,complicacoes_anestesicas,anestesia_obstetrica,13,8918,0.1458,30,2028.39,0
202405,CE,Ceará,complicacoes_gestacao,liquido_membranas_ou_placenta,489,8918,5.4833,1466,351034.12,0
202405,CE,Ceará,complicacoes_parto,trabalho_de_parto_ou_parto,937,8918,10.5068,2355,561056.20,1
202405,CE,Ceará,complicacoes_puerperais,outras_complicacoes_puerperais,31,8918,0.3476,150,8907.09,0
202405,CE,Ceará,complicacoes_vasculares,complicacoes_venosas,8,8918,0.0897,32,4816.58,0
202405,CE,Ceará,complicacoes_vasculares,embolia_obstetrica,1,8918,0.0112,4,186.30,0
202405,CE,Ceará,desfecho_abortivo,gestacao_com_desfecho_abortivo,637,8918,7.1429,1123,140697.93,0
202405,CE,Ceará,disturbios_metabolicos,diabetes_na_gestacao,312,8918,3.4985,1264,197188.24,0
202405,CE,Ceará,hemorragias,hemorragia_pos_parto,12,8918,0.1346,76,17174.11,0
202405,CE,Ceará,hemorragias,outras_hemorragias_obstetricas,148,8918,1.6596,276,47889.51,0
202405,CE,Ceará,infeccoes,infeccao_geniturinaria_gestacao,161,8918,1.8053,658,25431.34,0
202405,CE,Ceará,infeccoes,infeccao_puerperal,69,8918,0.7737,318,18491.59,0
202405,CE,Ceará,outras_condicoes_maternas,anemia_complicando_gestacao,3,8918,0.0336,12,553.74,0
202405,CE,Ceará,outras_condicoes_maternas,doencas_classificadas_em_outros_capitulos,334,8918,3.7452,1398,84814.68,0
202405,CE,Ceará,outras_condicoes_maternas,edema_proteinuria_sem_hipertensao,4,8918,0.0449,18,2534.81,0
202405,CE,Ceará,outras_condicoes_maternas,outras_condicoes_da_gestacao,46,8918,0.5158,207,14816.92,0
202405,CE,Ceará,transtornos_hipertensivos,eclampsia,23,8918,0.2579,68,14860.13,0
202405,CE,Ceará,transtornos_hipertensivos,hipertensao_gestacional,138,8918,1.5474,414,84588.39,0
202405,CE,Ceará,transtornos_hipertensivos,outros_hipertensivos,83,8918,0.9307,306,51223.55,0
202405,CE,Ceará,transtornos_hipertensivos,pre_eclampsia,588,8918,6.5934,2509,457319.47,0
202405,DF,Distrito Federal,complicacoes_anestesicas,anestesia_obstetrica,19,3054,0.6221,63,4166.94,0
202405,DF,Distrito Federal,complicacoes_gestacao,liquido_membranas_ou_placenta,69,3054,2.2593,218,47223.20,0
202405,DF,Distrito Federal,complicacoes_parto,trabalho_de_parto_ou_parto,735,3054,24.0668,2258,357471.49,0
202405,DF,Distrito Federal,complicacoes_puerperais,outras_complicacoes_puerperais,44,3054,1.4407,169,9220.29,0
202405,DF,Distrito Federal,complicacoes_vasculares,complicacoes_venosas,5,3054,0.1637,15,2732.93,0
202405,DF,Distrito Federal,desfecho_abortivo,gestacao_com_desfecho_abortivo,225,3054,7.3674,271,54887.25,0
202405,DF,Distrito Federal,disturbios_metabolicos,diabetes_na_gestacao,76,3054,2.4885,376,44594.87,0
202405,DF,Distrito Federal,hemorragias,hemorragia_pos_parto,4,3054,0.131,10,731.38,0
202405,DF,Distrito Federal,hemorragias,outras_hemorragias_obstetricas,48,3054,1.5717,93,16313.25,0
202405,DF,Distrito Federal,infeccoes,infeccao_geniturinaria_gestacao,45,3054,1.4735,135,6298.53,0
202405,DF,Distrito Federal,infeccoes,infeccao_puerperal,32,3054,1.0478,203,7751.75,0
202405,DF,Distrito Federal,outras_condicoes_maternas,doencas_classificadas_em_outros_capitulos,95,3054,3.1107,361,25370.97,0
202405,DF,Distrito Federal,outras_condicoes_maternas,edema_proteinuria_sem_hipertensao,1,3054,0.0327,3,157.44,0
202405,DF,Distrito Federal,outras_condicoes_maternas,outras_condicoes_da_gestacao,30,3054,0.9823,118,5358.34,0
202405,DF,Distrito Federal,transtornos_hipertensivos,eclampsia,4,3054,0.131,25,2191.22,0
202405,DF,Distrito Federal,transtornos_hipertensivos,hipertensao_gestacional,78,3054,2.554,323,51147.00,0
202405,DF,Distrito Federal,transtornos_hipertensivos,outros_hipertensivos,56,3054,1.8337,290,18611.52,0
202405,DF,Distrito Federal,transtornos_hipertensivos,pre_eclampsia,42,3054,1.3752,199,32900.32,0
202405,ES,Espírito Santo,complicacoes_anestesicas,anestesia_obstetrica,1,3547,0.0282,1,163.30,0
202405,ES,Espírito Santo,complicacoes_gestacao,liquido_membranas_ou_placenta,161,3547,4.539,506,116657.77,0
202405,ES,Espírito Santo,complicacoes_parto,trabalho_de_parto_ou_parto,347,3547,9.7829,954,239079.75,0
202405,ES,Espírito Santo,complicacoes_puerperais,outras_complicacoes_puerperais,15,3547,0.4229,63,9957.96,0
202405,ES,Espírito Santo,complicacoes_vasculares,complicacoes_venosas,3,3547,0.0846,16,1834.25,0
202405,ES,Espírito Santo,desfecho_abortivo,gestacao_com_desfecho_abortivo,231,3547,6.5125,420,59399.93,0
202405,ES,Espírito Santo,disturbios_metabolicos,diabetes_na_gestacao,146,3547,4.1162,470,107203.80,0
202405,ES,Espírito Santo,hemorragias,hemorragia_pos_parto,11,3547,0.3101,32,5368.28,0
202405,ES,Espírito Santo,hemorragias,outras_hemorragias_obstetricas,32,3547,0.9022,75,11830.28,0
202405,ES,Espírito Santo,infeccoes,infeccao_geniturinaria_gestacao,43,3547,1.2123,200,11315.96,0
202405,ES,Espírito Santo,infeccoes,infeccao_puerperal,29,3547,0.8176,164,10332.95,1
202405,ES,Espírito Santo,outras_condicoes_maternas,anemia_complicando_gestacao,1,3547,0.0282,1,211.52,0
202405,ES,Espírito Santo,outras_condicoes_maternas,doencas_classificadas_em_outros_capitulos,99,3547,2.7911,444,56710.57,0
202405,ES,Espírito Santo,outras_condicoes_maternas,outras_condicoes_da_gestacao,30,3547,0.8458,123,7288.89,0
202405,ES,Espírito Santo,transtornos_hipertensivos,eclampsia,11,3547,0.3101,97,20360.36,0
202405,ES,Espírito Santo,transtornos_hipertensivos,hipertensao_gestacional,59,3547,1.6634,190,46780.08,0
202405,ES,Espírito Santo,transtornos_hipertensivos,outros_hipertensivos,161,3547,4.539,383,165238.09,0
202405,ES,Espírito Santo,transtornos_hipertensivos,pre_eclampsia,55,3547,1.5506,222,66611.34,1
202405,GO,Goiás,complicacoes_anestesicas,anestesia_obstetrica,10,5897,0.1696,24,2208.81,0
202405,GO,Goiás,complicacoes_gestacao,liquido_membranas_ou_placenta,176,5897,2.9846,498,124603.69,0
202405,GO,Goiás,complicacoes_parto,trabalho_de_parto_ou_parto,747,5897,12.6675,1958,445145.31,0
202405,GO,Goiás,complicacoes_puerperais,outras_complicacoes_puerperais,52,5897,0.8818,227,28156.21,0
202405,GO,Goiás,complicacoes_vasculares,complicacoes_venosas,4,5897,0.0678,11,519.90,0
202405,GO,Goiás,complicacoes_vasculares,embolia_obstetrica,1,5897,0.017,7,3979.16,0
202405,GO,Goiás,desfecho_abortivo,gestacao_com_desfecho_abortivo,358,5897,6.0709,576,116461.16,0
202405,GO,Goiás,disturbios_metabolicos,diabetes_na_gestacao,141,5897,2.391,476,78439.17,0
202405,GO,Goiás,hemorragias,hemorragia_pos_parto,12,5897,0.2035,25,10958.70,0
202405,GO,Goiás,hemorragias,outras_hemorragias_obstetricas,117,5897,1.9841,200,33062.30,0
202405,GO,Goiás,infeccoes,infeccao_geniturinaria_gestacao,69,5897,1.1701,245,20190.65,0
202405,GO,Goiás,infeccoes,infeccao_puerperal,36,5897,0.6105,154,22897.61,0
202405,GO,Goiás,outras_condicoes_maternas,anemia_complicando_gestacao,1,5897,0.017,7,198.28,0
202405,GO,Goiás,outras_condicoes_maternas,doencas_classificadas_em_outros_capitulos,292,5897,4.9517,1262,146293.56,0
202405,GO,Goiás,outras_condicoes_maternas,outras_condicoes_da_gestacao,34,5897,0.5766,62,14063.25,0
202405,GO,Goiás,transtornos_hipertensivos,eclampsia,18,5897,0.3052,58,12086.33,0
202405,GO,Goiás,transtornos_hipertensivos,hipertensao_gestacional,56,5897,0.9496,165,30887.15,0
202405,GO,Goiás,transtornos_hipertensivos,outros_hipertensivos,106,5897,1.7975,465,90415.36,0
202405,GO,Goiás,transtornos_hipertensivos,pre_eclampsia,130,5897,2.2045,451,100170.09,0
202405,MA,Maranhão,complicacoes_anestesicas,anestesia_obstetrica,6,7631,0.0786,21,1955.20,0
202405,MA,Maranhão,complicacoes_gestacao,liquido_membranas_ou_placenta,266,7631,3.4858,881,202261.07,0
202405,MA,Maranhão,complicacoes_parto,trabalho_de_parto_ou_parto,1168,7631,15.306,3599,842744.52,0
202405,MA,Maranhão,complicacoes_puerperais,outras_complicacoes_puerperais,19,7631,0.249,140,10466.50,0
202405,MA,Maranhão,complicacoes_vasculares,complicacoes_venosas,4,7631,0.0524,23,1497.59,0
202405,MA,Maranhão,complicacoes_vasculares,embolia_obstetrica,1,7631,0.0131,1,726.93,0
202405,MA,Maranhão,desfecho_abortivo,gestacao_com_desfecho_abortivo,553,7631,7.2468,1164,142577.49,0
202405,MA,Maranhão,disturbios_metabolicos,diabetes_na_gestacao,80,7631,1.0484,374,52796.75,0
202405,MA,Maranhão,hemorragias,hemorragia_pos_parto,4,7631,0.0524,26,876.21,0
202405,MA,Maranhão,hemorragias,outras_hemorragias_obstetricas,132,7631,1.7298,331,41878.64,0
202405,MA,Maranhão,infeccoes,infeccao_geniturinaria_gestacao,83,7631,1.0877,298,24957.59,0
202405,MA,Maranhão,infeccoes,infeccao_puerperal,59,7631,0.7732,314,21476.48,0
202405,MA,Maranhão,outras_condicoes_maternas,anemia_complicando_gestacao,5,7631,0.0655,32,1070.21,0
202405,MA,Maranhão,outras_condicoes_maternas,doencas_classificadas_em_outros_capitulos,49,7631,0.6421,178,14069.82,0
202405,MA,Maranhão,outras_condicoes_maternas,outras_condicoes_da_gestacao,49,7631,0.6421,149,11369.50,0
202405,MA,Maranhão,transtornos_hipertensivos,eclampsia,23,7631,0.3014,85,18132.34,2
202405,MA,Maranhão,transtornos_hipertensivos,hipertensao_gestacional,77,7631,1.009,328,62824.12,0
202405,MA,Maranhão,transtornos_hipertensivos,outros_hipertensivos,113,7631,1.4808,473,72807.64,0
202405,MA,Maranhão,transtornos_hipertensivos,pre_eclampsia,153,7631,2.005,773,121552.39,0
202405,MG,Minas Gerais,complicacoes_anestesicas,anestesia_obstetrica,14,16178,0.0865,34,3263.96,0
202405,MG,Minas Gerais,complicacoes_gestacao,liquido_membranas_ou_placenta,441,16178,2.7259,1242,379553.53,0
202405,MG,Minas Gerais,complicacoes_parto,trabalho_de_parto_ou_parto,1092,16178,6.7499,2430,667116.85,2
202405,MG,Minas Gerais,complicacoes_puerperais,outras_complicacoes_puerperais,82,16178,0.5069,286,35533.64,0
202405,MG,Minas Gerais,complicacoes_vasculares,complicacoes_venosas,30,16178,0.1854,115,12346.87,0
202405,MG,Minas Gerais,complicacoes_vasculares,embolia_obstetrica,1,16178,0.0062,6,669.24,0
202405,MG,Minas Gerais,desfecho_abortivo,gestacao_com_desfecho_abortivo,1060,16178,6.5521,1538,322266.24,0
202405,MG,Minas Gerais,disturbios_metabolicos,diabetes_na_gestacao,287,16178,1.774,1011,199160.86,0
202405,MG,Minas Gerais,hemorragias,hemorragia_pos_parto,38,16178,0.2349,89,20930.24,0
202405,MG,Minas Gerais,hemorragias,outras_hemorragias_obstetricas,278,16178,1.7184,550,84895.58,0
202405,MG,Minas Gerais,infeccoes,infeccao_geniturinaria_gestacao,165,16178,1.0199,598,46010.41,0
202405,MG,Minas Gerais,infeccoes,infeccao_puerperal,90,16178,0.5563,409,36292.52,0
202405,MG,Minas Gerais,outras_condicoes_maternas,anemia_complicando_gestacao,14,16178,0.0865,66,4859.26,0
202405,MG,Minas Gerais,outras_condicoes_maternas,doencas_classificadas_em_outros_capitulos,299,16178,1.8482,968,99340.43,0
202405,MG,Minas Gerais,outras_condicoes_maternas,edema_proteinuria_sem_hipertensao,5,16178,0.0309,10,2429.84,0
202405,MG,Minas Gerais,outras_condicoes_maternas,outras_condicoes_da_gestacao,150,16178,0.9272,436,51022.78,0
202405,MG,Minas Gerais,transtornos_hipertensivos,eclampsia,30,16178,0.1854,143,21218.75,0
202405,MG,Minas Gerais,transtornos_hipertensivos,hipertensao_gestacional,144,16178,0.8901,434,84000.03,0
202405,MG,Minas Gerais,transtornos_hipertensivos,outros_hipertensivos,280,16178,1.7307,951,240221.68,0
202405,MG,Minas Gerais,transtornos_hipertensivos,pre_eclampsia,325,16178,2.0089,1189,273992.09,2
202405,MS,Mato Grosso do Sul,complicacoes_anestesicas,anestesia_obstetrica,1,3134,0.0319,2,154.30,0
202405,MS,Mato Grosso do Sul,complicacoes_gestacao,liquido_membranas_ou_placenta,140,3134,4.4671,458,112356.50,1
202405,MS,Mato Grosso do Sul,complicacoes_parto,trabalho_de_parto_ou_parto,354,3134,11.2955,844,175597.87,0
202405,MS,Mato Grosso do Sul,complicacoes_puerperais,outras_complicacoes_puerperais,13,3134,0.4148,71,4377.89,0
202405,MS,Mato Grosso do Sul,complicacoes_vasculares,complicacoes_venosas,2,3134,0.0638,4,279.54,0
202405,MS,Mato Grosso do Sul,desfecho_abortivo,gestacao_com_desfecho_abortivo,208,3134,6.6369,354,54588.04,0
202405,MS,Mato Grosso do Sul,disturbios_metabolicos,diabetes_na_gestacao,51,3134,1.6273,234,41725.76,0
202405,MS,Mato Grosso do Sul,hemorragias,hemorragia_pos_parto,1,3134,0.0319,6,457.78,0
202405,MS,Mato Grosso do Sul,hemorragias,outras_hemorragias_obstetricas,65,3134,2.074,167,15498.06,0
202405,MS,Mato Grosso do Sul,infeccoes,infeccao_geniturinaria_gestacao,99,3134,3.1589,368,16110.79,0
202405,MS,Mato Grosso do Sul,infeccoes,infeccao_puerperal,22,3134,0.702,100,5276.68,0
202405,MS,Mato Grosso do Sul,outras_condicoes_maternas,anemia_complicando_gestacao,3,3134,0.0957,16,2402.51,0
202405,MS,Mato Grosso do Sul,outras_condicoes_maternas,doencas_classificadas_em_outros_capitulos,217,3134,6.9241,835,112778.13,0
202405,MS,Mato Grosso do Sul,outras_condicoes_maternas,outras_condicoes_da_gestacao,15,3134,0.4786,44,3111.97,0
202405,MS,Mato Grosso do Sul,transtornos_hipertensivos,eclampsia,6,3134,0.1914,14,2956.45,0
202405,MS,Mato Grosso do Sul,transtornos_hipertensivos,hipertensao_gestacional,22,3134,0.702,88,16444.20,0
202405,MS,Mato Grosso do Sul,transtornos_hipertensivos,outros_hipertensivos,60,3134,1.9145,275,50180.48,0
202405,MS,Mato Grosso do Sul,transtornos_hipertensivos,pre_eclampsia,78,3134,2.4888,288,58626.06,0
202405,MT,Mato Grosso,complicacoes_anestesicas,anestesia_obstetrica,2,4187,0.0478,12,455.79,0
202405,MT,Mato Grosso,complicacoes_gestacao,liquido_membranas_ou_placenta,90,4187,2.1495,213,63399.09,0
202405,MT,Mato Grosso,complicacoes_parto,trabalho_de_parto_ou_parto,403,4187,9.625,982,230532.77,0
202405,MT,Mato Grosso,complicacoes_puerperais,outras_complicacoes_puerperais,15,4187,0.3583,57,6293.09,0
202405,MT,Mato Grosso,complicacoes_vasculares,complicacoes_venosas,3,4187,0.0717,7,614.22,0
202405,MT,Mato Grosso,desfecho_abortivo,gestacao_com_desfecho_abortivo,311,4187,7.4278,551,77804.05,0
202405,MT,Mato Grosso,disturbios_metabolicos,diabetes_na_gestacao,105,4187,2.5078,240,45075.23,0
202405,MT,Mato Grosso,hemorragias,hemorragia_pos_parto,2,4187,0.0478,6,1979.51,0
202405,MT,Mato Grosso,hemorragias,outras_hemorragias_obstetricas,101,4187,2.4122,204,23036.93,0
202405,MT,Mato Grosso,infeccoes,infeccao_geniturinaria_gestacao,72,4187,1.7196,215,11684.63,0
202405,MT,Mato Grosso,infeccoes,infeccao_puerperal,28,4187,0.6687,88,6487.67,0
202405,MT,Mato Grosso,outras_condicoes_maternas,anemia_complicando_gestacao,3,4187,0.0717,10,1450.32,0
202405,MT,Mato Grosso,outras_condicoes_maternas,doencas_classificadas_em_outros_capitulos,177,4187,4.2274,474,43021.03,0
202405,MT,Mato Grosso,outras_condicoes_maternas,outras_condicoes_da_gestacao,21,4187,0.5016,55,4077.73,0
202405,MT,Mato Grosso,transtornos_hipertensivos,eclampsia,6,4187,0.1433,24,2760.04,0
202405,MT,Mato Grosso,transtornos_hipertensivos,hipertensao_gestacional,42,4187,1.0031,118,21989.39,0
202405,MT,Mato Grosso,transtornos_hipertensivos,outros_hipertensivos,27,4187,0.6449,64,11435.56,0
202405,MT,Mato Grosso,transtornos_hipertensivos,pre_eclampsia,64,4187,1.5285,203,57251.81,0
202405,PA,Pará,complicacoes_anestesicas,anestesia_obstetrica,10,9827,0.1018,20,1936.61,0
202405,PA,Pará,complicacoes_gestacao,liquido_membranas_ou_placenta,380,9827,3.8669,1083,294500.47,1
202405,PA,Pará,complicacoes_parto,trabalho_de_parto_ou_parto,1960,9827,19.945,4742,1370831.91,0
202405,PA,Pará,complicacoes_puerperais,outras_complicacoes_puerperais,32,9827,0.3256,171,10821.35,0
202405,PA,Pará,complicacoes_vasculares,complicacoes_venosas,17,9827,0.173,58,12426.89,0
202405,PA,Pará,desfecho_abortivo,gestacao_com_desfecho_abortivo,780,9827,7.9373,1262,203503.42,1
202405,PA,Pará,disturbios_metabolicos,diabetes_na_gestacao,69,9827,0.7021,263,39103.19,0
202405,PA,Pará,hemorragias,hemorragia_pos_parto,3,9827,0.0305,16,8562.45,0
202405,PA,Pará,hemorragias,outras_hemorragias_obstetricas,215,9827,2.1878,510,62521.41,0
202405,PA,Pará,infeccoes,infeccao_geniturinaria_gestacao,311,9827,3.1648,1106,56161.78,0
202405,PA,Pará,infeccoes,infeccao_puerperal,76,9827,0.7734,368,32007.89,0
202405,PA,Pará,outras_condicoes_maternas,anemia_complicando_gestacao,10,9827,0.1018,56,3259.52,0
202405,PA,Pará,outras_condicoes_maternas,doencas_classificadas_em_outros_capitulos,224,9827,2.2794,938,71631.78,0
202405,PA,Pará,outras_condicoes_maternas,edema_proteinuria_sem_hipertensao,1,9827,0.0102,2,109.24,0
202405,PA,Pará,outras_condicoes_maternas,outras_condicoes_da_gestacao,45,9827,0.4579,199,16576.84,0
202405,PA,Pará,transtornos_hipertensivos,eclampsia,32,9827,0.3256,129,22585.01,2
202405,PA,Pará,transtornos_hipertensivos,hipertensao_gestacional,87,9827,0.8853,314,57192.81,0
202405,PA,Pará,transtornos_hipertensivos,outros_hipertensivos,56,9827,0.5699,156,35866.54,0
202405,PA,Pará,transtornos_hipertensivos,pre_eclampsia,306,9827,3.1139,993,250424.81,0
202405,PB,Paraíba,complicacoes_anestesicas,anestesia_obstetrica,7,3861,0.1813,14,1558.46,0
202405,PB,Paraíba,complicacoes_gestacao,liquido_membranas_ou_placenta,145,3861,3.7555,444,115569.36,0
202405,PB,Paraíba,complicacoes_parto,trabalho_de_parto_ou_parto,594,3861,15.3846,1478,512271.81,0
202405,PB,Paraíba,complicacoes_puerperais,outras_complicacoes_puerperais,40,3861,1.036,178,20585.69,0
202405,PB,Paraíba,complicacoes_vasculares,complicacoes_venosas,2,3861,0.0518,8,449.28,0
202405,PB,Paraíba,desfecho_abortivo,gestacao_com_desfecho_abortivo,258,3861,6.6822,477,65557.33,0
202405,PB,Paraíba,disturbios_metabolicos,diabetes_na_gestacao,237,3861,6.1383,961,203112.51,0
202405,PB,Paraíba,hemorragias,hemorragia_pos_parto,1,3861,0.0259,1,212.82,0
202405,PB,Paraíba,hemorragias,outras_hemorragias_obstetricas,27,3861,0.6993,81,14494.01,0
202405,PB,Paraíba,infeccoes,infeccao_geniturinaria_gestacao,26,3861,0.6734,145,12842.85,0
202405,PB,Paraíba,infeccoes,infeccao_puerperal,19,3861,0.4921,117,6211.10,0
202405,PB,Paraíba,outras_condicoes_maternas,anemia_complicando_gestacao,1,3861,0.0259,2,168.14,0
202405,PB,Paraíba,outras_condicoes_maternas,doencas_classificadas_em_outros_capitulos,104,3861,2.6936,489,59884.43,0
202405,PB,Paraíba,outras_condicoes_maternas,outras_condicoes_da_gestacao,10,3861,0.259,44,7042.54,0
202405,PB,Paraíba,transtornos_hipertensivos,eclampsia,27,3861,0.6993,132,59148.07,0
202405,PB,Paraíba,transtornos_hipertensivos,hipertensao_gestacional,76,3861,1.9684,258,68834.59,0
202405,PB,Paraíba,transtornos_hipertensivos,outros_hipertensivos,64,3861,1.6576,225,54277.17,0
202405,PB,Paraíba,transtornos_hipertensivos,pre_eclampsia,209,3861,5.4131,801,249625.83,0
202405,PE,Pernambuco,complicacoes_anestesicas,anestesia_obstetrica,11,9747,0.1129,42,4450.72,0
202405,PE,Pernambuco,complicacoes_gestacao,liquido_membranas_ou_placenta,705,9747,7.233,1732,500899.94,0
202405,PE,Pernambuco,complicacoes_parto,trabalho_de_parto_ou_parto,801,9747,8.2179,2061,447091.64,0
202405,PE,Pernambuco,complicacoes_puerperais,outras_complicacoes_puerperais,54,9747,0.554,191,24093.34,0
202405,PE,Pernambuco,complicacoes_vasculares,complicacoes_venosas,7,9747,0.0718,37,6535.75,0
202405,PE,Pernambuco,desfecho_abortivo,gestacao_com_desfecho_abortivo,655,9747,6.72,1172,162756.83,0
202405,PE,Pernambuco,disturbios_metabolicos,diabetes_na_gestacao,297,9747,3.0471,1234,203994.66,0
202405,PE,Pernambuco,hemorragias,hemorragia_pos_parto,13,9747,0.1334,34,6091.78,0
202405,PE,Pernambuco,hemorragias,outras_hemorragias_obstetricas,67,9747,0.6874,217,42085.15,0
202405,PE,Pernambuco,infeccoes,infeccao_geniturinaria_gestacao,95,9747,0.9747,470,26779.46,0
202405,PE,Pernambuco,infeccoes,infeccao_puerperal,98,9747,1.0054,640,45452.11,0
202405,PE,Pernambuco,outras_condicoes_maternas,anemia_complicando_gestacao,7,9747,0.0718,31,1188.87,0
202405,PE,Pernambuco,outras_condicoes_maternas,doencas_classificadas_em_outros_capitulos,148,9747,1.5184,652,91896.50,0
202405,PE,Pernambuco,outras_condicoes_maternas,edema_proteinuria_sem_hipertensao,1,9747,0.0103,3,202.50,0
202405,PE,Pernambuco,outras_condicoes_maternas,outras_condicoes_da_gestacao,16,9747,0.1642,66,5949.32,0
202405,PE,Pernambuco,transtornos_hipertensivos,eclampsia,13,9747,0.1334,103,14447.01,0
202405,PE,Pernambuco,transtornos_hipertensivos,hipertensao_gestacional,278,9747,2.8522,877,216766.62,0
202405,PE,Pernambuco,transtornos_hipertensivos,outros_hipertensivos,328,9747,3.3651,965,310186.68,0
202405,PE,Pernambuco,transtornos_hipertensivos,pre_eclampsia,416,9747,4.268,1954,372698.28,0
202405,PI,Piauí,complicacoes_anestesicas,anestesia_obstetrica,4,3254,0.1229,7,657.20,0
202405,PI,Piauí,complicacoes_gestacao,liquido_membranas_ou_placenta,148,3254,4.5482,470,117824.18,0
202405,PI,Piauí,complicacoes_parto,trabalho_de_parto_ou_parto,411,3254,12.6306,1115,266954.62,0
202405,PI,Piauí,complicacoes_puerperais,outras_complicacoes_puerperais,31,3254,0.9527,149,23724.79,0
202405,PI,Piauí,desfecho_abortivo,gestacao_com_desfecho_abortivo,302,3254,9.2809,632,80854.89,0
202405,PI,Piauí,disturbios_metabolicos,diabetes_na_gestacao,44,3254,1.3522,257,35683.38,0
202405,PI,Piauí,hemorragias,hemorragia_pos_parto,2,3254,0.0615,9,4995.00,0
202405,PI,Piauí,hemorragias,outras_hemorragias_obstetricas,67,3254,2.059,156,19712.97,0
202405,PI,Piauí,infeccoes,infeccao_geniturinaria_gestacao,44,3254,1.3522,157,6445.85,0
202405,PI,Piauí,infeccoes,infeccao_puerperal,21,3254,0.6454,141,8260.29,0
202405,PI,Piauí,outras_condicoes_maternas,anemia_complicando_gestacao,4,3254,0.1229,42,14744.61,0
202405,PI,Piauí,outras_condicoes_maternas,doencas_classificadas_em_outros_capitulos,200,3254,6.1463,1394,132993.91,0
202405,PI,Piauí,outras_condicoes_maternas,outras_condicoes_da_gestacao,11,3254,0.338,26,1631.37,0
202405,PI,Piauí,transtornos_hipertensivos,eclampsia,14,3254,0.4302,51,10301.19,0
202405,PI,Piauí,transtornos_hipertensivos,hipertensao_gestacional,12,3254,0.3688,47,6253.87,0
202405,PI,Piauí,transtornos_hipertensivos,outros_hipertensivos,21,3254,0.6454,89,17903.09,0
202405,PI,Piauí,transtornos_hipertensivos,pre_eclampsia,203,3254,6.2385,1101,208240.56,0
202405,PR,Paraná,complicacoes_anestesicas,anestesia_obstetrica,4,9889,0.0404,7,727.21,0
202405,PR,Paraná,complicacoes_gestacao,liquido_membranas_ou_placenta,265,9889,2.6797,781,204478.66,0
202405,PR,Paraná,complicacoes_parto,trabalho_de_parto_ou_parto,1013,9889,10.2437,2429,700889.66,0
202405,PR,Paraná,complicacoes_puerperais,outras_complicacoes_puerperais,77,9889,0.7786,256,25333.55,0
202405,PR,Paraná,complicacoes_vasculares,complicacoes_venosas,15,9889,0.1517,34,3333.98,0
202405,PR,Paraná,desfecho_abortivo,gestacao_com_desfecho_abortivo,685,9889,6.9269,919,192216.75,2
202405,PR,Paraná,disturbios_metabolicos,diabetes_na_gestacao,173,9889,1.7494,551,126063.35,0
202405,PR,Paraná,hemorragias,hemorragia_pos_parto,18,9889,0.182,46,6516.31,0
202405,PR,Paraná,hemorragias,outras_hemorragias_obstetricas,239,9889,2.4168,427,46861.33,0
202405,PR,Paraná,infeccoes,infeccao_geniturinaria_gestacao,87,9889,0.8798,255,16766.89,0
202405,PR,Paraná,infeccoes,infeccao_puerperal,29,9889,0.2933,91,12468.49,0
202405,PR,Paraná,outras_condicoes_maternas,anemia_complicando_gestacao,1,9889,0.0101,4,173.04,0
202405,PR,Paraná,outras_condicoes_maternas,doencas_classificadas_em_outros_capitulos,711,9889,7.1898,1798,260121.44,1
202405,PR,Paraná,outras_condicoes_maternas,edema_proteinuria_sem_hipertensao,1,9889,0.0101,2,109.24,0
202405,PR,Paraná,outras_condicoes_maternas,outras_condicoes_da_gestacao,72,9889,0.7281,168,16880.60,0
202405,PR,Paraná,transtornos_hipertensivos,eclampsia,24,9889,0.2427,53,11215.69,1
202405,PR,Paraná,transtornos_hipertensivos,hipertensao_gestacional,90,9889,0.9101,270,52921.13,0
202405,PR,Paraná,transtornos_hipertensivos,outros_hipertensivos,179,9889,1.8101,467,141910.55,0
202405,PR,Paraná,transtornos_hipertensivos,pre_eclampsia,114,9889,1.1528,417,91196.33,0
202405,RJ,Rio de Janeiro,complicacoes_anestesicas,anestesia_obstetrica,17,12123,0.1402,48,4654.63,0
202405,RJ,Rio de Janeiro,complicacoes_gestacao,liquido_membranas_ou_placenta,652,12123,5.3782,2216,507502.73,1
202405,RJ,Rio de Janeiro,complicacoes_parto,trabalho_de_parto_ou_parto,1231,12123,10.1543,3690,864789.66,1
202405,RJ,Rio de Janeiro,complicacoes_puerperais,outras_complicacoes_puerperais,61,12123,0.5032,227,28204.95,0
202405,RJ,Rio de Janeiro,complicacoes_vasculares,complicacoes_venosas,9,12123,0.0742,38,1498.40,0
202405,RJ,Rio de Janeiro,desfecho_abortivo,gestacao_com_desfecho_abortivo,993,12123,8.191,1993,292367.18,1
202405,RJ,Rio de Janeiro,disturbios_metabolicos,diabetes_na_gestacao,403,12123,3.3243,1667,229323.54,0
202405,RJ,Rio de Janeiro,hemorragias,hemorragia_pos_parto,7,12123,0.0577,15,2758.61,0
202405,RJ,Rio de Janeiro,hemorragias,outras_hemorragias_obstetricas,186,12123,1.5343,441,56398.47,0
202405,RJ,Rio de Janeiro,infeccoes,infeccao_geniturinaria_gestacao,208,12123,1.7157,1047,47397.26,0
202405,RJ,Rio de Janeiro,infeccoes,infeccao_puerperal,169,12123,1.394,1027,72968.15,0
202405,RJ,Rio de Janeiro,outras_condicoes_maternas,anemia_complicando_gestacao,21,12123,0.1732,83,7056.09,0
202405,RJ,Rio de Janeiro,outras_condicoes_maternas,doencas_classificadas_em_outros_capitulos,358,12123,2.9531,1426,117633.92,0
202405,RJ,Rio de Janeiro,outras_condicoes_maternas,edema_proteinuria_sem_hipertensao,1,12123,0.0082,4,484.59,0
202405,RJ,Rio de Janeiro,outras_condicoes_maternas,outras_condicoes_da_gestacao,89,12123,0.7341,374,19647.56,0
202405,RJ,Rio de Janeiro,transtornos_hipertensivos,eclampsia,33,12123,0.2722,146,56558.34,0
202405,RJ,Rio de Janeiro,transtornos_hipertensivos,hipertensao_gestacional,197,12123,1.625,676,131146.04,0
202405,RJ,Rio de Janeiro,transtornos_hipertensivos,outros_hipertensivos,344,12123,2.8376,1355,232914.06,1
202405,RJ,Rio de Janeiro,transtornos_hipertensivos,pre_eclampsia,389,12123,3.2088,1748,364075.74,0
202405,RN,Rio Grande do Norte,complicacoes_anestesicas,anestesia_obstetrica,7,3056,0.2291,19,1483.14,0
202405,RN,Rio Grande do Norte,complicacoes_gestacao,liquido_membranas_ou_placenta,47,3056,1.538,170,38904.11,0
202405,RN,Rio Grande do Norte,complicacoes_parto,trabalho_de_parto_ou_parto,502,3056,16.4267,1292,336704.87,0
202405,RN,Rio Grande do Norte,complicacoes_puerperais,outras_complicacoes_puerperais,42,3056,1.3743,215,9400.29,0
202405,RN,Rio Grande do Norte,complicacoes_vasculares,complicacoes_venosas,3,3056,0.0982,23,873.10,0
202405,RN,Rio Grande do Norte,complicacoes_vasculares,embolia_obstetrica,1,3056,0.0327,2,525.60,0
202405,RN,Rio Grande do Norte,desfecho_abortivo,gestacao_com_desfecho_abortivo,206,3056,6.7408,274,50948.54,0
202405,RN,Rio Grande do Norte,disturbios_metabolicos,diabetes_na_gestacao,72,3056,2.356,304,51674.92,0
202405,RN,Rio Grande do Norte,hemorragias,hemorragia_pos_parto,12,3056,0.3927,26,6054.48,0
202405,RN,Rio Grande do Norte,hemorragias,outras_hemorragias_obstetricas,8,3056,0.2618,32,6098.35,0
202405,RN,Rio Grande do Norte,infeccoes,infeccao_geniturinaria_gestacao,31,3056,1.0144,147,12073.84,0
202405,RN,Rio Grande do Norte,infeccoes,infeccao_puerperal,24,3056,0.7853,164,6966.22,0
202405,RN,Rio Grande do Norte,outras_condicoes_maternas,anemia_complicando_gestacao,1,3056,0.0327,2,1069.74,0
202405,RN,Rio Grande do Norte,outras_condicoes_maternas,doencas_classificadas_em_outros_capitulos,24,3056,0.7853,147,15011.18,0
202405,RN,Rio Grande do Norte,outras_condicoes_maternas,edema_proteinuria_sem_hipertensao,1,3056,0.0327,6,171.99,0
202405,RN,Rio Grande do Norte,outras_condicoes_maternas,outras_condicoes_da_gestacao,8,3056,0.2618,38,4092.98,0
202405,RN,Rio Grande do Norte,transtornos_hipertensivos,eclampsia,14,3056,0.4581,53,9257.76,0
202405,RN,Rio Grande do Norte,transtornos_hipertensivos,hipertensao_gestacional,172,3056,5.6283,729,122783.28,0
202405,RN,Rio Grande do Norte,transtornos_hipertensivos,outros_hipertensivos,91,3056,2.9777,383,68084.46,0
202405,RN,Rio Grande do Norte,transtornos_hipertensivos,pre_eclampsia,219,3056,7.1662,811,207656.51,0
202405,RO,Rondônia,complicacoes_anestesicas,anestesia_obstetrica,2,1971,0.1015,2,361.63,0
202405,RO,Rondônia,complicacoes_gestacao,liquido_membranas_ou_placenta,35,1971,1.7757,97,33545.67,0
202405,RO,Rondônia,complicacoes_parto,trabalho_de_parto_ou_parto,225,1971,11.4155,539,148297.66,0
202405,RO,Rondônia,complicacoes_puerperais,outras_complicacoes_puerperais,13,1971,0.6596,51,3093.77,0
202405,RO,Rondônia,complicacoes_vasculares,complicacoes_venosas,2,1971,0.1015,3,218.48,0
202405,RO,Rondônia,desfecho_abortivo,gestacao_com_desfecho_abortivo,153,1971,7.7626,208,35677.80,0
202405,RO,Rondônia,disturbios_metabolicos,diabetes_na_gestacao,113,1971,5.7331,561,66377.43,0
202405,RO,Rondônia,hemorragias,hemorragia_pos_parto,2,1971,0.1015,12,2142.92,0
202405,RO,Rondônia,hemorragias,outras_hemorragias_obstetricas,48,1971,2.4353,139,13037.75,0
202405,RO,Rondônia,infeccoes,infeccao_geniturinaria_gestacao,68,1971,3.45,193,11152.87,0
202405,RO,Rondônia,infeccoes,infeccao_puerperal,7,1971,0.3551,39,1451.56,0
202405,RO,Rondônia,outras_condicoes_maternas,anemia_complicando_gestacao,1,1971,0.0507,13,290.26,0
202405,RO,Rondônia,outras_condicoes_maternas,doencas_classificadas_em_outros_capitulos,65,1971,3.2978,190,10247.70,0
202405,RO,Rondônia,outras_condicoes_maternas,outras_condicoes_da_gestacao,9,1971,0.4566,21,1123.57,0
202405,RO,Rondônia,transtornos_hipertensivos,eclampsia,6,1971,0.3044,16,2526.16,0
202405,RO,Rondônia,transtornos_hipertensivos,hipertensao_gestacional,13,1971,0.6596,35,9244.62,0
202405,RO,Rondônia,transtornos_hipertensivos,outros_hipertensivos,11,1971,0.5581,42,3864.90,0
202405,RO,Rondônia,transtornos_hipertensivos,pre_eclampsia,25,1971,1.2684,124,25664.61,0
202405,RR,Roraima,complicacoes_anestesicas,anestesia_obstetrica,1,555,0.1802,4,223.55,0
202405,RR,Roraima,complicacoes_gestacao,liquido_membranas_ou_placenta,7,555,1.2613,19,8366.47,0
202405,RR,Roraima,complicacoes_parto,trabalho_de_parto_ou_parto,36,555,6.4865,134,59715.88,1
202405,RR,Roraima,complicacoes_puerperais,outras_complicacoes_puerperais,6,555,1.0811,15,1217.85,0
202405,RR,Roraima,complicacoes_vasculares,complicacoes_venosas,1,555,0.1802,6,188.68,0
202405,RR,Roraima,desfecho_abortivo,gestacao_com_desfecho_abortivo,47,555,8.4685,93,10919.52,0
202405,RR,Roraima,disturbios_metabolicos,diabetes_na_gestacao,33,555,5.9459,138,23426.16,0
202405,RR,Roraima,hemorragias,outras_hemorragias_obstetricas,23,555,4.1441,79,6491.98,0
202405,RR,Roraima,infeccoes,infeccao_geniturinaria_gestacao,20,555,3.6036,113,3187.64,0
202405,RR,Roraima,infeccoes,infeccao_puerperal,3,555,0.5405,21,747.45,0
202405,RR,Roraima,outras_condicoes_maternas,anemia_complicando_gestacao,5,555,0.9009,38,933.80,0
202405,RR,Roraima,outras_condicoes_maternas,doencas_classificadas_em_outros_capitulos,22,555,3.964,89,4454.94,0
202405,RR,Roraima,outras_condicoes_maternas,outras_condicoes_da_gestacao,8,555,1.4414,42,1532.37,0
202405,RR,Roraima,transtornos_hipertensivos,hipertensao_gestacional,11,555,1.982,37,1627.89,0
202405,RR,Roraima,transtornos_hipertensivos,outros_hipertensivos,11,555,1.982,37,11765.34,0
202405,RR,Roraima,transtornos_hipertensivos,pre_eclampsia,4,555,0.7207,18,2359.06,0
202405,RS,Rio Grande do Sul,complicacoes_anestesicas,anestesia_obstetrica,1,7811,0.0128,1,162.30,0
202405,RS,Rio Grande do Sul,complicacoes_gestacao,liquido_membranas_ou_placenta,314,7811,4.02,872,232823.21,0
202405,RS,Rio Grande do Sul,complicacoes_parto,trabalho_de_parto_ou_parto,1090,7811,13.9547,3118,779597.72,1
202405,RS,Rio Grande do Sul,complicacoes_puerperais,outras_complicacoes_puerperais,35,7811,0.4481,137,9190.93,0
202405,RS,Rio Grande do Sul,complicacoes_vasculares,complicacoes_venosas,6,7811,0.0768,78,2214.72,0
202405,RS,Rio Grande do Sul,desfecho_abortivo,gestacao_com_desfecho_abortivo,458,7811,5.8635,526,128689.22,1
202405,RS,Rio Grande do Sul,disturbios_metabolicos,diabetes_na_gestacao,202,7811,2.5861,920,96050.86,0
202405,RS,Rio Grande do Sul,hemorragias,hemorragia_pos_parto,6,7811,0.0768,14,2767.80,0
202405,RS,Rio Grande do Sul,hemorragias,outras_hemorragias_obstetricas,104,7811,1.3315,286,44443.60,0
202405,RS,Rio Grande do Sul,infeccoes,infeccao_geniturinaria_gestacao,82,7811,1.0498,322,14197.16,0
202405,RS,Rio Grande do Sul,infeccoes,infeccao_puerperal,51,7811,0.6529,239,12825.63,0
202405,RS,Rio Grande do Sul,outras_condicoes_maternas,anemia_complicando_gestacao,5,7811,0.064,13,1319.00,0
202405,RS,Rio Grande do Sul,outras_condicoes_maternas,doencas_classificadas_em_outros_capitulos,348,7811,4.4553,1791,114065.34,0
202405,RS,Rio Grande do Sul,outras_condicoes_maternas,edema_proteinuria_sem_hipertensao,6,7811,0.0768,24,1570.99,0
202405,RS,Rio Grande do Sul,outras_condicoes_maternas,outras_condicoes_da_gestacao,34,7811,0.4353,158,8978.62,0
202405,RS,Rio Grande do Sul,transtornos_hipertensivos,eclampsia,48,7811,0.6145,270,44494.32,0
202405,RS,Rio Grande do Sul,transtornos_hipertensivos,hipertensao_gestacional,83,7811,1.0626,286,39630.11,0
202405,RS,Rio Grande do Sul,transtornos_hipertensivos,outros_hipertensivos,85,7811,1.0882,420,61964.78,0
202405,RS,Rio Grande do Sul,transtornos_hipertensivos,pre_eclampsia,242,7811,3.0982,1301,155482.97,0
202405,SC,Santa Catarina,complicacoes_anestesicas,anestesia_obstetrica,3,6828,0.0439,15,1336.36,0
202405,SC,Santa Catarina,complicacoes_gestacao,liquido_membranas_ou_placenta,189,6828,2.768,562,152985.45,0
202405,SC,Santa Catarina,complicacoes_parto,trabalho_de_parto_ou_parto,836,6828,12.2437,2301,590013.23,0
202405,SC,Santa Catarina,complicacoes_puerperais,outras_complicacoes_puerperais,30,6828,0.4394,91,14374.46,0
202405,SC,Santa Catarina,complicacoes_vasculares,complicacoes_venosas,8,6828,0.1172,20,3451.59,0
202405,SC,Santa Catarina,desfecho_abortivo,gestacao_com_desfecho_abortivo,482,6828,7.0592,567,150484.58,0
202405,SC,Santa Catarina,disturbios_metabolicos,diabetes_na_gestacao,264,6828,3.8664,876,152156.77,0
202405,SC,Santa Catarina,hemorragias,hemorragia_pos_parto,16,6828,0.2343,26,7069.51,0
202405,SC,Santa Catarina,hemorragias,outras_hemorragias_obstetricas,95,6828,1.3913,204,45798.38,0
202405,SC,Santa Catarina,infeccoes,infeccao_geniturinaria_gestacao,125,6828,1.8307,408,24808.85,0
202405,SC,Santa Catarina,infeccoes,infeccao_puerperal,46,6828,0.6737,173,16389.43,0
202405,SC,Santa Catarina,outras_condicoes_maternas,anemia_complicando_gestacao,3,6828,0.0439,6,1315.19,0
202405,SC,Santa Catarina,outras_condicoes_maternas,doencas_classificadas_em_outros_capitulos,202,6828,2.9584,640,69254.61,0
202405,SC,Santa Catarina,outras_condicoes_maternas,edema_proteinuria_sem_hipertensao,6,6828,0.0879,22,1887.00,0
202405,SC,Santa Catarina,outras_condicoes_maternas,outras_condicoes_da_gestacao,52,6828,0.7616,152,15052.18,0
202405,SC,Santa Catarina,transtornos_hipertensivos,eclampsia,12,6828,0.1757,48,20355.80,0
202405,SC,Santa Catarina,transtornos_hipertensivos,hipertensao_gestacional,65,6828,0.952,184,37019.32,0
202405,SC,Santa Catarina,transtornos_hipertensivos,outros_hipertensivos,98,6828,1.4353,312,81878.79,0
202405,SC,Santa Catarina,transtornos_hipertensivos,pre_eclampsia,130,6828,1.9039,604,100149.11,1
202405,SE,Sergipe,complicacoes_gestacao,liquido_membranas_ou_placenta,32,2241,1.4279,84,23891.85,0
202405,SE,Sergipe,complicacoes_parto,trabalho_de_parto_ou_parto,365,2241,16.2874,827,212724.73,1
202405,SE,Sergipe,complicacoes_puerperais,outras_complicacoes_puerperais,21,2241,0.9371,63,5637.33,0
202405,SE,Sergipe,complicacoes_vasculares,complicacoes_venosas,1,2241,0.0446,5,197.64,0
202405,SE,Sergipe,desfecho_abortivo,gestacao_com_desfecho_abortivo,115,2241,5.1316,182,30621.38,0
202405,SE,Sergipe,disturbios_metabolicos,diabetes_na_gestacao,53,2241,2.365,258,32308.92,0
202405,SE,Sergipe,hemorragias,hemorragia_pos_parto,4,2241,0.1785,7,774.68,0
202405,SE,Sergipe,hemorragias,outras_hemorragias_obstetricas,15,2241,0.6693,41,13295.74,0
202405,SE,Sergipe,infeccoes,infeccao_geniturinaria_gestacao,10,2241,0.4462,36,2027.14,0
202405,SE,Sergipe,infeccoes,infeccao_puerperal,22,2241,0.9817,138,5802.82,0
202405,SE,Sergipe,outras_condicoes_maternas,doencas_classificadas_em_outros_capitulos,25,2241,1.1156,137,13415.00,0
202405,SE,Sergipe,outras_condicoes_maternas,outras_condicoes_da_gestacao,3,2241,0.1339,5,376.92,0
202405,SE,Sergipe,transtornos_hipertensivos,eclampsia,1,2241,0.0446,5,2000.70,0
202405,SE,Sergipe,transtornos_hipertensivos,hipertensao_gestacional,38,2241,1.6957,127,18468.92,0
202405,SE,Sergipe,transtornos_hipertensivos,outros_hipertensivos,36,2241,1.6064,161,28080.99,0
202405,SE,Sergipe,transtornos_hipertensivos,pre_eclampsia,42,2241,1.8742,291,45717.58,1
202405,SP,São Paulo,complicacoes_anestesicas,anestesia_obstetrica,27,31991,0.0844,40,5088.88,0
202405,SP,São Paulo,complicacoes_gestacao,liquido_membranas_ou_placenta,1125,31991,3.5166,3470,838961.18,1
202405,SP,São Paulo,complicacoes_parto,trabalho_de_parto_ou_parto,3799,31991,11.8752,10753,2591353.59,2
202405,SP,São Paulo,complicacoes_puerperais,outras_complicacoes_puerperais,114,31991,0.3564,385,37704.34,0
202405,SP,São Paulo,complicacoes_vasculares,complicacoes_venosas,21,31991,0.0656,110,13545.75,0
202405,SP,São Paulo,complicacoes_vasculares,embolia_obstetrica,2,31991,0.0063,10,1700.04,0
202405,SP,São Paulo,desfecho_abortivo,gestacao_com_desfecho_abortivo,2183,31991,6.8238,3563,648308.24,1
202405,SP,São Paulo,disturbios_metabolicos,diabetes_na_gestacao,1068,31991,3.3384,3847,590167.47,0
202405,SP,São Paulo,hemorragias,hemorragia_pos_parto,58,31991,0.1813,175,40292.71,0
202405,SP,São Paulo,hemorragias,outras_hemorragias_obstetricas,784,31991,2.4507,1503,254790.04,0
202405,SP,São Paulo,infeccoes,infeccao_geniturinaria_gestacao,435,31991,1.3598,1859,114358.37,0
202405,SP,São Paulo,infeccoes,infeccao_puerperal,167,31991,0.522,821,70885.90,0
202405,SP,São Paulo,outras_condicoes_maternas,anemia_complicando_gestacao,20,31991,0.0625,118,9670.52,0
202405,SP,São Paulo,outras_condicoes_maternas,doencas_classificadas_em_outros_capitulos,669,31991,2.0912,2252,268399.00,0
202405,SP,São Paulo,outras_condicoes_maternas,edema_proteinuria_sem_hipertensao,2,31991,0.0063,9,1003.95,0
202405,SP,São Paulo,outras_condicoes_maternas,outras_condicoes_da_gestacao,306,31991,0.9565,1186,129285.04,0
202405,SP,São Paulo,transtornos_hipertensivos,eclampsia,115,31991,0.3595,584,92844.52,0
202405,SP,São Paulo,transtornos_hipertensivos,hipertensao_gestacional,454,31991,1.4191,1500,259549.88,0
202405,SP,São Paulo,transtornos_hipertensivos,outros_hipertensivos,311,31991,0.9721,1052,222764.32,0
202405,SP,São Paulo,transtornos_hipertensivos,pre_eclampsia,729,31991,2.2788,2911,632275.85,1
202405,TO,Tocantins,complicacoes_anestesicas,anestesia_obstetrica,1,2064,0.0484,3,223.33,0
202405,TO,Tocantins,complicacoes_gestacao,liquido_membranas_ou_placenta,47,2064,2.2771,145,34706.35,0
202405,TO,Tocantins,complicacoes_parto,trabalho_de_parto_ou_parto,436,2064,21.124,1161,326938.43,0
202405,TO,Tocantins,complicacoes_puerperais,outras_complicacoes_puerperais,19,2064,0.9205,50,3686.39,0
202405,TO,Tocantins,complicacoes_vasculares,embolia_obstetrica,1,2064,0.0484,2,605.66,0
202405,TO,Tocantins,desfecho_abortivo,gestacao_com_desfecho_abortivo,158,2064,7.655,360,42643.33,0
202405,TO,Tocantins,disturbios_metabolicos,diabetes_na_gestacao,51,2064,2.4709,197,17349.88,0
202405,TO,Tocantins,hemorragias,hemorragia_pos_parto,1,2064,0.0484,4,292.52,0
202405,TO,Tocantins,hemorragias,outras_hemorragias_obstetricas,34,2064,1.6473,74,11508.32,0
202405,TO,Tocantins,infeccoes,infeccao_geniturinaria_gestacao,21,2064,1.0174,79,3493.64,0
202405,TO,Tocantins,infeccoes,infeccao_puerperal,25,2064,1.2112,195,9245.02,0
202405,TO,Tocantins,outras_condicoes_maternas,anemia_complicando_gestacao,1,2064,0.0484,7,227.39,0
202405,TO,Tocantins,outras_condicoes_maternas,doencas_classificadas_em_outros_capitulos,50,2064,2.4225,247,18125.48,0
202405,TO,Tocantins,outras_condicoes_maternas,outras_condicoes_da_gestacao,8,2064,0.3876,44,1376.14,0
202405,TO,Tocantins,transtornos_hipertensivos,eclampsia,7,2064,0.3391,18,2143.19,0
202405,TO,Tocantins,transtornos_hipertensivos,hipertensao_gestacional,35,2064,1.6957,107,26565.47,0
202405,TO,Tocantins,transtornos_hipertensivos,outros_hipertensivos,15,2064,0.7267,57,4821.41,0
202405,TO,Tocantins,transtornos_hipertensivos,pre_eclampsia,74,2064,3.5853,289,46899.68,0
202406,AC,Acre,complicacoes_gestacao,liquido_membranas_ou_placenta,27,1088,2.4816,111,23743.92,0
202406,AC,Acre,complicacoes_parto,trabalho_de_parto_ou_parto,150,1088,13.7868,529,121891.95,0
202406,AC,Acre,complicacoes_puerperais,outras_complicacoes_puerperais,1,1088,0.0919,5,195.30,0
202406,AC,Acre,complicacoes_vasculares,complicacoes_venosas,1,1088,0.0919,1,141.44,0
202406,AC,Acre,desfecho_abortivo,gestacao_com_desfecho_abortivo,84,1088,7.7206,92,17100.54,0
202406,AC,Acre,disturbios_metabolicos,diabetes_na_gestacao,38,1088,3.4926,146,35777.67,0
202406,AC,Acre,hemorragias,hemorragia_pos_parto,1,1088,0.0919,2,179.62,0
202406,AC,Acre,hemorragias,outras_hemorragias_obstetricas,4,1088,0.3676,8,2167.10,0
202406,AC,Acre,infeccoes,infeccao_geniturinaria_gestacao,19,1088,1.7463,49,2574.56,0
202406,AC,Acre,infeccoes,infeccao_puerperal,14,1088,1.2868,99,3392.19,0
202406,AC,Acre,outras_condicoes_maternas,anemia_complicando_gestacao,1,1088,0.0919,1,134.02,0
202406,AC,Acre,outras_condicoes_maternas,doencas_classificadas_em_outros_capitulos,29,1088,2.6654,114,5563.50,0
202406,AC,Acre,outras_condicoes_maternas,outras_condicoes_da_gestacao,5,1088,0.4596,18,810.67,0
202406,AC,Acre,transtornos_hipertensivos,eclampsia,4,1088,0.3676,18,2884.67,0
202406,AC,Acre,transtornos_hipertensivos,hipertensao_gestacional,10,1088,0.9191,26,4661.22,0
202406,AC,Acre,transtornos_hipertensivos,outros_hipertensivos,10,1088,0.9191,35,6452.10,0
202406,AC,Acre,transtornos_hipertensivos,pre_eclampsia,30,1088,2.7574,143,26224.84,0
202406,AL,Alagoas,complicacoes_anestesicas,anestesia_obstetrica,2,3659,0.0547,5,1294.24,0
202406,AL,Alagoas,complicacoes_gestacao,liquido_membranas_ou_placenta,208,3659,5.6846,537,158084.49,0
202406,AL,Alagoas,complicacoes_parto,trabalho_de_parto_ou_parto,392,3659,10.7133,1080,266430.98,1
202406,AL,Alagoas,complicacoes_puerperais,outras_complicacoes_puerperais,84,3659,2.2957,194,16333.17,0
202406,AL,Alagoas,complicacoes_vasculares,complicacoes_venosas,2,3659,0.0547,28,703.02,0
202406,AL,Alagoas,desfecho_abortivo,gestacao_com_desfecho_abortivo,192,3659,5.2473,407,52230.14,0
202406,AL,Alagoas,disturbios_metabolicos,diabetes_na_gestacao,72,3659,1.9678,438,54768.28,0
202406,AL,Alagoas,hemorragias,hemorragia_pos_parto,4,3659,0.1093,14,1994.85,0
202406,AL,Alagoas,hemorragias,outras_hemorragias_obstetricas,36,3659,0.9839,114,26846.86,0
202406,AL,Alagoas,infeccoes,infeccao_geniturinaria_gestacao,50,3659,1.3665,277,11542.09,0
202406,AL,Alagoas,infeccoes,infeccao_puerperal,35,3659,0.9565,206,21218.04,1
202406,AL,Alagoas,outras_condicoes_maternas,anemia_complicando_gestacao,2,3659,0.0547,6,308.08,0
202406,AL,Alagoas,outras_condicoes_maternas,doencas_classificadas_em_outros_capitulos,87,3659,2.3777,438,41861.18,0
202406,AL,Alagoas,outras_condicoes_maternas,outras_condicoes_da_gestacao,13,3659,0.3553,78,3963.15,1
202406,AL,Alagoas,transtornos_hipertensivos,eclampsia,10,3659,0.2733,46,13814.00,0
202406,AL,Alagoas,transtornos_hipertensivos,hipertensao_gestacional,46,3659,1.2572,157,19071.82,0
202406,AL,Alagoas,transtornos_hipertensivos,outros_hipertensivos,56,3659,1.5305,215,54400.18,0
202406,AL,Alagoas,transtornos_hipertensivos,pre_eclampsia,130,3659,3.5529,600,123805.45,1
202406,AM,Amazonas,complicacoes_gestacao,liquido_membranas_ou_placenta,92,4479,2.054,358,86847.98,0
202406,AM,Amazonas,complicacoes_parto,trabalho_de_parto_ou_parto,414,4479,9.2431,1188,313482.28,0
202406,AM,Amazonas,complicacoes_puerperais,outras_complicacoes_puerperais,23,4479,0.5135,98,5481.12,0
202406,AM,Amazonas,complicacoes_vasculares,complicacoes_venosas,2,4479,0.0447,11,809.15,0
202406,AM,Amazonas,desfecho_abortivo,gestacao_com_desfecho_abortivo,376,4479,8.3947,732,91866.08,0
202406,AM,Amazonas,disturbios_metabolicos,diabetes_na_gestacao,17,4479,0.3795,95,9158.23,0
202406,AM,Amazonas,hemorragias,hemorragia_pos_parto,3,4479,0.067,11,1047.68,0
202406,AM,Amazonas,hemorragias,outras_hemorragias_obstetricas,85,4479,1.8977,200,21092.57,0
202406,AM,Amazonas,infeccoes,infeccao_geniturinaria_gestacao,193,4479,4.309,670,31966.68,0
202406,AM,Amazonas,infeccoes,infeccao_puerperal,36,4479,0.8038,220,11488.96,0
202406,AM,Amazonas,outras_condicoes_maternas,anemia_complicando_gestacao,5,4479,0.1116,51,20124.04,0
202406,AM,Amazonas,outras_condicoes_maternas,doencas_classificadas_em_outros_capitulos,47,4479,1.0493,165,10906.99,0
202406,AM,Amazonas,outras_condicoes_maternas,outras_condicoes_da_gestacao,17,4479,0.3795,65,8827.87,0
202406,AM,Amazonas,transtornos_hipertensivos,eclampsia,9,4479,0.2009,42,17279.91,0
202406,AM,Amazonas,transtornos_hipertensivos,hipertensao_gestacional,20,4479,0.4465,67,13582.37,0
202406,AM,Amazonas,transtornos_hipertensivos,outros_hipertensivos,11,4479,0.2456,43,6951.47,0
202406,AM,Amazonas,transtornos_hipertensivos,pre_eclampsia,68,4479,1.5182,276,62437.53,0
202406,AP,Amapá,complicacoes_anestesicas,anestesia_obstetrica,5,1271,0.3934,9,740.98,0
202406,AP,Amapá,complicacoes_gestacao,liquido_membranas_ou_placenta,44,1271,3.4618,169,30539.78,0
202406,AP,Amapá,complicacoes_parto,trabalho_de_parto_ou_parto,122,1271,9.5987,435,76961.63,0
202406,AP,Amapá,complicacoes_puerperais,outras_complicacoes_puerperais,11,1271,0.8655,38,2048.70,0
202406,AP,Amapá,complicacoes_vasculares,complicacoes_venosas,1,1271,0.0787,3,178.30,0
202406,AP,Amapá,desfecho_abortivo,gestacao_com_desfecho_abortivo,123,1271,9.6774,319,30472.68,0
202406,AP,Amapá,disturbios_metabolicos,diabetes_na_gestacao,53,1271,4.1699,284,25080.67,0
202406,AP,Amapá,hemorragias,outras_hemorragias_obstetricas,27,1271,2.1243,79,7520.89,0
202406,AP,Amapá,infeccoes,infeccao_geniturinaria_gestacao,18,1271,1.4162,133,4139.29,0
202406,AP,Amapá,infeccoes,infeccao_puerperal,32,1271,2.5177,186,6793.79,0
202406,AP,Amapá,outras_condicoes_maternas,doencas_classificadas_em_outros_capitulos,24,1271,1.8883,151,5273.11,0
202406,AP,Amapá,outras_condicoes_maternas,outras_condicoes_da_gestacao,5,1271,0.3934,14,792.40,0
202406,AP,Amapá,transtornos_hipertensivos,eclampsia,2,1271,0.1574,8,917.70,0
202406,AP,Amapá,transtornos_hipertensivos,hipertensao_gestacional,34,1271,2.6751,160,22776.81,0
202406,AP,Amapá,transtornos_hipertensivos,outros_hipertensivos,14,1271,1.1015,78,7300.09,0
202406,AP,Amapá,transtornos_hipertensivos,pre_eclampsia,25,1271,1.967,144,15228.08,0
202406,BA,Bahia,complicacoes_anestesicas,anestesia_obstetrica,12,13280,0.0904,31,2036.57,0
202406,BA,Bahia,complicacoes_gestacao,liquido_membranas_ou_placenta,390,13280,2.9367,1145,276735.91,0
202406,BA,Bahia,complicacoes_parto,trabalho_de_parto_ou_parto,1093,13280,8.2304,2912,682063.41,0
202406,BA,Bahia,complicacoes_puerperais,outras_complicacoes_puerperais,120,13280,0.9036,651,112175.13,1
202406,BA,Bahia,complicacoes_vasculares,complicacoes_venosas,12,13280,0.0904,75,3099.43,0
202406,BA,Bahia,complicacoes_vasculares,embolia_obstetrica,1,13280,0.0075,1,617.91,0
202406,BA,Bahia,desfecho_abortivo,gestacao_com_desfecho_abortivo,1113,13280,8.381,2023,250905.71,0
202406,BA,Bahia,disturbios_metabolicos,diabetes_na_gestacao,278,13280,2.0934,1214,153301.11,0
202406,BA,Bahia,hemorragias,hemorragia_pos_parto,21,13280,0.1581,56,11746.78,0
202406,BA,Bahia,hemorragias,outras_hemorragias_obstetricas,227,13280,1.7093,553,50205.76,0
202406,BA,Bahia,infeccoes,infeccao_geniturinaria_gestacao,149,13280,1.122,598,22345.33,0
202406,BA,Bahia,infeccoes,infeccao_puerperal,103,13280,0.7756,585,44710.89,0
202406,BA,Bahia,outras_condicoes_maternas,anemia_complicando_gestacao,5,13280,0.0377,23,2916.09,0
202406,BA,Bahia,outras_condicoes_maternas,doencas_classificadas_em_outros_capitulos,544,13280,4.0964,2054,187109.54,1
202406,BA,Bahia,outras_condicoes_maternas,outras_condicoes_da_gestacao,70,13280,0.5271,286,20817.71,0
202406,BA,Bahia,transtornos_hipertensivos,eclampsia,28,13280,0.2108,82,11214.09,1
202406,BA,Bahia,transtornos_hipertensivos,hipertensao_gestacional,186,13280,1.4006,666,106659.17,0
202406,BA,Bahia,transtornos_hipertensivos,outros_hipertensivos,202,13280,1.5211,902,151533.79,0
202406,BA,Bahia,transtornos_hipertensivos,pre_eclampsia,238,13280,1.7922,948,176385.77,0
202406,CE,Ceará,complicacoes_anestesicas,anestesia_obstetrica,13,8600,0.1512,32,2315.56,0
202406,CE,Ceará,complicacoes_gestacao,liquido_membranas_ou_placenta,474,8600,5.5116,1403,333578.71,0
202406,CE,Ceará,complicacoes_parto,trabalho_de_parto_ou_parto,954,8600,11.093,2305,577421.62,1
202406,CE,Ceará,complicacoes_puerperais,outras_complicacoes_puerperais,31,8600,0.3605,139,18315.42,0
202406,CE,Ceará,complicacoes_vasculares,complicacoes_venosas,7,8600,0.0814,55,1704.82,0
202406,CE,Ceará,desfecho_abortivo,gestacao_com_desfecho_abortivo,690,8600,8.0233,1142,153451.57,0
202406,CE,Ceará,disturbios_metabolicos,diabetes_na_gestacao,291,8600,3.3837,1233,191882.51,0
202406,CE,Ceará,hemorragias,hemorragia_pos_parto,6,8600,0.0698,29,6632.41,0
202406,CE,Ceará,hemorragias,outras_hemorragias_obstetricas,110,8600,1.2791,275,54941.07,0
202406,CE,Ceará,infeccoes,infeccao_geniturinaria_gestacao,182,8600,2.1163,796,29454.13,0
202406,CE,Ceará,infeccoes,infeccao_puerperal,76,8600,0.8837,483,23972.40,0
202406,CE,Ceará,outras_condicoes_maternas,anemia_complicando_gestacao,4,8600,0.0465,16,578.14,0
202406,CE,Ceará,outras_condicoes_maternas,doencas_classificadas_em_outros_capitulos,333,8600,3.8721,1194,88844.55,0
202406,CE,Ceará,outras_condicoes_maternas,edema_proteinuria_sem_hipertensao,2,8600,0.0233,2,1344.22,0
202406,CE,Ceará,outras_condicoes_maternas,outras_condicoes_da_gestacao,42,8600,0.4884,134,15062.06,0
202406,CE,Ceará,transtornos_hipertensivos,eclampsia,16,8600,0.186,73,9458.51,0
202406,CE,Ceará,transtornos_hipertensivos,hipertensao_gestacional,115,8600,1.3372,361,67084.03,0
202406,CE,Ceará,transtornos_hipertensivos,outros_hipertensivos,74,8600,0.8605,333,49341.23,0
202406,CE,Ceará,transtornos_hipertensivos,pre_eclampsia,541,8600,6.2907,2446,432768.17,1
202406,DF,Distrito Federal,complicacoes_anestesicas,anestesia_obstetrica,11,2980,0.3691,49,2543.20,0
202406,DF,Distrito Federal,complicacoes_gestacao,liquido_membranas_ou_placenta,72,2980,2.4161,224,49199.95,0
202406,DF,Distrito Federal,complicacoes_parto,trabalho_de_parto_ou_parto,702,2980,23.557,2037,342408.40,0
202406,DF,Distrito Federal,complicacoes_puerperais,outras_complicacoes_puerperais,39,2980,1.3087,160,8536.47,0
202406,DF,Distrito Federal,complicacoes_vasculares,complicacoes_venosas,3,2980,0.1007,21,648.45,0
202406,DF,Distrito Federal,desfecho_abortivo,gestacao_com_desfecho_abortivo,219,2980,7.349,288,48359.77,0
202406,DF,Distrito Federal,disturbios_metabolicos,diabetes_na_gestacao,68,2980,2.2819,306,34948.36,0
202406,DF,Distrito Federal,hemorragias,hemorragia_pos_parto,2,2980,0.0671,5,379.30,0
202406,DF,Distrito Federal,hemorragias,outras_hemorragias_obstetricas,38,2980,1.2752,83,12413.10,0
202406,DF,Distrito Federal,infeccoes,infeccao_geniturinaria_gestacao,41,2980,1.3758,185,6970.28,0
202406,DF,Distrito Federal,infeccoes,infeccao_puerperal,30,2980,1.0067,184,14813.00,0
202406,DF,Distrito Federal,outras_condicoes_maternas,anemia_complicando_gestacao,1,2980,0.0336,6,181.44,0
202406,DF,Distrito Federal,outras_condicoes_maternas,doencas_classificadas_em_outros_capitulos,99,2980,3.3221,374,28629.12,0
202406,DF,Distrito Federal,outras_condicoes_maternas,outras_condicoes_da_gestacao,32,2980,1.0738,96,8165.08,0
202406,DF,Distrito Federal,transtornos_hipertensivos,eclampsia,7,2980,0.2349,20,2093.08,0
202406,DF,Distrito Federal,transtornos_hipertensivos,hipertensao_gestacional,92,2980,3.0872,351,41448.18,0
202406,DF,Distrito Federal,transtornos_hipertensivos,outros_hipertensivos,47,2980,1.5772,309,20679.20,0
202406,DF,Distrito Federal,transtornos_hipertensivos,pre_eclampsia,66,2980,2.2148,285,45493.03,0
202406,ES,Espírito Santo,complicacoes_anestesicas,anestesia_obstetrica,3,3403,0.0882,8,527.90,0
202406,ES,Espírito Santo,complicacoes_gestacao,liquido_membranas_ou_placenta,162,3403,4.7605,487,124815.66,0
202406,ES,Espírito Santo,complicacoes_parto,trabalho_de_parto_ou_parto,340,3403,9.9912,954,252817.14,0
202406,ES,Espírito Santo,complicacoes_puerperais,outras_complicacoes_puerperais,15,3403,0.4408,56,12371.21,0
202406,ES,Espírito Santo,complicacoes_vasculares,complicacoes_venosas,3,3403,0.0882,22,1098.41,0
202406,ES,Espírito Santo,complicacoes_vasculares,embolia_obstetrica,1,3403,0.0294,4,2017.80,0
202406,ES,Espírito Santo,desfecho_abortivo,gestacao_com_desfecho_abortivo,243,3403,7.1408,451,77232.47,0
202406,ES,Espírito Santo,disturbios_metabolicos,diabetes_na_gestacao,154,3403,4.5254,547,130135.38,0
202406,ES,Espírito Santo,hemorragias,hemorragia_pos_parto,7,3403,0.2057,30,5718.55,0
202406,ES,Espírito Santo,hemorragias,outras_hemorragias_obstetricas,35,3403,1.0285,87,8867.17,0
202406,ES,Espírito Santo,infeccoes,infeccao_geniturinaria_gestacao,43,3403,1.2636,185,16411.62,0
202406,ES,Espírito Santo,infeccoes,infeccao_puerperal,27,3403,0.7934,135,15607.58,0
202406,ES,Espírito Santo,outras_condicoes_maternas,doencas_classificadas_em_outros_capitulos,90,3403,2.6447,427,40506.64,0
202406,ES,Espírito Santo,outras_condicoes_maternas,edema_proteinuria_sem_hipertensao,1,3403,0.0294,2,192.34,0
202406,ES,Espírito Santo,outras_condicoes_maternas,outras_condicoes_da_gestacao,33,3403,0.9697,105,8554.16,0
202406,ES,Espírito Santo,transtornos_hipertensivos,eclampsia,9,3403,0.2645,46,7046.84,0
202406,ES,Espírito Santo,transtornos_hipertensivos,hipertensao_gestacional,56,3403,1.6456,190,46854.73,0
202406,ES,Espírito Santo,transtornos_hipertensivos,outros_hipertensivos,147,3403,4.3197,362,153221.02,0
202406,ES,Espírito Santo,transtornos_hipertensivos,pre_eclampsia,44,3403,1.293,159,39559.14,0
202406,GO,Goiás,complicacoes_anestesicas,anestesia_obstetrica,12,5860,0.2048,40,4457.04,0
202406,GO,Goiás,complicacoes_gestacao,liquido_membranas_ou_placenta,224,5860,3.8225,625,170480.42,0
202406,GO,Goiás,complicacoes_parto,trabalho_de_parto_ou_parto,736,5860,12.5597,1913,422802.48,0
202406,GO,Goiás,complicacoes_puerperais,outras_complicacoes_puerperais,55,5860,0.9386,243,18642.93,0
202406,GO,Goiás,complicacoes_vasculares,complicacoes_venosas,7,5860,0.1195,14,1865.23,0
202406,GO,Goiás,desfecho_abortivo,gestacao_com_desfecho_abortivo,378,5860,6.4505,579,108608.00,0
202406,GO,Goiás,disturbios_metabolicos,diabetes_na_gestacao,159,5860,2.7133,602,83788.48,0
202406,GO,Goiás,hemorragias,hemorragia_pos_parto,7,5860,0.1195,26,3301.87,1
202406,GO,Goiás,hemorragias,outras_hemorragias_obstetricas,121,5860,2.0648,355,38773.57,0
202406,GO,Goiás,infeccoes,infeccao_geniturinaria_gestacao,62,5860,1.058,179,9142.25,0
202406,GO,Goiás,infeccoes,infeccao_puerperal,30,5860,0.5119,157,8009.66,0
202406,GO,Goiás,outras_condicoes_maternas,anemia_complicando_gestacao,2,5860,0.0341,5,2231.82,0
202406,GO,Goiás,outras_condicoes_maternas,doencas_classificadas_em_outros_capitulos,293,5860,5.0,1365,177120.03,0
202406,GO,Goiás,outras_condicoes_maternas,outras_condicoes_da_gestacao,30,5860,0.5119,84,7958.74,0
202406,GO,Goiás,transtornos_hipertensivos,eclampsia,18,5860,0.3072,58,10844.94,0
202406,GO,Goiás,transtornos_hipertensivos,hipertensao_gestacional,61,5860,1.041,189,27410.46,0
202406,GO,Goiás,transtornos_hipertensivos,outros_hipertensivos,85,5860,1.4505,372,85836.87,0
202406,GO,Goiás,transtornos_hipertensivos,pre_eclampsia,121,5860,2.0648,421,80661.91,0
202406,MA,Maranhão,complicacoes_anestesicas,anestesia_obstetrica,16,8042,0.199,37,4355.32,0
202406,MA,Maranhão,complicacoes_gestacao,liquido_membranas_ou_placenta,281,8042,3.4942,993,217481.78,0
202406,MA,Maranhão,complicacoes_parto,trabalho_de_parto_ou_parto,1278,8042,15.8916,3769,950832.42,0
202406,MA,Maranhão,complicacoes_puerperais,outras_complicacoes_puerperais,26,8042,0.3233,116,11484.53,0
202406,MA,Maranhão,complicacoes_vasculares,complicacoes_venosas,5,8042,0.0622,8,678.30,0
202406,MA,Maranhão,desfecho_abortivo,gestacao_com_desfecho_abortivo,588,8042,7.3116,1212,152947.13,0
202406,MA,Maranhão,disturbios_metabolicos,diabetes_na_gestacao,83,8042,1.0321,364,60609.19,0
202406,MA,Maranhão,hemorragias,hemorragia_pos_parto,4,8042,0.0497,19,919.82,0
202406,MA,Maranhão,hemorragias,outras_hemorragias_obstetricas,117,8042,1.4549,310,32866.30,0
202406,MA,Maranhão,infeccoes,infeccao_geniturinaria_gestacao,83,8042,1.0321,364,16449.99,0
202406,MA,Maranhão,infeccoes,infeccao_puerperal,61,8042,0.7585,398,21737.68,0
202406,MA,Maranhão,outras_condicoes_maternas,anemia_complicando_gestacao,3,8042,0.0373,16,457.68,0
202406,MA,Maranhão,outras_condicoes_maternas,doencas_classificadas_em_outros_capitulos,61,8042,0.7585,221,12106.16,0
202406,MA,Maranhão,outras_condicoes_maternas,outras_condicoes_da_gestacao,48,8042,0.5969,212,12201.23,0
202406,MA,Maranhão,transtornos_hipertensivos,eclampsia,30,8042,0.373,135,18144.69,0
202406,MA,Maranhão,transtornos_hipertensivos,hipertensao_gestacional,61,8042,0.7585,331,42076.70,0
202406,MA,Maranhão,transtornos_hipertensivos,outros_hipertensivos,116,8042,1.4424,514,83875.75,0
202406,MA,Maranhão,transtornos_hipertensivos,pre_eclampsia,168,8042,2.089,779,156463.19,0
202406,MG,Minas Gerais,complicacoes_anestesicas,anestesia_obstetrica,11,15104,0.0728,21,2868.81,0
202406,MG,Minas Gerais,complicacoes_gestacao,liquido_membranas_ou_placenta,355,15104,2.3504,914,272022.07,0
202406,MG,Minas Gerais,complicacoes_parto,trabalho_de_parto_ou_parto,1051,15104,6.9584,2326,669931.46,0
202406,MG,Minas Gerais,complicacoes_puerperais,outras_complicacoes_puerperais,47,15104,0.3112,156,21852.56,0
202406,MG,Minas Gerais,complicacoes_vasculares,complicacoes_venosas,26,15104,0.1721,128,26335.83,0
202406,MG,Minas Gerais,complicacoes_vasculares,embolia_obstetrica,1,15104,0.0066,2,195.84,0
202406,MG,Minas Gerais,desfecho_abortivo,gestacao_com_desfecho_abortivo,1047,15104,6.9319,1448,321861.49,1
202406,MG,Minas Gerais,disturbios_metabolicos,diabetes_na_gestacao,260,15104,1.7214,899,172855.21,0
202406,MG,Minas Gerais,hemorragias,hemorragia_pos_parto,37,15104,0.245,133,25116.99,1
202406,MG,Minas Gerais,hemorragias,outras_hemorragias_obstetricas,265,15104,1.7545,386,71132.02,1
202406,MG,Minas Gerais,infeccoes,infeccao_geniturinaria_gestacao,140,15104,0.9269,486,34122.85,0
202406,MG,Minas Gerais,infeccoes,infeccao_puerperal,89,15104,0.5892,330,28736.53,0
202406,MG,Minas Gerais,outras_condicoes_maternas,anemia_complicando_gestacao,4,15104,0.0265,6,2835.60,1
202406,MG,Minas Gerais,outras_condicoes_maternas,doencas_classificadas_em_outros_capitulos,294,15104,1.9465,932,104428.61,0
202406,MG,Minas Gerais,outras_condicoes_maternas,edema_proteinuria_sem_hipertensao,5,15104,0.0331,5,2581.89,0
202406,MG,Minas Gerais,outras_condicoes_maternas,outras_condicoes_da_gestacao,118,15104,0.7813,365,52509.37,0
202406,MG,Minas Gerais,transtornos_hipertensivos,eclampsia,49,15104,0.3244,210,68024.95,0
202406,MG,Minas Gerais,transtornos_hipertensivos,hipertensao_gestacional,151,15104,0.9997,477,84852.44,0
202406,MG,Minas Gerais,transtornos_hipertensivos,outros_hipertensivos,215,15104,1.4235,612,188698.02,0
202406,MG,Minas Gerais,transtornos_hipertensivos,pre_eclampsia,336,15104,2.2246,1343,292134.60,1
202406,MS,Mato Grosso do Sul,complicacoes_anestesicas,anestesia_obstetrica,2,3238,0.0618,3,570.98,0
202406,MS,Mato Grosso do Sul,complicacoes_gestacao,liquido_membranas_ou_placenta,150,3238,4.6325,456,109695.66,0
202406,MS,Mato Grosso do Sul,complicacoes_parto,trabalho_de_parto_ou_parto,449,3238,13.8666,1096,234533.72,1
202406,MS,Mato Grosso do Sul,complicacoes_puerperais,outras_complicacoes_puerperais,15,3238,0.4632,56,3951.03,0
202406,MS,Mato Grosso do Sul,complicacoes_vasculares,complicacoes_venosas,2,3238,0.0618,4,274.68,0
202406,MS,Mato Grosso do Sul,desfecho_abortivo,gestacao_com_desfecho_abortivo,190,3238,5.8678,381,61114.17,0
202406,MS,Mato Grosso do Sul,disturbios_metabolicos,diabetes_na_gestacao,66,3238,2.0383,271,48063.28,0
202406,MS,Mato Grosso do Sul,hemorragias,hemorragia_pos_parto,1,3238,0.0309,3,551.90,0
202406,MS,Mato Grosso do Sul,hemorragias,outras_hemorragias_obstetricas,67,3238,2.0692,146,18349.22,0
202406,MS,Mato Grosso do Sul,infeccoes,infeccao_geniturinaria_gestacao,98,3238,3.0266,363,14634.85,0
202406,MS,Mato Grosso do Sul,infeccoes,infeccao_puerperal,16,3238,0.4941,117,6840.21,0
202406,MS,Mato Grosso do Sul,outras_condicoes_maternas,anemia_complicando_gestacao,1,3238,0.0309,4,109.24,0
202406,MS,Mato Grosso do Sul,outras_condicoes_maternas,doencas_classificadas_em_outros_capitulos,215,3238,6.6399,845,104645.11,0
202406,MS,Mato Grosso do Sul,outras_condicoes_maternas,edema_proteinuria_sem_hipertensao,1,3238,0.0309,3,200.92,0
202406,MS,Mato Grosso do Sul,outras_condicoes_maternas,outras_condicoes_da_gestacao,12,3238,0.3706,37,4269.47,0
202406,MS,Mato Grosso do Sul,transtornos_hipertensivos,eclampsia,10,3238,0.3088,45,9908.11,0
202406,MS,Mato Grosso do Sul,transtornos_hipertensivos,hipertensao_gestacional,34,3238,1.05,148,22935.23,0
202406,MS,Mato Grosso do Sul,transtornos_hipertensivos,outros_hipertensivos,58,3238,1.7912,218,49336.89,0
202406,MS,Mato Grosso do Sul,transtornos_hipertensivos,pre_eclampsia,94,3238,2.903,433,69627.38,0
202406,MT,Mato Grosso,complicacoes_anestesicas,anestesia_obstetrica,6,3823,0.1569,8,1678.71,0
202406,MT,Mato Grosso,complicacoes_gestacao,liquido_membranas_ou_placenta,75,3823,1.9618,239,54410.60,0
202406,MT,Mato Grosso,complicacoes_parto,trabalho_de_parto_ou_parto,336,3823,8.7889,865,211995.10,0
202406,MT,Mato Grosso,complicacoes_puerperais,outras_complicacoes_puerperais,19,3823,0.497,52,8739.68,0
202406,MT,Mato Grosso,complicacoes_vasculares,complicacoes_venosas,2,3823,0.0523,15,413.94,0
202406,MT,Mato Grosso,desfecho_abortivo,gestacao_com_desfecho_abortivo,311,3823,8.135,561,85001.02,0
202406,MT,Mato Grosso,disturbios_metabolicos,diabetes_na_gestacao,79,3823,2.0664,219,38890.28,0
202406,MT,Mato Grosso,hemorragias,hemorragia_pos_parto,1,3823,0.0262,1,211.82,0
202406,MT,Mato Grosso,hemorragias,outras_hemorragias_obstetricas,87,3823,2.2757,258,25506.00,0
202406,MT,Mato Grosso,infeccoes,infeccao_geniturinaria_gestacao,68,3823,1.7787,240,13096.08,0
202406,MT,Mato Grosso,infeccoes,infeccao_puerperal,17,3823,0.4447,67,4620.94,0
202406,MT,Mato Grosso,outras_condicoes_maternas,anemia_complicando_gestacao,3,3823,0.0785,6,392.12,0
202406,MT,Mato Grosso,outras_condicoes_maternas,doencas_classificadas_em_outros_capitulos,126,3823,3.2958,348,33532.61,0
202406,MT,Mato Grosso,outras_condicoes_maternas,outras_condicoes_da_gestacao,19,3823,0.497,90,18373.06,0
202406,MT,Mato Grosso,transtornos_hipertensivos,eclampsia,10,3823,0.2616,54,12845.12,0
202406,MT,Mato Grosso,transtornos_hipertensivos,hipertensao_gestacional,50,3823,1.3079,163,31396.51,0
202406,MT,Mato Grosso,transtornos_hipertensivos,outros_hipertensivos,37,3823,0.9678,145,34055.80,0
202406,MT,Mato Grosso,transtornos_hipertensivos,pre_eclampsia,90,3823,2.3542,217,68940.15,0
202406,PA,Pará,complicacoes_anestesicas,anestesia_obstetrica,8,9675,0.0827,52,1523.06,0
202406,PA,Pará,complicacoes_gestacao,liquido_membranas_ou_placenta,331,9675,3.4212,825,249374.89,0
202406,PA,Pará,complicacoes_parto,trabalho_de_parto_ou_parto,1975,9675,20.4134,4882,1393520.56,0
202406,PA,Pará,complicacoes_puerperais,outras_complicacoes_puerperais,31,9675,0.3204,199,19285.58,0
202406,PA,Pará,complicacoes_vasculares,complicacoes_venosas,28,9675,0.2894,71,18709.59,1
202406,PA,Pará,complicacoes_vasculares,embolia_obstetrica,2,9675,0.0207,4,772.01,0
202406,PA,Pará,desfecho_abortivo,gestacao_com_desfecho_abortivo,743,9675,7.6796,1312,188346.90,0
202406,PA,Pará,disturbios_metabolicos,diabetes_na_gestacao,62,9675,0.6408,245,32067.31,0
202406,PA,Pará,hemorragias,hemorragia_pos_parto,5,9675,0.0517,9,1191.05,0
202406,PA,Pará,hemorragias,outras_hemorragias_obstetricas,218,9675,2.2532,561,57538.32,0
202406,PA,Pará,infeccoes,infeccao_geniturinaria_gestacao,316,9675,3.2661,1051,45608.21,0
202406,PA,Pará,infeccoes,infeccao_puerperal,68,9675,0.7028,356,18318.28,0
202406,PA,Pará,outras_condicoes_maternas,anemia_complicando_gestacao,5,9675,0.0517,22,796.52,0
202406,PA,Pará,outras_condicoes_maternas,doencas_classificadas_em_outros_capitulos,309,9675,3.1938,1288,126233.80,1
202406,PA,Pará,outras_condicoes_maternas,edema_proteinuria_sem_hipertensao,1,9675,0.0103,2,125.24,0
202406,PA,Pará,outras_condicoes_maternas,outras_condicoes_da_gestacao,30,9675,0.3101,85,9482.16,0
202406,PA,Pará,transtornos_hipertensivos,eclampsia,24,9675,0.2481,69,17198.91,2
202406,PA,Pará,transtornos_hipertensivos,hipertensao_gestacional,65,9675,0.6718,204,38338.37,0
202406,PA,Pará,transtornos_hipertensivos,outros_hipertensivos,46,9675,0.4755,166,27591.03,0
202406,PA,Pará,transtornos_hipertensivos,pre_eclampsia,285,9675,2.9457,971,255808.04,0
202406,PB,Paraíba,complicacoes_anestesicas,anestesia_obstetrica,5,3917,0.1276,16,1441.33,0
202406,PB,Paraíba,complicacoes_gestacao,liquido_membranas_ou_placenta,157,3917,4.0082,657,134590.08,0
202406,PB,Paraíba,complicacoes_parto,trabalho_de_parto_ou_parto,628,3917,16.0327,1667,552429.61,0
202406,PB,Paraíba,complicacoes_puerperais,outras_complicacoes_puerperais,30,3917,0.7659,135,19007.02,0
202406,PB,Paraíba,complicacoes_vasculares,complicacoes_venosas,1,3917,0.0255,3,1098.69,0
202406,PB,Paraíba,desfecho_abortivo,gestacao_com_desfecho_abortivo,284,3917,7.2504,553,80518.16,0
202406,PB,Paraíba,disturbios_metabolicos,diabetes_na_gestacao,234,3917,5.974,1148,214147.99,0
202406,PB,Paraíba,hemorragias,hemorragia_pos_parto,2,3917,0.0511,4,554.84,0
202406,PB,Paraíba,hemorragias,outras_hemorragias_obstetricas,38,3917,0.9701,155,17433.14,0
202406,PB,Paraíba,infeccoes,infeccao_geniturinaria_gestacao,40,3917,1.0212,219,17647.85,0
202406,PB,Paraíba,infeccoes,infeccao_puerperal,22,3917,0.5617,89,4565.81,0
202406,PB,Paraíba,outras_condicoes_maternas,anemia_complicando_gestacao,2,3917,0.0511,10,3011.07,0
202406,PB,Paraíba,outras_condicoes_maternas,doencas_classificadas_em_outros_capitulos,145,3917,3.7018,705,73042.78,0
202406,PB,Paraíba,outras_condicoes_maternas,outras_condicoes_da_gestacao,9,3917,0.2298,23,4444.07,0
202406,PB,Paraíba,transtornos_hipertensivos,eclampsia,22,3917,0.5617,178,44777.60,0
202406,PB,Paraíba,transtornos_hipertensivos,hipertensao_gestacional,68,3917,1.736,218,62730.37,0
202406,PB,Paraíba,transtornos_hipertensivos,outros_hipertensivos,65,3917,1.6594,166,60629.58,0
202406,PB,Paraíba,transtornos_hipertensivos,pre_eclampsia,230,3917,5.8718,937,294339.25,0
202406,PE,Pernambuco,complicacoes_anestesicas,anestesia_obstetrica,14,8925,0.1569,43,3319.01,0
202406,PE,Pernambuco,complicacoes_gestacao,liquido_membranas_ou_placenta,598,8925,6.7003,1464,429300.94,0
202406,PE,Pernambuco,complicacoes_parto,trabalho_de_parto_ou_parto,691,8925,7.7423,1700,364664.82,0
202406,PE,Pernambuco,complicacoes_puerperais,outras_complicacoes_puerperais,51,8925,0.5714,187,26446.44,1
202406,PE,Pernambuco,complicacoes_vasculares,complicacoes_venosas,6,8925,0.0672,44,1618.88,0
202406,PE,Pernambuco,desfecho_abortivo,gestacao_com_desfecho_abortivo,588,8925,6.5882,1087,139689.06,0
202406,PE,Pernambuco,disturbios_metabolicos,diabetes_na_gestacao,272,8925,3.0476,1032,191918.20,0
202406,PE,Pernambuco,hemorragias,hemorragia_pos_parto,11,8925,0.1232,32,6809.53,0
202406,PE,Pernambuco,hemorragias,outras_hemorragias_obstetricas,63,8925,0.7059,125,24923.40,0
202406,PE,Pernambuco,infeccoes,infeccao_geniturinaria_gestacao,100,8925,1.1204,489,26022.43,0
202406,PE,Pernambuco,infeccoes,infeccao_puerperal,101,8925,1.1317,569,35127.27,0
202406,PE,Pernambuco,outras_condicoes_maternas,anemia_complicando_gestacao,5,8925,0.056,21,1986.41,0
202406,PE,Pernambuco,outras_condicoes_maternas,doencas_classificadas_em_outros_capitulos,141,8925,1.5798,592,74100.30,0
202406,PE,Pernambuco,outras_condicoes_maternas,outras_condicoes_da_gestacao,16,8925,0.1793,64,12827.44,0
202406,PE,Pernambuco,transtornos_hipertensivos,eclampsia,12,8925,0.1345,36,9813.95,0
202406,PE,Pernambuco,transtornos_hipertensivos,hipertensao_gestacional,219,8925,2.4538,642,162524.81,0
202406,PE,Pernambuco,transtornos_hipertensivos,outros_hipertensivos,293,8925,3.2829,836,266875.08,0
202406,PE,Pernambuco,transtornos_hipertensivos,pre_eclampsia,382,8925,4.2801,1936,312062.53,0
202406,PI,Piauí,complicacoes_anestesicas,anestesia_obstetrica,1,3066,0.0326,1,52.22,0
202406,PI,Piauí,complicacoes_gestacao,liquido_membranas_ou_placenta,134,3066,4.3705,420,115228.48,0
202406,PI,Piauí,complicacoes_parto,trabalho_de_parto_ou_parto,401,3066,13.0789,1123,264968.63,0
202406,PI,Piauí,complicacoes_puerperais,outras_complicacoes_puerperais,48,3066,1.5656,216,21233.35,0
202406,PI,Piauí,complicacoes_vasculares,embolia_obstetrica,1,3066,0.0326,4,804.38,0
202406,PI,Piauí,desfecho_abortivo,gestacao_com_desfecho_abortivo,246,3066,8.0235,517,57547.85,0
202406,PI,Piauí,disturbios_metabolicos,diabetes_na_gestacao,40,3066,1.3046,258,35571.11,0
202406,PI,Piauí,hemorragias,hemorragia_pos_parto,1,3066,0.0326,4,186.30,0
202406,PI,Piauí,hemorragias,outras_hemorragias_obstetricas,76,3066,2.4788,187,24828.24,0
202406,PI,Piauí,infeccoes,infeccao_geniturinaria_gestacao,39,3066,1.272,145,6242.38,0
202406,PI,Piauí,infeccoes,infeccao_puerperal,25,3066,0.8154,145,8554.36,0
202406,PI,Piauí,outras_condicoes_maternas,anemia_complicando_gestacao,3,3066,0.0978,15,369.31,0
202406,PI,Piauí,outras_condicoes_maternas,doencas_classificadas_em_outros_capitulos,260,3066,8.4801,1664,153787.18,0
202406,PI,Piauí,outras_condicoes_maternas,edema_proteinuria_sem_hipertensao,1,3066,0.0326,1,180.62,0
202406,PI,Piauí,outras_condicoes_maternas,outras_condicoes_da_gestacao,18,3066,0.5871,81,3660.40,0
202406,PI,Piauí,transtornos_hipertensivos,eclampsia,8,3066,0.2609,28,8042.74,0
202406,PI,Piauí,transtornos_hipertensivos,hipertensao_gestacional,16,3066,0.5219,155,7800.12,0
202406,PI,Piauí,transtornos_hipertensivos,outros_hipertensivos,22,3066,0.7175,93,22686.46,0
202406,PI,Piauí,transtornos_hipertensivos,pre_eclampsia,200,3066,6.5232,977,209760.73,0
202406,PR,Paraná,complicacoes_anestesicas,anestesia_obstetrica,3,9350,0.0321,7,556.32,0
202406,PR,Paraná,complicacoes_gestacao,liquido_membranas_ou_placenta,207,9350,2.2139,544,159163.57,0
202406,PR,Paraná,complicacoes_parto,trabalho_de_parto_ou_parto,1033,9350,11.0481,2634,724524.74,0
202406,PR,Paraná,complicacoes_puerperais,outras_complicacoes_puerperais,67,9350,0.7166,251,16682.59,1
202406,PR,Paraná,complicacoes_vasculares,complicacoes_venosas,11,9350,0.1176,33,2867.71,0
202406,PR,Paraná,desfecho_abortivo,gestacao_com_desfecho_abortivo,628,9350,6.7166,768,176735.23,0
202406,PR,Paraná,disturbios_metabolicos,diabetes_na_gestacao,175,9350,1.8717,544,121659.35,0
202406,PR,Paraná,hemorragias,hemorragia_pos_parto,9,9350,0.0963,9,2540.30,0
202406,PR,Paraná,hemorragias,outras_hemorragias_obstetricas,252,9350,2.6952,394,47242.98,0
202406,PR,Paraná,infeccoes,infeccao_geniturinaria_gestacao,82,9350,0.877,223,17088.30,0
202406,PR,Paraná,infeccoes,infeccao_puerperal,26,9350,0.2781,106,7733.56,0
202406,PR,Paraná,outras_condicoes_maternas,anemia_complicando_gestacao,7,9350,0.0749,10,2129.38,0
202406,PR,Paraná,outras_condicoes_maternas,doencas_classificadas_em_outros_capitulos,660,9350,7.0588,1611,281546.42,1
202406,PR,Paraná,outras_condicoes_maternas,edema_proteinuria_sem_hipertensao,2,9350,0.0214,5,294.78,0
202406,PR,Paraná,outras_condicoes_maternas,outras_condicoes_da_gestacao,60,9350,0.6417,121,16376.17,0
202406,PR,Paraná,transtornos_hipertensivos,eclampsia,26,9350,0.2781,98,26878.83,0
202406,PR,Paraná,transtornos_hipertensivos,hipertensao_gestacional,75,9350,0.8021,294,49653.75,1
202406,PR,Paraná,transtornos_hipertensivos,outros_hipertensivos,157,9350,1.6791,400,122908.77,0
202406,PR,Paraná,transtornos_hipertensivos,pre_eclampsia,121,9350,1.2941,431,89577.25,0
202406,RJ,Rio de Janeiro,complicacoes_anestesicas,anestesia_obstetrica,23,11548,0.1992,67,6180.19,0
202406,RJ,Rio de Janeiro,complicacoes_gestacao,liquido_membranas_ou_placenta,587,11548,5.0831,1817,456322.09,1
202406,RJ,Rio de Janeiro,complicacoes_parto,trabalho_de_parto_ou_parto,1196,11548,10.3568,3447,807464.14,0
202406,RJ,Rio de Janeiro,complicacoes_puerperais,outras_complicacoes_puerperais,55,11548,0.4763,287,28380.86,0
202406,RJ,Rio de Janeiro,complicacoes_vasculares,complicacoes_venosas,14,11548,0.1212,70,8225.62,0
202406,RJ,Rio de Janeiro,desfecho_abortivo,gestacao_com_desfecho_abortivo,908,11548,7.8628,1936,270988.26,0
202406,RJ,Rio de Janeiro,disturbios_metabolicos,diabetes_na_gestacao,435,11548,3.7669,1856,255991.42,0
202406,RJ,Rio de Janeiro,hemorragias,hemorragia_pos_parto,11,11548,0.0953,33,7688.54,0
202406,RJ,Rio de Janeiro,hemorragias,outras_hemorragias_obstetricas,191,11548,1.654,472,75865.62,1
202406,RJ,Rio de Janeiro,infeccoes,infeccao_geniturinaria_gestacao,182,11548,1.576,847,38108.48,0
202406,RJ,Rio de Janeiro,infeccoes,infeccao_puerperal,128,11548,1.1084,681,51973.12,0
202406,RJ,Rio de Janeiro,outras_condicoes_maternas,anemia_complicando_gestacao,10,11548,0.0866,33,2896.55,0
202406,RJ,Rio de Janeiro,outras_condicoes_maternas,doencas_classificadas_em_outros_capitulos,369,11548,3.1954,1500,131546.17,0
202406,RJ,Rio de Janeiro,outras_condicoes_maternas,edema_proteinuria_sem_hipertensao,1,11548,0.0087,2,109.24,0
202406,RJ,Rio de Janeiro,outras_condicoes_maternas,outras_condicoes_da_gestacao,81,11548,0.7014,339,21199.28,0
202406,RJ,Rio de Janeiro,transtornos_hipertensivos,eclampsia,32,11548,0.2771,156,30878.08,0
202406,RJ,Rio de Janeiro,transtornos_hipertensivos,hipertensao_gestacional,202,11548,1.7492,732,134731.88,0
202406,RJ,Rio de Janeiro,transtornos_hipertensivos,outros_hipertensivos,350,11548,3.0308,1433,257895.45,1
202406,RJ,Rio de Janeiro,transtornos_hipertensivos,pre_eclampsia,353,11548,3.0568,1480,317615.41,0
202406,RN,Rio Grande do Norte,complicacoes_anestesicas,anestesia_obstetrica,1,3199,0.0313,2,215.33,0
202406,RN,Rio Grande do Norte,complicacoes_gestacao,liquido_membranas_ou_placenta,65,3199,2.0319,220,55736.80,0
202406,RN,Rio Grande do Norte,complicacoes_parto,trabalho_de_parto_ou_parto,575,3199,17.9744,1385,361429.42,0
202406,RN,Rio Grande do Norte,complicacoes_puerperais,outras_complicacoes_puerperais,26,3199,0.8128,121,8247.45,0
202406,RN,Rio Grande do Norte,complicacoes_vasculares,complicacoes_venosas,5,3199,0.1563,35,3789.20,0
202406,RN,Rio Grande do Norte,desfecho_abortivo,gestacao_com_desfecho_abortivo,212,3199,6.6271,224,48752.69,0
202406,RN,Rio Grande do Norte,disturbios_metabolicos,diabetes_na_gestacao,64,3199,2.0006,226,46297.85,0
202406,RN,Rio Grande do Norte,hemorragias,hemorragia_pos_parto,13,3199,0.4064,22,6011.00,0
202406,RN,Rio Grande do Norte,hemorragias,outras_hemorragias_obstetricas,13,3199,0.4064,25,5472.23,0
202406,RN,Rio Grande do Norte,infeccoes,infeccao_geniturinaria_gestacao,34,3199,1.0628,163,16113.76,0
202406,RN,Rio Grande do Norte,infeccoes,infeccao_puerperal,33,3199,1.0316,234,12349.53,0
202406,RN,Rio Grande do Norte,outras_condicoes_maternas,anemia_complicando_gestacao,2,3199,0.0625,20,1178.23,0
202406,RN,Rio Grande do Norte,outras_condicoes_maternas,doencas_classificadas_em_outros_capitulos,12,3199,0.3751,64,11535.38,0
202406,RN,Rio Grande do Norte,outras_condicoes_maternas,outras_condicoes_da_gestacao,5,3199,0.1563,17,2373.70,0
202406,RN,Rio Grande do Norte,transtornos_hipertensivos,eclampsia,14,3199,0.4376,50,2359.61,0
202406,RN,Rio Grande do Norte,transtornos_hipertensivos,hipertensao_gestacional,175,3199,5.4705,708,123146.48,0
202406,RN,Rio Grande do Norte,transtornos_hipertensivos,outros_hipertensivos,60,3199,1.8756,229,56723.79,0
202406,RN,Rio Grande do Norte,transtornos_hipertensivos,pre_eclampsia,194,3199,6.0644,713,192046.24,0
202406,RO,Rondônia,complicacoes_anestesicas,anestesia_obstetrica,7,1711,0.4091,9,1213.87,0
202406,RO,Rondônia,complicacoes_gestacao,liquido_membranas_ou_placenta,40,1711,2.3378,139,43334.45,0
202406,RO,Rondônia,complicacoes_parto,trabalho_de_parto_ou_parto,214,1711,12.5073,479,136400.70,0
202406,RO,Rondônia,complicacoes_puerperais,outras_complicacoes_puerperais,11,1711,0.6429,29,3038.64,0
202406,RO,Rondônia,complicacoes_vasculares,complicacoes_venosas,3,1711,0.1753,149,12914.84,0
202406,RO,Rondônia,desfecho_abortivo,gestacao_com_desfecho_abortivo,182,1711,10.6371,230,44969.52,0
202406,RO,Rondônia,disturbios_metabolicos,diabetes_na_gestacao,82,1711,4.7925,348,69174.68,0
202406,RO,Rondônia,hemorragias,outras_hemorragias_obstetricas,37,1711,2.1625,76,7714.10,0
202406,RO,Rondônia,infeccoes,infeccao_geniturinaria_gestacao,59,1711,3.4483,200,9318.19,0
202406,RO,Rondônia,infeccoes,infeccao_puerperal,7,1711,0.4091,27,1437.53,0
202406,RO,Rondônia,outras_condicoes_maternas,anemia_complicando_gestacao,2,1711,0.1169,3,299.68,0
202406,RO,Rondônia,outras_condicoes_maternas,doencas_classificadas_em_outros_capitulos,32,1711,1.8703,112,14659.47,0
202406,RO,Rondônia,outras_condicoes_maternas,outras_condicoes_da_gestacao,17,1711,0.9936,26,2028.06,0
202406,RO,Rondônia,transtornos_hipertensivos,eclampsia,8,1711,0.4676,26,5003.65,0
202406,RO,Rondônia,transtornos_hipertensivos,hipertensao_gestacional,3,1711,0.1753,7,4396.83,0
202406,RO,Rondônia,transtornos_hipertensivos,outros_hipertensivos,22,1711,1.2858,67,5092.18,0
202406,RO,Rondônia,transtornos_hipertensivos,pre_eclampsia,13,1711,0.7598,61,14834.67,0
202406,RR,Roraima,complicacoes_anestesicas,anestesia_obstetrica,1,600,0.1667,2,204.35,0
202406,RR,Roraima,complicacoes_gestacao,liquido_membranas_ou_placenta,7,600,1.1667,24,6824.32,0
202406,RR,Roraima,complicacoes_parto,trabalho_de_parto_ou_parto,45,600,7.5,143,47930.30,0
202406,RR,Roraima,complicacoes_puerperais,outras_complicacoes_puerperais,10,600,1.6667,42,2225.90,0
202406,RR,Roraima,desfecho_abortivo,gestacao_com_desfecho_abortivo,56,600,9.3333,132,13940.91,0
202406,RR,Roraima,disturbios_metabolicos,diabetes_na_gestacao,32,600,5.3333,156,20785.92,0
202406,RR,Roraima,hemorragias,hemorragia_pos_parto,1,600,0.1667,3,203.62,0
202406,RR,Roraima,hemorragias,outras_hemorragias_obstetricas,38,600,6.3333,153,10210.64,1
202406,RR,Roraima,infeccoes,infeccao_geniturinaria_gestacao,20,600,3.3333,150,3976.32,0
202406,RR,Roraima,infeccoes,infeccao_puerperal,10,600,1.6667,73,2976.61,0
202406,RR,Roraima,outras_condicoes_maternas,anemia_complicando_gestacao,1,600,0.1667,2,150.28,0
202406,RR,Roraima,outras_condicoes_maternas,doencas_classificadas_em_outros_capitulos,27,600,4.5,111,6498.48,0
202406,RR,Roraima,outras_condicoes_maternas,outras_condicoes_da_gestacao,4,600,0.6667,14,658.72,0
202406,RR,Roraima,transtornos_hipertensivos,eclampsia,1,600,0.1667,13,7323.99,0
202406,RR,Roraima,transtornos_hipertensivos,hipertensao_gestacional,7,600,1.1667,41,1195.93,0
202406,RR,Roraima,transtornos_hipertensivos,outros_hipertensivos,6,600,1.0,23,6550.84,0
202406,RR,Roraima,transtornos_hipertensivos,pre_eclampsia,6,600,1.0,22,5789.69,0
202406,RS,Rio Grande do Sul,complicacoes_anestesicas,anestesia_obstetrica,3,8017,0.0374,5,462.90,0
202406,RS,Rio Grande do Sul,complicacoes_gestacao,liquido_membranas_ou_placenta,359,8017,4.478,1067,267961.56,0
202406,RS,Rio Grande do Sul,complicacoes_parto,trabalho_de_parto_ou_parto,1035,8017,12.9101,2956,765407.68,0
202406,RS,Rio Grande do Sul,complicacoes_puerperais,outras_complicacoes_puerperais,20,8017,0.2495,80,7339.20,1
202406,RS,Rio Grande do Sul,complicacoes_vasculares,complicacoes_venosas,13,8017,0.1622,87,2791.66,0
202406,RS,Rio Grande do Sul,desfecho_abortivo,gestacao_com_desfecho_abortivo,516,8017,6.4363,626,141513.82,0
202406,RS,Rio Grande do Sul,disturbios_metabolicos,diabetes_na_gestacao,183,8017,2.2826,749,99531.79,0
202406,RS,Rio Grande do Sul,hemorragias,hemorragia_pos_parto,7,8017,0.0873,28,3325.04,0
202406,RS,Rio Grande do Sul,hemorragias,outras_hemorragias_obstetricas,70,8017,0.8731,211,26936.65,0
202406,RS,Rio Grande do Sul,infeccoes,infeccao_geniturinaria_gestacao,99,8017,1.2349,398,19494.02,0
202406,RS,Rio Grande do Sul,infeccoes,infeccao_puerperal,38,8017,0.474,207,15805.63,0
202406,RS,Rio Grande do Sul,outras_condicoes_maternas,anemia_complicando_gestacao,7,8017,0.0873,16,880.54,0
202406,RS,Rio Grande do Sul,outras_condicoes_maternas,doencas_classificadas_em_outros_capitulos,295,8017,3.6797,1699,96594.46,0
202406,RS,Rio Grande do Sul,outras_condicoes_maternas,edema_proteinuria_sem_hipertensao,7,8017,0.0873,50,2441.89,0
202406,RS,Rio Grande do Sul,outras_condicoes_maternas,outras_condicoes_da_gestacao,42,8017,0.5239,144,12872.84,0
202406,RS,Rio Grande do Sul,transtornos_hipertensivos,eclampsia,43,8017,0.5364,247,24883.76,0
202406,RS,Rio Grande do Sul,transtornos_hipertensivos,hipertensao_gestacional,76,8017,0.948,301,37758.15,0
202406,RS,Rio Grande do Sul,transtornos_hipertensivos,outros_hipertensivos,84,8017,1.0478,390,61191.99,0
202406,RS,Rio Grande do Sul,transtornos_hipertensivos,pre_eclampsia,242,8017,3.0186,1399,153203.15,0
202406,SC,Santa Catarina,complicacoes_anestesicas,anestesia_obstetrica,4,6617,0.0605,9,1948.60,0
202406,SC,Santa Catarina,complicacoes_gestacao,liquido_membranas_ou_placenta,186,6617,2.8109,571,145351.53,1
202406,SC,Santa Catarina,complicacoes_parto,trabalho_de_parto_ou_parto,827,6617,12.4981,2126,579250.50,0
202406,SC,Santa Catarina,complicacoes_puerperais,outras_complicacoes_puerperais,42,6617,0.6347,90,9868.90,0
202406,SC,Santa Catarina,complicacoes_vasculares,complicacoes_venosas,20,6617,0.3023,78,10560.90,0
202406,SC,Santa Catarina,desfecho_abortivo,gestacao_com_desfecho_abortivo,423,6617,6.3926,480,127178.69,0
202406,SC,Santa Catarina,disturbios_metabolicos,diabetes_na_gestacao,275,6617,4.156,923,166040.51,0
202406,SC,Santa Catarina,hemorragias,hemorragia_pos_parto,23,6617,0.3476,39,9866.16,0
202406,SC,Santa Catarina,hemorragias,outras_hemorragias_obstetricas,91,6617,1.3752,235,37117.44,0
202406,SC,Santa Catarina,infeccoes,infeccao_geniturinaria_gestacao,119,6617,1.7984,463,32923.42,0
202406,SC,Santa Catarina,infeccoes,infeccao_puerperal,43,6617,0.6498,158,12541.76,0
202406,SC,Santa Catarina,outras_condicoes_maternas,anemia_complicando_gestacao,1,6617,0.0151,3,765.39,0
202406,SC,Santa Catarina,outras_condicoes_maternas,doencas_classificadas_em_outros_capitulos,207,6617,3.1283,709,68925.71,0
202406,SC,Santa Catarina,outras_condicoes_maternas,edema_proteinuria_sem_hipertensao,2,6617,0.0302,10,349.34,0
202406,SC,Santa Catarina,outras_condicoes_maternas,outras_condicoes_da_gestacao,42,6617,0.6347,112,15152.42,0
202406,SC,Santa Catarina,transtornos_hipertensivos,eclampsia,17,6617,0.2569,60,16004.59,0
202406,SC,Santa Catarina,transtornos_hipertensivos,hipertensao_gestacional,55,6617,0.8312,168,28129.65,0
202406,SC,Santa Catarina,transtornos_hipertensivos,outros_hipertensivos,114,6617,1.7228,522,109579.17,0
202406,SC,Santa Catarina,transtornos_hipertensivos,pre_eclampsia,145,6617,2.1913,699,123139.68,0
202406,SE,Sergipe,complicacoes_gestacao,liquido_membranas_ou_placenta,38,2081,1.826,98,28137.57,0
202406,SE,Sergipe,complicacoes_parto,trabalho_de_parto_ou_parto,312,2081,14.9928,673,174528.39,0
202406,SE,Sergipe,complicacoes_puerperais,outras_complicacoes_puerperais,24,2081,1.1533,67,9585.97,0
202406,SE,Sergipe,desfecho_abortivo,gestacao_com_desfecho_abortivo,99,2081,4.7573,153,24798.57,0
202406,SE,Sergipe,disturbios_metabolicos,diabetes_na_gestacao,51,2081,2.4507,246,27300.97,0
202406,SE,Sergipe,hemorragias,hemorragia_pos_parto,3,2081,0.1442,9,798.76,0
202406,SE,Sergipe,hemorragias,outras_hemorragias_obstetricas,16,2081,0.7689,51,11045.92,0
202406,SE,Sergipe,infeccoes,infeccao_geniturinaria_gestacao,14,2081,0.6728,83,2844.86,0
202406,SE,Sergipe,infeccoes,infeccao_puerperal,21,2081,1.0091,158,6372.77,0
202406,SE,Sergipe,outras_condicoes_maternas,doencas_classificadas_em_outros_capitulos,15,2081,0.7208,129,5544.54,0
202406,SE,Sergipe,outras_condicoes_maternas,outras_condicoes_da_gestacao,3,2081,0.1442,15,463.87,0
202406,SE,Sergipe,transtornos_hipertensivos,eclampsia,2,2081,0.0961,27,2730.01,0
202406,SE,Sergipe,transtornos_hipertensivos,hipertensao_gestacional,27,2081,1.2975,86,11437.06,0
202406,SE,Sergipe,transtornos_hipertensivos,outros_hipertensivos,24,2081,1.1533,90,13683.30,0
202406,SE,Sergipe,transtornos_hipertensivos,pre_eclampsia,40,2081,1.9222,167,26642.50,0
202406,SP,São Paulo,complicacoes_anestesicas,anestesia_obstetrica,13,30754,0.0423,18,1552.51,0
202406,SP,São Paulo,complicacoes_gestacao,liquido_membranas_ou_placenta,1120,30754,3.6418,3537,810906.43,0
202406,SP,São Paulo,complicacoes_parto,trabalho_de_parto_ou_parto,3613,30754,11.7481,10413,2463692.60,1
202406,SP,São Paulo,complicacoes_puerperais,outras_complicacoes_puerperais,109,30754,0.3544,370,44414.81,1
202406,SP,São Paulo,complicacoes_vasculares,complicacoes_venosas,27,30754,0.0878,154,8041.96,0
202406,SP,São Paulo,desfecho_abortivo,gestacao_com_desfecho_abortivo,2089,30754,6.7926,3445,585595.45,0
202406,SP,São Paulo,disturbios_metabolicos,diabetes_na_gestacao,1006,30754,3.2711,3569,549277.48,0
202406,SP,São Paulo,hemorragias,hemorragia_pos_parto,57,30754,0.1853,187,48374.40,1
202406,SP,São Paulo,hemorragias,outras_hemorragias_obstetricas,667,30754,2.1688,1221,222500.50,1
202406,SP,São Paulo,infeccoes,infeccao_geniturinaria_gestacao,342,30754,1.1121,1379,69389.32,0
202406,SP,São Paulo,infeccoes,infeccao_puerperal,167,30754,0.543,896,91821.39,0
202406,SP,São Paulo,outras_condicoes_maternas,anemia_complicando_gestacao,13,30754,0.0423,44,4036.28,0
202406,SP,São Paulo,outras_condicoes_maternas,doencas_classificadas_em_outros_capitulos,713,30754,2.3184,2296,303917.30,1
202406,SP,São Paulo,outras_condicoes_maternas,edema_proteinuria_sem_hipertensao,3,30754,0.0098,3,358.00,0
202406,SP,São Paulo,outras_condicoes_maternas,outras_condicoes_da_gestacao,308,30754,1.0015,1151,157579.11,1
202406,SP,São Paulo,transtornos_hipertensivos,eclampsia,133,30754,0.4325,610,92899.94,1
202406,SP,São Paulo,transtornos_hipertensivos,hipertensao_gestacional,465,30754,1.512,1537,282950.30,0
202406,SP,São Paulo,transtornos_hipertensivos,outros_hipertensivos,347,30754,1.1283,1156,249918.27,0
202406,SP,São Paulo,transtornos_hipertensivos,pre_eclampsia,704,30754,2.2891,2962,678624.96,1
202406,TO,Tocantins,complicacoes_gestacao,liquido_membranas_ou_placenta,36,1644,2.1898,91,25488.47,0
202406,TO,Tocantins,complicacoes_parto,trabalho_de_parto_ou_parto,310,1644,18.8564,825,238481.50,1
202406,TO,Tocantins,complicacoes_puerperais,outras_complicacoes_puerperais,13,1644,0.7908,47,2392.05,0
202406,TO,Tocantins,complicacoes_vasculares,complicacoes_venosas,2,1644,0.1217,3,904.24,0
202406,TO,Tocantins,desfecho_abortivo,gestacao_com_desfecho_abortivo,110,1644,6.691,214,32955.04,0
202406,TO,Tocantins,disturbios_metabolicos,diabetes_na_gestacao,62,1644,3.7713,212,29582.96,0
202406,TO,Tocantins,hemorragias,hemorragia_pos_parto,1,1644,0.0608,3,459.56,0
202406,TO,Tocantins,hemorragias,outras_hemorragias_obstetricas,35,1644,2.129,98,8072.05,0
202406,TO,Tocantins,infeccoes,infeccao_geniturinaria_gestacao,12,1644,0.7299,45,1844.43,0
202406,TO,Tocantins,infeccoes,infeccao_puerperal,17,1644,1.0341,130,9329.09,0
202406,TO,Tocantins,outras_condicoes_maternas,doencas_classificadas_em_outros_capitulos,35,1644,2.129,147,6684.28,0
202406,TO,Tocantins,outras_condicoes_maternas,outras_condicoes_da_gestacao,4,1644,0.2433,11,558.36,0
202406,TO,Tocantins,transtornos_hipertensivos,eclampsia,4,1644,0.2433,9,3499.92,0
202406,TO,Tocantins,transtornos_hipertensivos,hipertensao_gestacional,23,1644,1.399,63,16754.18,0
202406,TO,Tocantins,transtornos_hipertensivos,outros_hipertensivos,24,1644,1.4599,89,10543.73,0
202406,TO,Tocantins,transtornos_hipertensivos,pre_eclampsia,69,1644,4.1971,242,55567.20,0
202407,AC,Acre,complicacoes_anestesicas,anestesia_obstetrica,1,1318,0.0759,2,60.22,0
202407,AC,Acre,complicacoes_gestacao,liquido_membranas_ou_placenta,40,1318,3.0349,153,32085.82,0
202407,AC,Acre,complicacoes_parto,trabalho_de_parto_ou_parto,171,1318,12.9742,588,135787.17,0
202407,AC,Acre,complicacoes_puerperais,outras_complicacoes_puerperais,2,1318,0.1517,5,390.55,0
202407,AC,Acre,complicacoes_vasculares,complicacoes_venosas,1,1318,0.0759,2,179.69,0
202407,AC,Acre,desfecho_abortivo,gestacao_com_desfecho_abortivo,175,1318,13.2777,306,39570.66,1
202407,AC,Acre,disturbios_metabolicos,diabetes_na_gestacao,37,1318,2.8073,150,34665.86,0
202407,AC,Acre,hemorragias,outras_hemorragias_obstetricas,11,1318,0.8346,32,4308.93,0
202407,AC,Acre,infeccoes,infeccao_geniturinaria_gestacao,14,1318,1.0622,45,3480.32,0
202407,AC,Acre,infeccoes,infeccao_puerperal,14,1318,1.0622,81,3454.74,0
202407,AC,Acre,outras_condicoes_maternas,doencas_classificadas_em_outros_capitulos,28,1318,2.1244,99,6075.76,0
202407,AC,Acre,outras_condicoes_maternas,outras_condicoes_da_gestacao,8,1318,0.607,24,1850.91,0
202407,AC,Acre,transtornos_hipertensivos,eclampsia,6,1318,0.4552,23,4751.40,0
202407,AC,Acre,transtornos_hipertensivos,hipertensao_gestacional,15,1318,1.1381,44,9018.96,0
202407,AC,Acre,transtornos_hipertensivos,outros_hipertensivos,14,1318,1.0622,44,11356.20,0
202407,AC,Acre,transtornos_hipertensivos,pre_eclampsia,32,1318,2.4279,140,29952.39,0
202407,AL,Alagoas,complicacoes_anestesicas,anestesia_obstetrica,3,3426,0.0876,20,1577.10,0
202407,AL,Alagoas,complicacoes_gestacao,liquido_membranas_ou_placenta,190,3426,5.5458,490,149360.86,1
202407,AL,Alagoas,complicacoes_parto,trabalho_de_parto_ou_parto,359,3426,10.4787,1048,262923.59,0
202407,AL,Alagoas,complicacoes_puerperais,outras_complicacoes_puerperais,55,3426,1.6054,101,4920.84,0
202407,AL,Alagoas,complicacoes_vasculares,complicacoes_venosas,2,3426,0.0584,27,581.44,0
202407,AL,Alagoas,desfecho_abortivo,gestacao_com_desfecho_abortivo,219,3426,6.3923,401,60064.52,0
202407,AL,Alagoas,disturbios_metabolicos,diabetes_na_gestacao,57,3426,1.6637,345,45641.71,0
202407,AL,Alagoas,hemorragias,hemorragia_pos_parto,2,3426,0.0584,12,877.52,0
202407,AL,Alagoas,hemorragias,outras_hemorragias_obstetricas,34,3426,0.9924,195,19349.39,0
202407,AL,Alagoas,infeccoes,infeccao_geniturinaria_gestacao,37,3426,1.08,308,15348.61,0
202407,AL,Alagoas,infeccoes,infeccao_puerperal,24,3426,0.7005,141,12414.45,0
202407,AL,Alagoas,outras_condicoes_maternas,anemia_complicando_gestacao,4,3426,0.1168,23,783.40,0
202407,AL,Alagoas,outras_condicoes_maternas,doencas_classificadas_em_outros_capitulos,79,3426,2.3059,454,45352.39,0
202407,AL,Alagoas,outras_condicoes_maternas,outras_condicoes_da_gestacao,7,3426,0.2043,31,6486.84,0
202407,AL,Alagoas,transtornos_hipertensivos,eclampsia,17,3426,0.4962,58,17935.43,0
202407,AL,Alagoas,transtornos_hipertensivos,hipertensao_gestacional,20,3426,0.5838,54,12094.46,0
202407,AL,Alagoas,transtornos_hipertensivos,outros_hipertensivos,28,3426,0.8173,123,16510.87,0
202407,AL,Alagoas,transtornos_hipertensivos,pre_eclampsia,102,3426,2.9772,389,101060.42,0
202407,AM,Amazonas,complicacoes_anestesicas,anestesia_obstetrica,3,4848,0.0619,9,1107.41,0
202407,AM,Amazonas,complicacoes_gestacao,liquido_membranas_ou_placenta,118,4848,2.434,555,111127.76,0
202407,AM,Amazonas,complicacoes_parto,trabalho_de_parto_ou_parto,455,4848,9.3853,1562,368634.79,0
202407,AM,Amazonas,complicacoes_puerperais,outras_complicacoes_puerperais,37,4848,0.7632,157,9068.79,0
202407,AM,Amazonas,complicacoes_vasculares,complicacoes_venosas,3,4848,0.0619,5,439.18,0
202407,AM,Amazonas,desfecho_abortivo,gestacao_com_desfecho_abortivo,431,4848,8.8903,898,108422.13,0
202407,AM,Amazonas,disturbios_metabolicos,diabetes_na_gestacao,16,4848,0.33,106,12658.09,0
202407,AM,Amazonas,hemorragias,outras_hemorragias_obstetricas,131,4848,2.7021,405,35616.21,0
202407,AM,Amazonas,infeccoes,infeccao_geniturinaria_gestacao,184,4848,3.7954,721,28855.77,0
202407,AM,Amazonas,infeccoes,infeccao_puerperal,56,4848,1.1551,371,18081.12,0
202407,AM,Amazonas,outras_condicoes_maternas,anemia_complicando_gestacao,2,4848,0.0413,10,444.50,0
202407,AM,Amazonas,outras_condicoes_maternas,doencas_classificadas_em_outros_capitulos,66,4848,1.3614,219,12084.20,0
202407,AM,Amazonas,outras_condicoes_maternas,outras_condicoes_da_gestacao,16,4848,0.33,57,2641.27,0
202407,AM,Amazonas,transtornos_hipertensivos,eclampsia,9,4848,0.1856,26,4820.97,0
202407,AM,Amazonas,transtornos_hipertensivos,hipertensao_gestacional,26,4848,0.5363,76,12443.30,0
202407,AM,Amazonas,transtornos_hipertensivos,outros_hipertensivos,14,4848,0.2888,41,11070.74,0
202407,AM,Amazonas,transtornos_hipertensivos,pre_eclampsia,85,4848,1.7533,323,66820.29,0
202407,AP,Amapá,complicacoes_anestesicas,anestesia_obstetrica,3,1095,0.274,4,480.90,0
202407,AP,Amapá,complicacoes_gestacao,liquido_membranas_ou_placenta,51,1095,4.6575,182,37393.63,0
202407,AP,Amapá,complicacoes_parto,trabalho_de_parto_ou_parto,137,1095,12.5114,548,83996.83,0
202407,AP,Amapá,complicacoes_puerperais,outras_complicacoes_puerperais,2,1095,0.1826,5,365.38,0
202407,AP,Amapá,complicacoes_vasculares,complicacoes_venosas,1,1095,0.0913,7,211.30,0
202407,AP,Amapá,desfecho_abortivo,gestacao_com_desfecho_abortivo,84,1095,7.6712,144,22468.69,0
202407,AP,Amapá,disturbios_metabolicos,diabetes_na_gestacao,34,1095,3.105,157,13911.75,0
202407,AP,Amapá,hemorragias,outras_hemorragias_obstetricas,24,1095,2.1918,68,7631.16,0
202407,AP,Amapá,infeccoes,infeccao_geniturinaria_gestacao,21,1095,1.9178,135,3863.93,0
202407,AP,Amapá,infeccoes,infeccao_puerperal,20,1095,1.8265,91,5179.64,0
202407,AP,Amapá,outras_condicoes_maternas,anemia_complicando_gestacao,1,1095,0.0913,2,142.44,0
202407,AP,Amapá,outras_condicoes_maternas,doencas_classificadas_em_outros_capitulos,30,1095,2.7397,112,5328.91,0
202407,AP,Amapá,outras_condicoes_maternas,edema_proteinuria_sem_hipertensao,1,1095,0.0913,8,246.84,0
202407,AP,Amapá,outras_condicoes_maternas,outras_condicoes_da_gestacao,4,1095,0.3653,16,4310.35,0
202407,AP,Amapá,transtornos_hipertensivos,eclampsia,2,1095,0.1826,14,1596.52,0
202407,AP,Amapá,transtornos_hipertensivos,hipertensao_gestacional,35,1095,3.1963,156,20222.24,0
202407,AP,Amapá,transtornos_hipertensivos,outros_hipertensivos,22,1095,2.0091,125,13319.38,0
202407,AP,Amapá,transtornos_hipertensivos,pre_eclampsia,22,1095,2.0091,120,12728.36,0
202407,BA,Bahia,complicacoes_anestesicas,anestesia_obstetrica,12,14307,0.0839,42,2103.24,0
202407,BA,Bahia,complicacoes_gestacao,liquido_membranas_ou_placenta,365,14307,2.5512,1223,271692.57,0
202407,BA,Bahia,complicacoes_parto,trabalho_de_parto_ou_parto,1287,14307,8.9956,3379,802031.35,1
202407,BA,Bahia,complicacoes_puerperais,outras_complicacoes_puerperais,97,14307,0.678,525,81492.20,0
202407,BA,Bahia,complicacoes_vasculares,complicacoes_venosas,23,14307,0.1608,95,5534.13,0
202407,BA,Bahia,desfecho_abortivo,gestacao_com_desfecho_abortivo,1277,14307,8.9257,2216,292995.53,0
202407,BA,Bahia,disturbios_metabolicos,diabetes_na_gestacao,286,14307,1.999,1427,162627.23,0
202407,BA,Bahia,hemorragias,hemorragia_pos_parto,18,14307,0.1258,55,5815.07,0
202407,BA,Bahia,hemorragias,outras_hemorragias_obstetricas,261,14307,1.8243,590,62289.62,0
202407,BA,Bahia,infeccoes,infeccao_geniturinaria_gestacao,197,14307,1.3769,758,36458.73,0
202407,BA,Bahia,infeccoes,infeccao_puerperal,115,14307,0.8038,711,56372.03,0
202407,BA,Bahia,outras_condicoes_maternas,anemia_complicando_gestacao,6,14307,0.0419,21,4001.97,0
202407,BA,Bahia,outras_condicoes_maternas,doencas_classificadas_em_outros_capitulos,635,14307,4.4384,2774,253741.67,3
202407,BA,Bahia,outras_condicoes_maternas,edema_proteinuria_sem_hipertensao,3,14307,0.021,7,1692.82,0
202407,BA,Bahia,outras_condicoes_maternas,outras_condicoes_da_gestacao,88,14307,0.6151,306,16701.13,0
202407,BA,Bahia,transtornos_hipertensivos,eclampsia,25,14307,0.1747,98,17071.40,0
202407,BA,Bahia,transtornos_hipertensivos,hipertensao_gestacional,183,14307,1.2791,735,102113.15,0
202407,BA,Bahia,transtornos_hipertensivos,outros_hipertensivos,244,14307,1.7055,921,180383.15,0
202407,BA,Bahia,transtornos_hipertensivos,pre_eclampsia,265,14307,1.8522,1340,217293.74,1
202407,CE,Ceará,complicacoes_anestesicas,anestesia_obstetrica,9,8976,0.1003,17,1376.63,0
202407,CE,Ceará,complicacoes_gestacao,liquido_membranas_ou_placenta,453,8976,5.0468,1317,319824.83,0
202407,CE,Ceará,complicacoes_parto,trabalho_de_parto_ou_parto,1038,8976,11.5642,2518,659697.45,0
202407,CE,Ceará,complicacoes_puerperais,outras_complicacoes_puerperais,28,8976,0.3119,173,8394.19,0
202407,CE,Ceará,complicacoes_vasculares,complicacoes_venosas,4,8976,0.0446,47,2038.08,0
202407,CE,Ceará,desfecho_abortivo,gestacao_com_desfecho_abortivo,750,8976,8.3556,1198,163407.73,0
202407,CE,Ceará,disturbios_metabolicos,diabetes_na_gestacao,316,8976,3.5205,1443,205830.31,0
202407,CE,Ceará,hemorragias,hemorragia_pos_parto,5,8976,0.0557,18,4464.51,0
202407,CE,Ceará,hemorragias,outras_hemorragias_obstetricas,139,8976,1.5486,398,53183.38,0
202407,CE,Ceará,infeccoes,infeccao_geniturinaria_gestacao,163,8976,1.816,736,27295.85,0
202407,CE,Ceará,infeccoes,infeccao_puerperal,57,8976,0.635,315,20308.80,0
202407,CE,Ceará,outras_condicoes_maternas,anemia_complicando_gestacao,3,8976,0.0334,4,384.92,0
202407,CE,Ceará,outras_condicoes_maternas,doencas_classificadas_em_outros_capitulos,350,8976,3.8993,1477,128119.34,2
202407,CE,Ceará,outras_condicoes_maternas,edema_proteinuria_sem_hipertensao,13,8976,0.1448,13,7069.82,0
202407,CE,Ceará,outras_condicoes_maternas,outras_condicoes_da_gestacao,34,8976,0.3788,90,9573.76,0
202407,CE,Ceará,transtornos_hipertensivos,eclampsia,21,8976,0.234,96,14664.42,0
202407,CE,Ceará,transtornos_hipertensivos,hipertensao_gestacional,112,8976,1.2478,372,69885.39,0
202407,CE,Ceará,transtornos_hipertensivos,outros_hipertensivos,106,8976,1.1809,396,69091.60,0
202407,CE,Ceará,transtornos_hipertensivos,pre_eclampsia,607,8976,6.7625,2909,490202.86,0
202407,DF,Distrito Federal,complicacoes_anestesicas,anestesia_obstetrica,10,2709,0.3691,34,2015.21,0
202407,DF,Distrito Federal,complicacoes_gestacao,liquido_membranas_ou_placenta,65,2709,2.3994,221,43389.95,0
202407,DF,Distrito Federal,complicacoes_parto,trabalho_de_parto_ou_parto,633,2709,23.3666,1734,294741.61,0
202407,DF,Distrito Federal,complicacoes_puerperais,outras_complicacoes_puerperais,28,2709,1.0336,109,7358.70,0
202407,DF,Distrito Federal,complicacoes_vasculares,complicacoes_venosas,4,2709,0.1477,46,1492.78,0
202407,DF,Distrito Federal,desfecho_abortivo,gestacao_com_desfecho_abortivo,271,2709,10.0037,346,57271.16,0
202407,DF,Distrito Federal,disturbios_metabolicos,diabetes_na_gestacao,68,2709,2.5102,269,34660.27,0
202407,DF,Distrito Federal,hemorragias,hemorragia_pos_parto,3,2709,0.1107,12,868.90,0
202407,DF,Distrito Federal,hemorragias,outras_hemorragias_obstetricas,46,2709,1.698,120,14378.74,0
202407,DF,Distrito Federal,infeccoes,infeccao_geniturinaria_gestacao,48,2709,1.7719,165,7741.11,0
202407,DF,Distrito Federal,infeccoes,infeccao_puerperal,27,2709,0.9967,142,7898.50,0
202407,DF,Distrito Federal,outras_condicoes_maternas,anemia_complicando_gestacao,3,2709,0.1107,4,384.92,0
202407,DF,Distrito Federal,outras_condicoes_maternas,doencas_classificadas_em_outros_capitulos,104,2709,3.8391,379,33243.08,0
202407,DF,Distrito Federal,outras_condicoes_maternas,outras_condicoes_da_gestacao,40,2709,1.4766,98,6177.08,0
202407,DF,Distrito Federal,transtornos_hipertensivos,eclampsia,9,2709,0.3322,36,6266.92,0
202407,DF,Distrito Federal,transtornos_hipertensivos,hipertensao_gestacional,101,2709,3.7283,376,40188.56,0
202407,DF,Distrito Federal,transtornos_hipertensivos,outros_hipertensivos,33,2709,1.2182,140,25841.37,0
202407,DF,Distrito Federal,transtornos_hipertensivos,pre_eclampsia,45,2709,1.6611,257,38996.81,0
202407,ES,Espírito Santo,complicacoes_gestacao,liquido_membranas_ou_placenta,204,3829,5.3278,553,148850.93,0
202407,ES,Espírito Santo,complicacoes_parto,trabalho_de_parto_ou_parto,469,3829,12.2486,928,265417.00,0
202407,ES,Espírito Santo,complicacoes_puerperais,outras_complicacoes_puerperais,15,3829,0.3917,91,17916.07,0
202407,ES,Espírito Santo,complicacoes_vasculares,complicacoes_venosas,3,3829,0.0783,14,723.62,0
202407,ES,Espírito Santo,desfecho_abortivo,gestacao_com_desfecho_abortivo,293,3829,7.6521,486,76470.86,0
202407,ES,Espírito Santo,disturbios_metabolicos,diabetes_na_gestacao,140,3829,3.6563,491,108596.88,0
202407,ES,Espírito Santo,hemorragias,hemorragia_pos_parto,3,3829,0.0783,8,619.98,0
202407,ES,Espírito Santo,hemorragias,outras_hemorragias_obstetricas,50,3829,1.3058,139,25204.09,0
202407,ES,Espírito Santo,infeccoes,infeccao_geniturinaria_gestacao,52,3829,1.3581,232,26589.73,0
202407,ES,Espírito Santo,infeccoes,infeccao_puerperal,31,3829,0.8096,155,9336.56,0
202407,ES,Espírito Santo,outras_condicoes_maternas,anemia_complicando_gestacao,1,3829,0.0261,0,190.59,0
202407,ES,Espírito Santo,outras_condicoes_maternas,doencas_classificadas_em_outros_capitulos,81,3829,2.1154,300,35834.85,0
202407,ES,Espírito Santo,outras_condicoes_maternas,outras_condicoes_da_gestacao,39,3829,1.0185,122,8744.14,0
202407,ES,Espírito Santo,transtornos_hipertensivos,eclampsia,9,3829,0.235,47,16668.90,0
202407,ES,Espírito Santo,transtornos_hipertensivos,hipertensao_gestacional,52,3829,1.3581,190,47717.76,0
202407,ES,Espírito Santo,transtornos_hipertensivos,outros_hipertensivos,195,3829,5.0927,477,198060.68,0
202407,ES,Espírito Santo,transtornos_hipertensivos,pre_eclampsia,41,3829,1.0708,188,48013.22,0
202407,GO,Goiás,complicacoes_anestesicas,anestesia_obstetrica,5,5650,0.0885,12,827.67,0
202407,GO,Goiás,complicacoes_gestacao,liquido_membranas_ou_placenta,181,5650,3.2035,486,131370.50,1
202407,GO,Goiás,complicacoes_parto,trabalho_de_parto_ou_parto,699,5650,12.3717,1876,442586.45,0
202407,GO,Goiás,complicacoes_puerperais,outras_complicacoes_puerperais,62,5650,1.0973,263,16825.49,0
202407,GO,Goiás,complicacoes_vasculares,complicacoes_venosas,6,5650,0.1062,20,1986.46,0
202407,GO,Goiás,desfecho_abortivo,gestacao_com_desfecho_abortivo,417,5650,7.3805,669,134141.90,0
202407,GO,Goiás,disturbios_metabolicos,diabetes_na_gestacao,166,5650,2.9381,585,97682.01,0
202407,GO,Goiás,hemorragias,hemorragia_pos_parto,11,5650,0.1947,19,6391.33,1
202407,GO,Goiás,hemorragias,outras_hemorragias_obstetricas,130,5650,2.3009,234,29396.49,0
202407,GO,Goiás,infeccoes,infeccao_geniturinaria_gestacao,66,5650,1.1681,213,16539.26,1
202407,GO,Goiás,infeccoes,infeccao_puerperal,44,5650,0.7788,243,21092.92,0
202407,GO,Goiás,outras_condicoes_maternas,anemia_complicando_gestacao,3,5650,0.0531,5,415.33,0
202407,GO,Goiás,outras_condicoes_maternas,doencas_classificadas_em_outros_capitulos,279,5650,4.9381,1272,155589.13,0
202407,GO,Goiás,outras_condicoes_maternas,outras_condicoes_da_gestacao,51,5650,0.9027,105,15811.16,0
202407,GO,Goiás,transtornos_hipertensivos,eclampsia,24,5650,0.4248,89,14861.90,0
202407,GO,Goiás,transtornos_hipertensivos,hipertensao_gestacional,68,5650,1.2035,200,36835.28,0
202407,GO,Goiás,transtornos_hipertensivos,outros_hipertensivos,90,5650,1.5929,417,74493.22,1
202407,GO,Goiás,transtornos_hipertensivos,pre_eclampsia,122,5650,2.1593,503,124886.00,2
202407,MA,Maranhão,complicacoes_anestesicas,anestesia_obstetrica,8,7692,0.104,26,1396.40,0
202407,MA,Maranhão,complicacoes_gestacao,liquido_membranas_ou_placenta,296,7692,3.8482,1119,219368.71,0
202407,MA,Maranhão,complicacoes_parto,trabalho_de_parto_ou_parto,1179,7692,15.3276,3784,872893.74,1
202407,MA,Maranhão,complicacoes_puerperais,outras_complicacoes_puerperais,16,7692,0.208,70,6728.12,0
202407,MA,Maranhão,complicacoes_vasculares,complicacoes_venosas,3,7692,0.039,9,1305.72,0
202407,MA,Maranhão,desfecho_abortivo,gestacao_com_desfecho_abortivo,563,7692,7.3193,1324,149934.69,0
202407,MA,Maranhão,disturbios_metabolicos,diabetes_na_gestacao,87,7692,1.131,422,66270.01,0
202407,MA,Maranhão,hemorragias,hemorragia_pos_parto,6,7692,0.078,38,4596.82,0
202407,MA,Maranhão,hemorragias,outras_hemorragias_obstetricas,104,7692,1.3521,365,38506.42,0
202407,MA,Maranhão,infeccoes,infeccao_geniturinaria_gestacao,80,7692,1.04,327,15520.24,0
202407,MA,Maranhão,infeccoes,infeccao_puerperal,57,7692,0.741,315,23112.05,0
202407,MA,Maranhão,outras_condicoes_maternas,anemia_complicando_gestacao,6,7692,0.078,16,1392.90,0
202407,MA,Maranhão,outras_condicoes_maternas,doencas_classificadas_em_outros_capitulos,51,7692,0.663,223,12939.72,0
202407,MA,Maranhão,outras_condicoes_maternas,outras_condicoes_da_gestacao,55,7692,0.715,187,18524.07,0
202407,MA,Maranhão,transtornos_hipertensivos,eclampsia,24,7692,0.312,104,18038.07,0
202407,MA,Maranhão,transtornos_hipertensivos,hipertensao_gestacional,56,7692,0.728,274,42187.92,0
202407,MA,Maranhão,transtornos_hipertensivos,outros_hipertensivos,109,7692,1.4171,456,87280.71,0
202407,MA,Maranhão,transtornos_hipertensivos,pre_eclampsia,177,7692,2.3011,763,119706.12,0
202407,MG,Minas Gerais,complicacoes_anestesicas,anestesia_obstetrica,8,14928,0.0536,15,1912.82,0
202407,MG,Minas Gerais,complicacoes_gestacao,liquido_membranas_ou_placenta,367,14928,2.4585,1044,275699.33,0
202407,MG,Minas Gerais,complicacoes_parto,trabalho_de_parto_ou_parto,973,14928,6.518,2158,577576.66,0
202407,MG,Minas Gerais,complicacoes_puerperais,outras_complicacoes_puerperais,52,14928,0.3483,173,18216.60,0
202407,MG,Minas Gerais,complicacoes_vasculares,complicacoes_venosas,12,14928,0.0804,58,4307.10,0
202407,MG,Minas Gerais,desfecho_abortivo,gestacao_com_desfecho_abortivo,1182,14928,7.918,1630,380368.78,1
202407,MG,Minas Gerais,disturbios_metabolicos,diabetes_na_gestacao,277,14928,1.8556,954,191038.47,0
202407,MG,Minas Gerais,hemorragias,hemorragia_pos_parto,29,14928,0.1943,67,22458.85,0
202407,MG,Minas Gerais,hemorragias,outras_hemorragias_obstetricas,260,14928,1.7417,428,81970.10,0
202407,MG,Minas Gerais,infeccoes,infeccao_geniturinaria_gestacao,153,14928,1.0249,510,32042.68,0
202407,MG,Minas Gerais,infeccoes,infeccao_puerperal,91,14928,0.6096,333,35294.76,0
202407,MG,Minas Gerais,outras_condicoes_maternas,anemia_complicando_gestacao,9,14928,0.0603,21,3474.64,0
202407,MG,Minas Gerais,outras_condicoes_maternas,doencas_classificadas_em_outros_capitulos,304,14928,2.0364,974,128929.26,0
202407,MG,Minas Gerais,outras_condicoes_maternas,edema_proteinuria_sem_hipertensao,2,14928,0.0134,5,826.35,0
202407,MG,Minas Gerais,outras_condicoes_maternas,outras_condicoes_da_gestacao,136,14928,0.911,454,64256.40,1
202407,MG,Minas Gerais,transtornos_hipertensivos,eclampsia,29,14928,0.1943,116,31114.63,0
202407,MG,Minas Gerais,transtornos_hipertensivos,hipertensao_gestacional,136,14928,0.911,428,76206.55,0
202407,MG,Minas Gerais,transtornos_hipertensivos,outros_hipertensivos,226,14928,1.5139,623,185979.90,0
202407,MG,Minas Gerais,transtornos_hipertensivos,pre_eclampsia,329,14928,2.2039,1217,250283.26,0
202407,MS,Mato Grosso do Sul,complicacoes_anestesicas,anestesia_obstetrica,2,2729,0.0733,6,333.38,0
202407,MS,Mato Grosso do Sul,complicacoes_gestacao,liquido_membranas_ou_placenta,115,2729,4.214,336,81423.77,0
202407,MS,Mato Grosso do Sul,complicacoes_parto,trabalho_de_parto_ou_parto,330,2729,12.0923,793,191303.11,0
202407,MS,Mato Grosso do Sul,complicacoes_puerperais,outras_complicacoes_puerperais,18,2729,0.6596,66,7183.97,0
202407,MS,Mato Grosso do Sul,complicacoes_vasculares,complicacoes_venosas,5,2729,0.1832,18,2499.56,0
202407,MS,Mato Grosso do Sul,desfecho_abortivo,gestacao_com_desfecho_abortivo,174,2729,6.376,277,51117.97,0
202407,MS,Mato Grosso do Sul,disturbios_metabolicos,diabetes_na_gestacao,58,2729,2.1253,195,40688.24,0
202407,MS,Mato Grosso do Sul,hemorragias,hemorragia_pos_parto,3,2729,0.1099,39,13586.40,0
202407,MS,Mato Grosso do Sul,hemorragias,outras_hemorragias_obstetricas,62,2729,2.2719,128,13407.62,0
202407,MS,Mato Grosso do Sul,infeccoes,infeccao_geniturinaria_gestacao,84,2729,3.0781,292,13366.07,0
202407,MS,Mato Grosso do Sul,infeccoes,infeccao_puerperal,14,2729,0.513,56,3771.77,0
202407,MS,Mato Grosso do Sul,outras_condicoes_maternas,anemia_complicando_gestacao,2,2729,0.0733,4,1129.78,0
202407,MS,Mato Grosso do Sul,outras_condicoes_maternas,doencas_classificadas_em_outros_capitulos,180,2729,6.5958,582,87831.22,0
202407,MS,Mato Grosso do Sul,outras_condicoes_maternas,outras_condicoes_da_gestacao,13,2729,0.4764,45,3168.76,0
202407,MS,Mato Grosso do Sul,transtornos_hipertensivos,eclampsia,6,2729,0.2199,35,8012.38,0
202407,MS,Mato Grosso do Sul,transtornos_hipertensivos,hipertensao_gestacional,25,2729,0.9161,91,16820.62,0
202407,MS,Mato Grosso do Sul,transtornos_hipertensivos,outros_hipertensivos,46,2729,1.6856,202,48255.98,0
202407,MS,Mato Grosso do Sul,transtornos_hipertensivos,pre_eclampsia,67,2729,2.4551,282,48420.03,0
202407,MT,Mato Grosso,complicacoes_anestesicas,anestesia_obstetrica,1,3938,0.0254,1,162.30,0
202407,MT,Mato Grosso,complicacoes_gestacao,liquido_membranas_ou_placenta,87,3938,2.2092,285,62454.07,0
202407,MT,Mato Grosso,complicacoes_parto,trabalho_de_parto_ou_parto,344,3938,8.7354,895,191029.09,0
202407,MT,Mato Grosso,complicacoes_puerperais,outras_complicacoes_puerperais,20,3938,0.5079,87,33495.76,1
202407,MT,Mato Grosso,complicacoes_vasculares,complicacoes_venosas,3,3938,0.0762,7,455.92,0
202407,MT,Mato Grosso,complicacoes_vasculares,embolia_obstetrica,1,3938,0.0254,15,3466.59,0
202407,MT,Mato Grosso,desfecho_abortivo,gestacao_com_desfecho_abortivo,357,3938,9.0655,651,95918.11,0
202407,MT,Mato Grosso,disturbios_metabolicos,diabetes_na_gestacao,127,3938,3.225,229,42499.66,0
202407,MT,Mato Grosso,hemorragias,hemorragia_pos_parto,5,3938,0.127,15,3227.34,0
202407,MT,Mato Grosso,hemorragias,outras_hemorragias_obstetricas,120,3938,3.0472,306,21976.71,0
202407,MT,Mato Grosso,infeccoes,infeccao_geniturinaria_gestacao,68,3938,1.7268,210,11285.67,0
202407,MT,Mato Grosso,infeccoes,infeccao_puerperal,24,3938,0.6094,135,7213.35,0
202407,MT,Mato Grosso,outras_condicoes_maternas,anemia_complicando_gestacao,4,3938,0.1016,46,6167.20,0
202407,MT,Mato Grosso,outras_condicoes_maternas,doencas_classificadas_em_outros_capitulos,125,3938,3.1742,421,30190.89,0
202407,MT,Mato Grosso,outras_condicoes_maternas,edema_proteinuria_sem_hipertensao,2,3938,0.0508,9,632.54,0
202407,MT,Mato Grosso,outras_condicoes_maternas,outras_condicoes_da_gestacao,16,3938,0.4063,49,6594.57,0
202407,MT,Mato Grosso,transtornos_hipertensivos,eclampsia,7,3938,0.1778,10,2362.16,0
202407,MT,Mato Grosso,transtornos_hipertensivos,hipertensao_gestacional,52,3938,1.3205,167,34339.50,0
202407,MT,Mato Grosso,transtornos_hipertensivos,outros_hipertensivos,37,3938,0.9396,105,23094.78,0
202407,MT,Mato Grosso,transtornos_hipertensivos,pre_eclampsia,68,3938,1.7268,213,48838.49,0
202407,PA,Pará,complicacoes_anestesicas,anestesia_obstetrica,6,10114,0.0593,17,1050.83,0
202407,PA,Pará,complicacoes_gestacao,liquido_membranas_ou_placenta,409,10114,4.0439,1150,319269.22,0
202407,PA,Pará,complicacoes_parto,trabalho_de_parto_ou_parto,1878,10114,18.5683,4734,1278707.52,0
202407,PA,Pará,complicacoes_puerperais,outras_complicacoes_puerperais,33,10114,0.3263,167,14244.08,0
202407,PA,Pará,complicacoes_vasculares,complicacoes_venosas,19,10114,0.1879,43,15358.99,0
202407,PA,Pará,complicacoes_vasculares,embolia_obstetrica,1,10114,0.0099,2,170.30,0
202407,PA,Pará,desfecho_abortivo,gestacao_com_desfecho_abortivo,792,10114,7.8307,1201,190603.99,0
202407,PA,Pará,disturbios_metabolicos,diabetes_na_gestacao,58,10114,0.5735,248,34961.60,0
202407,PA,Pará,hemorragias,hemorragia_pos_parto,1,10114,0.0099,1,179.62,0
202407,PA,Pará,hemorragias,outras_hemorragias_obstetricas,225,10114,2.2246,522,69153.71,0
202407,PA,Pará,infeccoes,infeccao_geniturinaria_gestacao,309,10114,3.0552,1223,56025.73,0
202407,PA,Pará,infeccoes,infeccao_puerperal,85,10114,0.8404,535,28674.20,0
202407,PA,Pará,outras_condicoes_maternas,anemia_complicando_gestacao,4,10114,0.0395,22,1849.19,0
202407,PA,Pará,outras_condicoes_maternas,doencas_classificadas_em_outros_capitulos,286,10114,2.8278,1060,73081.16,0
202407,PA,Pará,outras_condicoes_maternas,edema_proteinuria_sem_hipertensao,4,10114,0.0395,12,1746.43,0
202407,PA,Pará,outras_condicoes_maternas,outras_condicoes_da_gestacao,43,10114,0.4252,149,13781.58,0
202407,PA,Pará,transtornos_hipertensivos,eclampsia,26,10114,0.2571,75,13574.28,0
202407,PA,Pará,transtornos_hipertensivos,hipertensao_gestacional,93,10114,0.9195,342,77141.62,0
202407,PA,Pará,transtornos_hipertensivos,outros_hipertensivos,43,10114,0.4252,140,26512.58,0
202407,PA,Pará,transtornos_hipertensivos,pre_eclampsia,312,10114,3.0848,1060,272904.07,0
202407,PB,Paraíba,complicacoes_anestesicas,anestesia_obstetrica,1,4050,0.0247,2,1079.08,0
202407,PB,Paraíba,complicacoes_gestacao,liquido_membranas_ou_placenta,158,4050,3.9012,469,127452.40,0
202407,PB,Paraíba,complicacoes_parto,trabalho_de_parto_ou_parto,607,4050,14.9877,1625,534828.82,0
202407,PB,Paraíba,complicacoes_puerperais,outras_complicacoes_puerperais,38,4050,0.9383,142,15496.77,0
202407,PB,Paraíba,complicacoes_vasculares,complicacoes_venosas,2,4050,0.0494,16,4332.29,0
202407,PB,Paraíba,desfecho_abortivo,gestacao_com_desfecho_abortivo,328,4050,8.0988,552,78298.48,0
202407,PB,Paraíba,disturbios_metabolicos,diabetes_na_gestacao,252,4050,6.2222,918,206846.03,0
202407,PB,Paraíba,hemorragias,hemorragia_pos_parto,3,4050,0.0741,7,1141.17,0
202407,PB,Paraíba,hemorragias,outras_hemorragias_obstetricas,29,4050,0.716,103,18411.29,0
202407,PB,Paraíba,infeccoes,infeccao_geniturinaria_gestacao,38,4050,0.9383,235,19858.68,0
202407,PB,Paraíba,infeccoes,infeccao_puerperal,18,4050,0.4444,115,5039.49,0
202407,PB,Paraíba,outras_condicoes_maternas,anemia_complicando_gestacao,6,4050,0.1481,45,2312.57,0
202407,PB,Paraíba,outras_condicoes_maternas,doencas_classificadas_em_outros_capitulos,136,4050,3.358,698,47846.20,0
202407,PB,Paraíba,outras_condicoes_maternas,outras_condicoes_da_gestacao,6,4050,0.1481,32,1187.41,0
202407,PB,Paraíba,transtornos_hipertensivos,eclampsia,23,4050,0.5679,105,47438.55,0
202407,PB,Paraíba,transtornos_hipertensivos,hipertensao_gestacional,59,4050,1.4568,225,50476.48,0
202407,PB,Paraíba,transtornos_hipertensivos,outros_hipertensivos,61,4050,1.5062,158,51342.17,0
202407,PB,Paraíba,transtornos_hipertensivos,pre_eclampsia,273,4050,6.7407,1183,342829.74,0
202407,PE,Pernambuco,complicacoes_anestesicas,anestesia_obstetrica,8,9099,0.0879,24,1606.44,0
202407,PE,Pernambuco,complicacoes_gestacao,liquido_membranas_ou_placenta,618,9099,6.792,1489,443420.74,0
202407,PE,Pernambuco,complicacoes_parto,trabalho_de_parto_ou_parto,703,9099,7.7261,1828,373391.02,0
202407,PE,Pernambuco,complicacoes_puerperais,outras_complicacoes_puerperais,40,9099,0.4396,174,26220.21,0
202407,PE,Pernambuco,complicacoes_vasculares,complicacoes_venosas,5,9099,0.055,50,1715.52,0
202407,PE,Pernambuco,desfecho_abortivo,gestacao_com_desfecho_abortivo,667,9099,7.3305,1243,169882.79,0
202407,PE,Pernambuco,disturbios_metabolicos,diabetes_na_gestacao,246,9099,2.7036,885,169578.13,0
202407,PE,Pernambuco,hemorragias,hemorragia_pos_parto,9,9099,0.0989,39,3907.22,0
202407,PE,Pernambuco,hemorragias,outras_hemorragias_obstetricas,52,9099,0.5715,152,21259.45,0
202407,PE,Pernambuco,infeccoes,infeccao_geniturinaria_gestacao,86,9099,0.9452,379,15798.47,0
202407,PE,Pernambuco,infeccoes,infeccao_puerperal,117,9099,1.2859,774,72104.92,0
202407,PE,Pernambuco,outras_condicoes_maternas,doencas_classificadas_em_outros_capitulos,151,9099,1.6595,655,71397.02,0
202407,PE,Pernambuco,outras_condicoes_maternas,outras_condicoes_da_gestacao,14,9099,0.1539,52,5399.66,0
202407,PE,Pernambuco,transtornos_hipertensivos,eclampsia,10,9099,0.1099,45,14574.29,0
202407,PE,Pernambuco,transtornos_hipertensivos,hipertensao_gestacional,227,9099,2.4948,706,157227.40,0
202407,PE,Pernambuco,transtornos_hipertensivos,outros_hipertensivos,241,9099,2.6486,713,222010.33,0
202407,PE,Pernambuco,transtornos_hipertensivos,pre_eclampsia,427,9099,4.6928,1880,373287.66,0
202407,PI,Piauí,complicacoes_anestesicas,anestesia_obstetrica,3,3293,0.0911,7,617.34,0
202407,PI,Piauí,complicacoes_gestacao,liquido_membranas_ou_placenta,129,3293,3.9174,383,107545.67,0
202407,PI,Piauí,complicacoes_parto,trabalho_de_parto_ou_parto,493,3293,14.9712,1498,320005.51,2
202407,PI,Piauí,complicacoes_puerperais,outras_complicacoes_puerperais,49,3293,1.488,306,24643.69,0
202407,PI,Piauí,complicacoes_vasculares,complicacoes_venosas,1,3293,0.0304,10,346.94,0
202407,PI,Piauí,desfecho_abortivo,gestacao_com_desfecho_abortivo,298,3293,9.0495,661,64142.09,0
202407,PI,Piauí,disturbios_metabolicos,diabetes_na_gestacao,47,3293,1.4273,314,42126.44,0
202407,PI,Piauí,hemorragias,hemorragia_pos_parto,3,3293,0.0911,13,3601.30,0
202407,PI,Piauí,hemorragias,outras_hemorragias_obstetricas,71,3293,2.1561,169,23169.58,0
202407,PI,Piauí,infeccoes,infeccao_geniturinaria_gestacao,36,3293,1.0932,159,8470.81,0
202407,PI,Piauí,infeccoes,infeccao_puerperal,35,3293,1.0629,195,17955.24,0
202407,PI,Piauí,outras_condicoes_maternas,anemia_complicando_gestacao,1,3293,0.0304,1,133.44,0
202407,PI,Piauí,outras_condicoes_maternas,doencas_classificadas_em_outros_capitulos,201,3293,6.1039,1557,138648.21,0
202407,PI,Piauí,outras_condicoes_maternas,outras_condicoes_da_gestacao,33,3293,1.0021,87,5072.79,0
202407,PI,Piauí,transtornos_hipertensivos,eclampsia,4,3293,0.1215,19,2325.84,0
202407,PI,Piauí,transtornos_hipertensivos,hipertensao_gestacional,14,3293,0.4251,44,7433.19,0
202407,PI,Piauí,transtornos_hipertensivos,outros_hipertensivos,15,3293,0.4555,60,15462.38,0
202407,PI,Piauí,transtornos_hipertensivos,pre_eclampsia,172,3293,5.2232,788,175137.51,0
202407,PR,Paraná,complicacoes_anestesicas,anestesia_obstetrica,5,9554,0.0523,23,1089.33,0
202407,PR,Paraná,complicacoes_gestacao,liquido_membranas_ou_placenta,233,9554,2.4388,677,188460.02,0
202407,PR,Paraná,complicacoes_parto,trabalho_de_parto_ou_parto,1036,9554,10.8436,2531,702367.69,1
202407,PR,Paraná,complicacoes_puerperais,outras_complicacoes_puerperais,46,9554,0.4815,129,9650.40,0
202407,PR,Paraná,complicacoes_vasculares,complicacoes_venosas,28,9554,0.2931,96,8227.93,0
202407,PR,Paraná,desfecho_abortivo,gestacao_com_desfecho_abortivo,619,9554,6.479,760,173572.49,0
202407,PR,Paraná,disturbios_metabolicos,diabetes_na_gestacao,178,9554,1.8631,535,133600.64,1
202407,PR,Paraná,hemorragias,hemorragia_pos_parto,23,9554,0.2407,46,15235.41,0
202407,PR,Paraná,hemorragias,outras_hemorragias_obstetricas,254,9554,2.6586,402,47657.75,0
202407,PR,Paraná,infeccoes,infeccao_geniturinaria_gestacao,80,9554,0.8373,196,14804.56,0
202407,PR,Paraná,infeccoes,infeccao_puerperal,36,9554,0.3768,177,30493.45,0
202407,PR,Paraná,outras_condicoes_maternas,anemia_complicando_gestacao,4,9554,0.0419,11,1615.41,0
202407,PR,Paraná,outras_condicoes_maternas,doencas_classificadas_em_outros_capitulos,698,9554,7.3058,1694,279912.77,0
202407,PR,Paraná,outras_condicoes_maternas,edema_proteinuria_sem_hipertensao,2,9554,0.0209,7,250.48,0
202407,PR,Paraná,outras_condicoes_maternas,outras_condicoes_da_gestacao,81,9554,0.8478,205,44915.89,0
202407,PR,Paraná,transtornos_hipertensivos,eclampsia,33,9554,0.3454,88,22528.98,0
202407,PR,Paraná,transtornos_hipertensivos,hipertensao_gestacional,85,9554,0.8897,236,52879.96,0
202407,PR,Paraná,transtornos_hipertensivos,outros_hipertensivos,153,9554,1.6014,462,126097.00,0
202407,PR,Paraná,transtornos_hipertensivos,pre_eclampsia,117,9554,1.2246,422,92030.57,1
202407,RJ,Rio de Janeiro,complicacoes_anestesicas,anestesia_obstetrica,14,11862,0.118,60,4285.96,0
202407,RJ,Rio de Janeiro,complicacoes_gestacao,liquido_membranas_ou_placenta,591,11862,4.9823,1906,471533.33,0
202407,RJ,Rio de Janeiro,complicacoes_parto,trabalho_de_parto_ou_parto,1309,11862,11.0352,4016,958287.35,1
202407,RJ,Rio de Janeiro,complicacoes_puerperais,outras_complicacoes_puerperais,60,11862,0.5058,282,23783.39,0
202407,RJ,Rio de Janeiro,complicacoes_vasculares,complicacoes_venosas,27,11862,0.2276,110,9147.86,0
202407,RJ,Rio de Janeiro,desfecho_abortivo,gestacao_com_desfecho_abortivo,1044,11862,8.8012,2233,278403.05,0
202407,RJ,Rio de Janeiro,disturbios_metabolicos,diabetes_na_gestacao,393,11862,3.3131,1820,221777.71,0
202407,RJ,Rio de Janeiro,hemorragias,hemorragia_pos_parto,9,11862,0.0759,42,21609.64,1
202407,RJ,Rio de Janeiro,hemorragias,outras_hemorragias_obstetricas,196,11862,1.6523,478,69278.72,0
202407,RJ,Rio de Janeiro,infeccoes,infeccao_geniturinaria_gestacao,205,11862,1.7282,1007,48711.72,0
202407,RJ,Rio de Janeiro,infeccoes,infeccao_puerperal,123,11862,1.0369,805,50066.25,0
202407,RJ,Rio de Janeiro,outras_condicoes_maternas,anemia_complicando_gestacao,22,11862,0.1855,77,7650.06,0
202407,RJ,Rio de Janeiro,outras_condicoes_maternas,doencas_classificadas_em_outros_capitulos,347,11862,2.9253,1335,157428.79,0
202407,RJ,Rio de Janeiro,outras_condicoes_maternas,edema_proteinuria_sem_hipertensao,4,11862,0.0337,9,1106.83,0
202407,RJ,Rio de Janeiro,outras_condicoes_maternas,outras_condicoes_da_gestacao,77,11862,0.6491,425,17518.04,0
202407,RJ,Rio de Janeiro,transtornos_hipertensivos,eclampsia,26,11862,0.2192,137,22617.33,0
202407,RJ,Rio de Janeiro,transtornos_hipertensivos,hipertensao_gestacional,224,11862,1.8884,845,151068.06,0
202407,RJ,Rio de Janeiro,transtornos_hipertensivos,outros_hipertensivos,315,11862,2.6555,1394,238023.58,0
202407,RJ,Rio de Janeiro,transtornos_hipertensivos,pre_eclampsia,394,11862,3.3215,1722,348458.39,0
202407,RN,Rio Grande do Norte,complicacoes_anestesicas,anestesia_obstetrica,3,3601,0.0833,6,511.87,0
202407,RN,Rio Grande do Norte,complicacoes_gestacao,liquido_membranas_ou_placenta,86,3601,2.3882,368,69068.43,0
202407,RN,Rio Grande do Norte,complicacoes_parto,trabalho_de_parto_ou_parto,598,3601,16.6065,1466,366976.11,0
202407,RN,Rio Grande do Norte,complicacoes_puerperais,outras_complicacoes_puerperais,33,3601,0.9164,109,8362.81,0
202407,RN,Rio Grande do Norte,complicacoes_vasculares,complicacoes_venosas,2,3601,0.0555,10,2010.44,0
202407,RN,Rio Grande do Norte,desfecho_abortivo,gestacao_com_desfecho_abortivo,237,3601,6.5815,281,58972.94,0
202407,RN,Rio Grande do Norte,disturbios_metabolicos,diabetes_na_gestacao,78,3601,2.1661,340,64004.62,0
202407,RN,Rio Grande do Norte,hemorragias,hemorragia_pos_parto,22,3601,0.6109,28,4333.72,0
202407,RN,Rio Grande do Norte,hemorragias,outras_hemorragias_obstetricas,9,3601,0.2499,11,2310.54,0
202407,RN,Rio Grande do Norte,infeccoes,infeccao_geniturinaria_gestacao,29,3601,0.8053,129,9647.47,0
202407,RN,Rio Grande do Norte,infeccoes,infeccao_puerperal,40,3601,1.1108,296,19663.23,0
202407,RN,Rio Grande do Norte,outras_condicoes_maternas,anemia_complicando_gestacao,3,3601,0.0833,13,2063.50,0
202407,RN,Rio Grande do Norte,outras_condicoes_maternas,doencas_classificadas_em_outros_capitulos,33,3601,0.9164,218,12318.54,0
202407,RN,Rio Grande do Norte,outras_condicoes_maternas,outras_condicoes_da_gestacao,8,3601,0.2222,23,2430.96,0
202407,RN,Rio Grande do Norte,transtornos_hipertensivos,eclampsia,13,3601,0.361,55,3437.87,0
202407,RN,Rio Grande do Norte,transtornos_hipertensivos,hipertensao_gestacional,172,3601,4.7765,670,120895.60,0
202407,RN,Rio Grande do Norte,transtornos_hipertensivos,outros_hipertensivos,55,3601,1.5274,223,37898.28,0
202407,RN,Rio Grande do Norte,transtornos_hipertensivos,pre_eclampsia,294,3601,8.1644,1145,287459.70,0
202407,RO,Rondônia,complicacoes_anestesicas,anestesia_obstetrica,4,1959,0.2042,6,686.23,0
202407,RO,Rondônia,complicacoes_gestacao,liquido_membranas_ou_placenta,40,1959,2.0419,145,49804.56,0
202407,RO,Rondônia,complicacoes_parto,trabalho_de_parto_ou_parto,198,1959,10.1072,469,139096.89,0
202407,RO,Rondônia,complicacoes_puerperais,outras_complicacoes_puerperais,9,1959,0.4594,36,1647.71,0
202407,RO,Rondônia,complicacoes_vasculares,complicacoes_venosas,1,1959,0.051,2,170.30,0
202407,RO,Rondônia,desfecho_abortivo,gestacao_com_desfecho_abortivo,173,1959,8.831,286,44968.35,0
202407,RO,Rondônia,disturbios_metabolicos,diabetes_na_gestacao,150,1959,7.657,591,83353.91,0
202407,RO,Rondônia,hemorragias,hemorragia_pos_parto,4,1959,0.2042,7,811.49,0
202407,RO,Rondônia,hemorragias,outras_hemorragias_obstetricas,39,1959,1.9908,57,6906.78,0
202407,RO,Rondônia,infeccoes,infeccao_geniturinaria_gestacao,73,1959,3.7264,170,10024.75,0
202407,RO,Rondônia,infeccoes,infeccao_puerperal,4,1959,0.2042,11,768.21,0
202407,RO,Rondônia,outras_condicoes_maternas,anemia_complicando_gestacao,1,1959,0.051,2,125.24,0
202407,RO,Rondônia,outras_condicoes_maternas,doencas_classificadas_em_outros_capitulos,89,1959,4.5431,273,13035.98,0
202407,RO,Rondônia,outras_condicoes_maternas,edema_proteinuria_sem_hipertensao,2,1959,0.1021,6,802.30,0
202407,RO,Rondônia,outras_condicoes_maternas,outras_condicoes_da_gestacao,27,1959,1.3783,82,3877.66,0
202407,RO,Rondônia,transtornos_hipertensivos,eclampsia,8,1959,0.4084,29,1646.71,0
202407,RO,Rondônia,transtornos_hipertensivos,hipertensao_gestacional,12,1959,0.6126,54,8389.09,0
202407,RO,Rondônia,transtornos_hipertensivos,outros_hipertensivos,24,1959,1.2251,117,12419.52,0
202407,RO,Rondônia,transtornos_hipertensivos,pre_eclampsia,19,1959,0.9699,83,19233.19,0
202407,RR,Roraima,complicacoes_gestacao,liquido_membranas_ou_placenta,5,336,1.4881,17,5086.95,0
202407,RR,Roraima,complicacoes_parto,trabalho_de_parto_ou_parto,26,336,7.7381,86,25861.08,0
202407,RR,Roraima,complicacoes_puerperais,outras_complicacoes_puerperais,8,336,2.381,22,1494.20,0
202407,RR,Roraima,desfecho_abortivo,gestacao_com_desfecho_abortivo,25,336,7.4405,97,23210.13,1
202407,RR,Roraima,disturbios_metabolicos,diabetes_na_gestacao,16,336,4.7619,70,15224.86,0
202407,RR,Roraima,hemorragias,outras_hemorragias_obstetricas,15,336,4.4643,46,5079.88,0
202407,RR,Roraima,infeccoes,infeccao_geniturinaria_gestacao,10,336,2.9762,68,1874.56,0
202407,RR,Roraima,infeccoes,infeccao_puerperal,13,336,3.869,77,3063.28,0
202407,RR,Roraima,outras_condicoes_maternas,doencas_classificadas_em_outros_capitulos,10,336,2.9762,53,2831.69,0
202407,RR,Roraima,outras_condicoes_maternas,outras_condicoes_da_gestacao,2,336,0.5952,9,338.96,0
202407,RR,Roraima,transtornos_hipertensivos,hipertensao_gestacional,6,336,1.7857,28,967.94,0
202407,RR,Roraima,transtornos_hipertensivos,outros_hipertensivos,5,336,1.4881,14,5157.87,0
202407,RR,Roraima,transtornos_hipertensivos,pre_eclampsia,1,336,0.2976,3,159.88,0
202407,RS,Rio Grande do Sul,complicacoes_anestesicas,anestesia_obstetrica,2,7343,0.0272,1,194.68,0
202407,RS,Rio Grande do Sul,complicacoes_gestacao,liquido_membranas_ou_placenta,277,7343,3.7723,875,205323.32,1
202407,RS,Rio Grande do Sul,complicacoes_parto,trabalho_de_parto_ou_parto,940,7343,12.8013,2614,662804.17,0
202407,RS,Rio Grande do Sul,complicacoes_puerperais,outras_complicacoes_puerperais,25,7343,0.3405,82,9273.84,0
202407,RS,Rio Grande do Sul,complicacoes_vasculares,complicacoes_venosas,11,7343,0.1498,72,3899.86,0
202407,RS,Rio Grande do Sul,desfecho_abortivo,gestacao_com_desfecho_abortivo,481,7343,6.5505,603,131877.50,0
202407,RS,Rio Grande do Sul,disturbios_metabolicos,diabetes_na_gestacao,189,7343,2.5739,746,91053.34,0
202407,RS,Rio Grande do Sul,hemorragias,hemorragia_pos_parto,10,7343,0.1362,25,3462.33,0
202407,RS,Rio Grande do Sul,hemorragias,outras_hemorragias_obstetricas,83,7343,1.1303,212,31701.03,0
202407,RS,Rio Grande do Sul,infeccoes,infeccao_geniturinaria_gestacao,99,7343,1.3482,453,23888.02,0
202407,RS,Rio Grande do Sul,infeccoes,infeccao_puerperal,42,7343,0.572,218,19164.88,0
202407,RS,Rio Grande do Sul,outras_condicoes_maternas,anemia_complicando_gestacao,3,7343,0.0409,3,409.17,0
202407,RS,Rio Grande do Sul,outras_condicoes_maternas,doencas_classificadas_em_outros_capitulos,267,7343,3.6361,1285,82259.40,0
202407,RS,Rio Grande do Sul,outras_condicoes_maternas,edema_proteinuria_sem_hipertensao,8,7343,0.1089,39,1989.47,0
202407,RS,Rio Grande do Sul,outras_condicoes_maternas,outras_condicoes_da_gestacao,42,7343,0.572,180,10389.70,0
202407,RS,Rio Grande do Sul,transtornos_hipertensivos,eclampsia,61,7343,0.8307,425,35681.42,0
202407,RS,Rio Grande do Sul,transtornos_hipertensivos,hipertensao_gestacional,86,7343,1.1712,279,44355.72,0
202407,RS,Rio Grande do Sul,transtornos_hipertensivos,outros_hipertensivos,87,7343,1.1848,317,60813.50,0
202407,RS,Rio Grande do Sul,transtornos_hipertensivos,pre_eclampsia,281,7343,3.8268,1509,171816.01,0
202407,SC,Santa Catarina,complicacoes_anestesicas,anestesia_obstetrica,3,6486,0.0463,9,582.84,0
202407,SC,Santa Catarina,complicacoes_gestacao,liquido_membranas_ou_placenta,185,6486,2.8523,492,144125.93,0
202407,SC,Santa Catarina,complicacoes_parto,trabalho_de_parto_ou_parto,830,6486,12.7968,2145,573481.56,1
202407,SC,Santa Catarina,complicacoes_puerperais,outras_complicacoes_puerperais,42,6486,0.6475,131,15512.15,0
202407,SC,Santa Catarina,complicacoes_vasculares,complicacoes_venosas,4,6486,0.0617,4,2224.38,0
202407,SC,Santa Catarina,desfecho_abortivo,gestacao_com_desfecho_abortivo,467,6486,7.2001,604,144838.95,0
202407,SC,Santa Catarina,disturbios_metabolicos,diabetes_na_gestacao,240,6486,3.7003,707,148686.55,0
202407,SC,Santa Catarina,hemorragias,hemorragia_pos_parto,13,6486,0.2004,43,4734.60,0
202407,SC,Santa Catarina,hemorragias,outras_hemorragias_obstetricas,88,6486,1.3568,188,32047.15,0
202407,SC,Santa Catarina,infeccoes,infeccao_geniturinaria_gestacao,94,6486,1.4493,322,19373.50,0
202407,SC,Santa Catarina,infeccoes,infeccao_puerperal,31,6486,0.478,143,17653.94,0
202407,SC,Santa Catarina,outras_condicoes_maternas,anemia_complicando_gestacao,3,6486,0.0463,9,1504.13,0
202407,SC,Santa Catarina,outras_condicoes_maternas,doencas_classificadas_em_outros_capitulos,154,6486,2.3743,543,49657.04,0
202407,SC,Santa Catarina,outras_condicoes_maternas,edema_proteinuria_sem_hipertensao,7,6486,0.1079,14,1044.08,0
202407,SC,Santa Catarina,outras_condicoes_maternas,outras_condicoes_da_gestacao,42,6486,0.6475,112,9513.74,0
202407,SC,Santa Catarina,transtornos_hipertensivos,eclampsia,20,6486,0.3084,58,14985.03,0
202407,SC,Santa Catarina,transtornos_hipertensivos,hipertensao_gestacional,66,6486,1.0176,196,36074.49,0
202407,SC,Santa Catarina,transtornos_hipertensivos,outros_hipertensivos,94,6486,1.4493,308,76944.00,0
202407,SC,Santa Catarina,transtornos_hipertensivos,pre_eclampsia,150,6486,2.3127,656,107297.50,0
202407,SE,Sergipe,complicacoes_anestesicas,anestesia_obstetrica,2,2242,0.0892,9,2341.44,0
202407,SE,Sergipe,complicacoes_gestacao,liquido_membranas_ou_placenta,48,2242,2.1409,133,36943.65,0
202407,SE,Sergipe,complicacoes_parto,trabalho_de_parto_ou_parto,411,2242,18.3318,753,195397.26,0
202407,SE,Sergipe,complicacoes_puerperais,outras_complicacoes_puerperais,19,2242,0.8475,72,4211.70,0
202407,SE,Sergipe,complicacoes_vasculares,complicacoes_venosas,4,2242,0.1784,25,1368.98,0
202407,SE,Sergipe,desfecho_abortivo,gestacao_com_desfecho_abortivo,126,2242,5.62,220,33569.70,0
202407,SE,Sergipe,disturbios_metabolicos,diabetes_na_gestacao,49,2242,2.1855,176,24032.56,0
202407,SE,Sergipe,hemorragias,hemorragia_pos_parto,5,2242,0.223,18,2966.27,0
202407,SE,Sergipe,hemorragias,outras_hemorragias_obstetricas,20,2242,0.8921,63,16247.89,0
202407,SE,Sergipe,infeccoes,infeccao_geniturinaria_gestacao,19,2242,0.8475,102,3702.51,0
202407,SE,Sergipe,infeccoes,infeccao_puerperal,40,2242,1.7841,254,17458.14,0
202407,SE,Sergipe,outras_condicoes_maternas,doencas_classificadas_em_outros_capitulos,19,2242,0.8475,139,10791.07,0
202407,SE,Sergipe,outras_condicoes_maternas,outras_condicoes_da_gestacao,7,2242,0.3122,33,1159.29,0
202407,SE,Sergipe,transtornos_hipertensivos,hipertensao_gestacional,15,2242,0.669,68,5366.91,0
202407,SE,Sergipe,transtornos_hipertensivos,outros_hipertensivos,40,2242,1.7841,143,27093.12,0
202407,SE,Sergipe,transtornos_hipertensivos,pre_eclampsia,64,2242,2.8546,270,47488.66,0
202407,SP,São Paulo,complicacoes_anestesicas,anestesia_obstetrica,19,29379,0.0647,52,4263.58,0
202407,SP,São Paulo,complicacoes_gestacao,liquido_membranas_ou_placenta,1120,29379,3.8122,3392,846040.57,1
202407,SP,São Paulo,complicacoes_parto,trabalho_de_parto_ou_parto,3506,29379,11.9337,10066,2440969.46,0
202407,SP,São Paulo,complicacoes_puerperais,outras_complicacoes_puerperais,99,29379,0.337,339,42612.96,0
202407,SP,São Paulo,complicacoes_vasculares,complicacoes_venosas,18,29379,0.0613,78,4143.35,0
202407,SP,São Paulo,complicacoes_vasculares,embolia_obstetrica,2,29379,0.0068,8,1179.20,0
202407,SP,São Paulo,desfecho_abortivo,gestacao_com_desfecho_abortivo,2152,29379,7.325,3465,630956.70,0
202407,SP,São Paulo,disturbios_metabolicos,diabetes_na_gestacao,964,29379,3.2813,3560,519162.85,0
202407,SP,São Paulo,hemorragias,hemorragia_pos_parto,57,29379,0.194,208,51805.61,0
202407,SP,São Paulo,hemorragias,outras_hemorragias_obstetricas,798,29379,2.7162,1464,252594.26,1
202407,SP,São Paulo,infeccoes,infeccao_geniturinaria_gestacao,385,29379,1.3105,1710,102349.83,0
202407,SP,São Paulo,infeccoes,infeccao_puerperal,183,29379,0.6229,968,77874.38,1
202407,SP,São Paulo,outras_condicoes_maternas,anemia_complicando_gestacao,13,29379,0.0442,89,12722.56,0
202407,SP,São Paulo,outras_condicoes_maternas,doencas_classificadas_em_outros_capitulos,622,29379,2.1172,2315,300231.79,2
202407,SP,São Paulo,outras_condicoes_maternas,edema_proteinuria_sem_hipertensao,1,29379,0.0034,2,152.14,0
202407,SP,São Paulo,outras_condicoes_maternas,outras_condicoes_da_gestacao,229,29379,0.7795,869,78449.49,0
202407,SP,São Paulo,transtornos_hipertensivos,eclampsia,114,29379,0.388,495,92622.05,1
202407,SP,São Paulo,transtornos_hipertensivos,hipertensao_gestacional,423,29379,1.4398,1649,253026.66,1
202407,SP,São Paulo,transtornos_hipertensivos,outros_hipertensivos,317,29379,1.079,1086,224252.66,0
202407,SP,São Paulo,transtornos_hipertensivos,pre_eclampsia,705,29379,2.3997,2977,675514.52,0
202407,TO,Tocantins,complicacoes_anestesicas,anestesia_obstetrica,2,1841,0.1086,4,359.65,0
202407,TO,Tocantins,complicacoes_gestacao,liquido_membranas_ou_placenta,44,1841,2.39,153,33533.98,0
202407,TO,Tocantins,complicacoes_parto,trabalho_de_parto_ou_parto,360,1841,19.5546,937,278015.31,1
202407,TO,Tocantins,complicacoes_puerperais,outras_complicacoes_puerperais,21,1841,1.1407,90,7152.50,0
202407,TO,Tocantins,desfecho_abortivo,gestacao_com_desfecho_abortivo,119,1841,6.4639,221,31010.92,0
202407,TO,Tocantins,disturbios_metabolicos,diabetes_na_gestacao,60,1841,3.2591,215,26228.35,0
202407,TO,Tocantins,hemorragias,hemorragia_pos_parto,2,1841,0.1086,5,497.78,0
202407,TO,Tocantins,hemorragias,outras_hemorragias_obstetricas,33,1841,1.7925,68,7183.59,0
202407,TO,Tocantins,infeccoes,infeccao_geniturinaria_gestacao,18,1841,0.9777,68,2585.37,0
202407,TO,Tocantins,infeccoes,infeccao_puerperal,23,1841,1.2493,145,8051.67,0
202407,TO,Tocantins,outras_condicoes_maternas,doencas_classificadas_em_outros_capitulos,29,1841,1.5752,107,9419.84,0
202407,TO,Tocantins,outras_condicoes_maternas,outras_condicoes_da_gestacao,7,1841,0.3802,9,845.25,0
202407,TO,Tocantins,transtornos_hipertensivos,eclampsia,4,1841,0.2173,36,15697.88,0
202407,TO,Tocantins,transtornos_hipertensivos,hipertensao_gestacional,22,1841,1.195,60,13468.35,0
202407,TO,Tocantins,transtornos_hipertensivos,outros_hipertensivos,22,1841,1.195,77,8355.34,0
202407,TO,Tocantins,transtornos_hipertensivos,pre_eclampsia,68,1841,3.6936,262,52710.33,0
202408,AC,Acre,complicacoes_gestacao,liquido_membranas_ou_placenta,27,1090,2.4771,76,20612.76,0
202408,AC,Acre,complicacoes_parto,trabalho_de_parto_ou_parto,151,1090,13.8532,474,114282.90,0
202408,AC,Acre,complicacoes_puerperais,outras_complicacoes_puerperais,7,1090,0.6422,20,1497.13,0
202408,AC,Acre,desfecho_abortivo,gestacao_com_desfecho_abortivo,124,1090,11.3761,154,26619.01,0
202408,AC,Acre,disturbios_metabolicos,diabetes_na_gestacao,19,1090,1.7431,93,15823.24,0
202408,AC,Acre,hemorragias,outras_hemorragias_obstetricas,9,1090,0.8257,30,1824.81,0
202408,AC,Acre,infeccoes,infeccao_geniturinaria_gestacao,19,1090,1.7431,73,2766.54,0
202408,AC,Acre,infeccoes,infeccao_puerperal,22,1090,2.0183,115,4683.94,0
202408,AC,Acre,outras_condicoes_maternas,doencas_classificadas_em_outros_capitulos,27,1090,2.4771,175,9099.63,0
202408,AC,Acre,outras_condicoes_maternas,outras_condicoes_da_gestacao,4,1090,0.367,16,568.16,0
202408,AC,Acre,transtornos_hipertensivos,eclampsia,2,1090,0.1835,4,1107.46,0
202408,AC,Acre,transtornos_hipertensivos,hipertensao_gestacional,12,1090,1.1009,52,5402.33,0
202408,AC,Acre,transtornos_hipertensivos,outros_hipertensivos,11,1090,1.0092,37,15264.48,0
202408,AC,Acre,transtornos_hipertensivos,pre_eclampsia,35,1090,3.211,128,24255.11,0
202408,AL,Alagoas,complicacoes_gestacao,liquido_membranas_ou_placenta,178,3335,5.3373,431,133151.84,0
202408,AL,Alagoas,complicacoes_parto,trabalho_de_parto_ou_parto,304,3335,9.1154,816,213495.41,0
202408,AL,Alagoas,complicacoes_puerperais,outras_complicacoes_puerperais,52,3335,1.5592,143,9948.36,1
202408,AL,Alagoas,complicacoes_vasculares,complicacoes_venosas,9,3335,0.2699,118,4971.53,0
202408,AL,Alagoas,complicacoes_vasculares,embolia_obstetrica,1,3335,0.03,14,274.14,0
202408,AL,Alagoas,desfecho_abortivo,gestacao_com_desfecho_abortivo,244,3335,7.3163,472,62307.94,0
202408,AL,Alagoas,disturbios_metabolicos,diabetes_na_gestacao,66,3335,1.979,422,48154.53,0
202408,AL,Alagoas,hemorragias,hemorragia_pos_parto,2,3335,0.06,5,493.14,0
202408,AL,Alagoas,hemorragias,outras_hemorragias_obstetricas,30,3335,0.8996,134,53540.31,0
202408,AL,Alagoas,infeccoes,infeccao_geniturinaria_gestacao,53,3335,1.5892,329,14132.10,0
202408,AL,Alagoas,infeccoes,infeccao_puerperal,31,3335,0.9295,249,20013.91,0
202408,AL,Alagoas,outras_condicoes_maternas,anemia_complicando_gestacao,5,3335,0.1499,20,1771.02,0
202408,AL,Alagoas,outras_condicoes_maternas,doencas_classificadas_em_outros_capitulos,69,3335,2.069,370,35057.06,0
202408,AL,Alagoas,outras_condicoes_maternas,outras_condicoes_da_gestacao,15,3335,0.4498,86,3051.64,0
202408,AL,Alagoas,transtornos_hipertensivos,eclampsia,19,3335,0.5697,132,21985.36,0
202408,AL,Alagoas,transtornos_hipertensivos,hipertensao_gestacional,21,3335,0.6297,111,12276.55,0
202408,AL,Alagoas,transtornos_hipertensivos,outros_hipertensivos,37,3335,1.1094,150,30267.18,0
202408,AL,Alagoas,transtornos_hipertensivos,pre_eclampsia,100,3335,2.9985,367,89011.38,0
202408,AM,Amazonas,complicacoes_anestesicas,anestesia_obstetrica,4,5208,0.0768,18,623.26,0
202408,AM,Amazonas,complicacoes_gestacao,liquido_membranas_ou_placenta,132,5208,2.5346,604,122887.94,0
202408,AM,Amazonas,complicacoes_parto,trabalho_de_parto_ou_parto,477,5208,9.159,1510,375209.69,0
202408,AM,Amazonas,complicacoes_puerperais,outras_complicacoes_puerperais,42,5208,0.8065,167,9693.88,0
202408,AM,Amazonas,complicacoes_vasculares,complicacoes_venosas,7,5208,0.1344,32,8937.22,1
202408,AM,Amazonas,complicacoes_vasculares,embolia_obstetrica,1,5208,0.0192,2,227.10,0
202408,AM,Amazonas,desfecho_abortivo,gestacao_com_desfecho_abortivo,405,5208,7.7765,743,99522.22,0
202408,AM,Amazonas,disturbios_metabolicos,diabetes_na_gestacao,23,5208,0.4416,104,18413.15,0
202408,AM,Amazonas,hemorragias,outras_hemorragias_obstetricas,105,5208,2.0161,286,27015.58,0
202408,AM,Amazonas,infeccoes,infeccao_geniturinaria_gestacao,229,5208,4.3971,843,34265.78,0
202408,AM,Amazonas,infeccoes,infeccao_puerperal,47,5208,0.9025,315,21425.47,0
202408,AM,Amazonas,outras_condicoes_maternas,anemia_complicando_gestacao,2,5208,0.0384,12,348.98,0
202408,AM,Amazonas,outras_condicoes_maternas,doencas_classificadas_em_outros_capitulos,72,5208,1.3825,217,28124.53,0
202408,AM,Amazonas,outras_condicoes_maternas,outras_condicoes_da_gestacao,16,5208,0.3072,46,6169.24,0
202408,AM,Amazonas,transtornos_hipertensivos,eclampsia,7,5208,0.1344,49,3820.19,0
202408,AM,Amazonas,transtornos_hipertensivos,hipertensao_gestacional,32,5208,0.6144,100,17913.98,0
202408,AM,Amazonas,transtornos_hipertensivos,outros_hipertensivos,9,5208,0.1728,33,11334.54,0
202408,AM,Amazonas,transtornos_hipertensivos,pre_eclampsia,95,5208,1.8241,447,86681.39,0
202408,AP,Amapá,complicacoes_anestesicas,anestesia_obstetrica,1,1215,0.0823,4,289.92,0
202408,AP,Amapá,complicacoes_gestacao,liquido_membranas_ou_placenta,58,1215,4.7737,211,40648.81,0
202408,AP,Amapá,complicacoes_parto,trabalho_de_parto_ou_parto,148,1215,12.1811,489,96168.36,2
202408,AP,Amapá,complicacoes_puerperais,outras_complicacoes_puerperais,1,1215,0.0823,8,629.09,0
202408,AP,Amapá,complicacoes_vasculares,complicacoes_venosas,1,1215,0.0823,9,206.44,0
202408,AP,Amapá,desfecho_abortivo,gestacao_com_desfecho_abortivo,112,1215,9.2181,250,36670.74,0
202408,AP,Amapá,disturbios_metabolicos,diabetes_na_gestacao,31,1215,2.5514,103,17185.65,1
202408,AP,Amapá,hemorragias,hemorragia_pos_parto,3,1215,0.2469,3,564.12,0
202408,AP,Amapá,hemorragias,outras_hemorragias_obstetricas,16,1215,1.3169,65,5278.46,0
202408,AP,Amapá,infeccoes,infeccao_geniturinaria_gestacao,20,1215,1.6461,95,3512.17,0
202408,AP,Amapá,infeccoes,infeccao_puerperal,26,1215,2.1399,158,6846.26,0
202408,AP,Amapá,outras_condicoes_maternas,anemia_complicando_gestacao,3,1215,0.2469,32,749.73,0
202408,AP,Amapá,outras_condicoes_maternas,doencas_classificadas_em_outros_capitulos,32,1215,2.6337,103,5545.62,0
202408,AP,Amapá,outras_condicoes_maternas,outras_condicoes_da_gestacao,6,1215,0.4938,27,1503.20,0
202408,AP,Amapá,transtornos_hipertensivos,eclampsia,1,1215,0.0823,3,753.71,0
202408,AP,Amapá,transtornos_hipertensivos,hipertensao_gestacional,19,1215,1.5638,79,14297.55,0
202408,AP,Amapá,transtornos_hipertensivos,outros_hipertensivos,24,1215,1.9753,87,14192.50,0
202408,AP,Amapá,transtornos_hipertensivos,pre_eclampsia,28,1215,2.3045,278,14919.23,0
202408,BA,Bahia,complicacoes_anestesicas,anestesia_obstetrica,10,13307,0.0751,31,4875.73,0
202408,BA,Bahia,complicacoes_gestacao,liquido_membranas_ou_placenta,331,13307,2.4874,864,238413.21,0
202408,BA,Bahia,complicacoes_parto,trabalho_de_parto_ou_parto,1281,13307,9.6265,3459,787070.71,0
202408,BA,Bahia,complicacoes_puerperais,outras_complicacoes_puerperais,98,13307,0.7365,526,57136.26,0
202408,BA,Bahia,complicacoes_vasculares,complicacoes_venosas,30,13307,0.2254,197,8829.05,0
202408,BA,Bahia,desfecho_abortivo,gestacao_com_desfecho_abortivo,1338,13307,10.0549,2481,309886.28,1
202408,BA,Bahia,disturbios_metabolicos,diabetes_na_gestacao,290,13307,2.1793,1317,155550.14,0
202408,BA,Bahia,hemorragias,hemorragia_pos_parto,14,13307,0.1052,28,4873.67,0
202408,BA,Bahia,hemorragias,outras_hemorragias_obstetricas,264,13307,1.9839,523,62187.83,0
202408,BA,Bahia,infeccoes,infeccao_geniturinaria_gestacao,190,13307,1.4278,708,26814.82,0
202408,BA,Bahia,infeccoes,infeccao_puerperal,113,13307,0.8492,545,30449.99,0
202408,BA,Bahia,outras_condicoes_maternas,anemia_complicando_gestacao,9,13307,0.0676,51,16327.01,0
202408,BA,Bahia,outras_condicoes_maternas,doencas_classificadas_em_outros_capitulos,628,13307,4.7193,2539,227344.31,1
202408,BA,Bahia,outras_condicoes_maternas,edema_proteinuria_sem_hipertensao,4,13307,0.0301,9,1330.34,0
202408,BA,Bahia,outras_condicoes_maternas,outras_condicoes_da_gestacao,108,13307,0.8116,271,20802.39,0
202408,BA,Bahia,transtornos_hipertensivos,eclampsia,33,13307,0.248,109,20088.57,0
202408,BA,Bahia,transtornos_hipertensivos,hipertensao_gestacional,184,13307,1.3827,708,98344.04,0
202408,BA,Bahia,transtornos_hipertensivos,outros_hipertensivos,220,13307,1.6533,902,145748.43,0
202408,BA,Bahia,transtornos_hipertensivos,pre_eclampsia,235,13307,1.766,1036,183709.32,1
202408,CE,Ceará,complicacoes_anestesicas,anestesia_obstetrica,7,8394,0.0834,16,1497.15,0
202408,CE,Ceará,complicacoes_gestacao,liquido_membranas_ou_placenta,447,8394,5.3252,1237,311085.54,1
202408,CE,Ceará,complicacoes_parto,trabalho_de_parto_ou_parto,956,8394,11.3891,2291,609132.70,0
202408,CE,Ceará,complicacoes_puerperais,outras_complicacoes_puerperais,39,8394,0.4646,176,17613.67,0
202408,CE,Ceará,complicacoes_vasculares,complicacoes_venosas,6,8394,0.0715,52,1471.97,0
202408,CE,Ceará,desfecho_abortivo,gestacao_com_desfecho_abortivo,718,8394,8.5537,1214,151579.19,0
202408,CE,Ceará,disturbios_metabolicos,diabetes_na_gestacao,285,8394,3.3953,1382,177409.97,0
202408,CE,Ceará,hemorragias,hemorragia_pos_parto,7,8394,0.0834,19,4689.75,0
202408,CE,Ceará,hemorragias,outras_hemorragias_obstetricas,139,8394,1.6559,293,41734.12,0
202408,CE,Ceará,infeccoes,infeccao_geniturinaria_gestacao,122,8394,1.4534,474,18783.64,0
202408,CE,Ceará,infeccoes,infeccao_puerperal,52,8394,0.6195,286,23289.57,0
202408,CE,Ceará,outras_condicoes_maternas,anemia_complicando_gestacao,3,8394,0.0357,11,465.03,0
202408,CE,Ceará,outras_condicoes_maternas,doencas_classificadas_em_outros_capitulos,307,8394,3.6574,1147,111017.21,1
202408,CE,Ceará,outras_condicoes_maternas,edema_proteinuria_sem_hipertensao,11,8394,0.131,13,7421.21,0
202408,CE,Ceará,outras_condicoes_maternas,outras_condicoes_da_gestacao,56,8394,0.6671,183,21544.23,0
202408,CE,Ceará,transtornos_hipertensivos,eclampsia,24,8394,0.2859,86,13749.78,0
202408,CE,Ceará,transtornos_hipertensivos,hipertensao_gestacional,91,8394,1.0841,246,52057.30,0
202408,CE,Ceará,transtornos_hipertensivos,outros_hipertensivos,87,8394,1.0365,331,56979.35,0
202408,CE,Ceará,transtornos_hipertensivos,pre_eclampsia,532,8394,6.3379,2408,424244.61,1
202408,DF,Distrito Federal,complicacoes_anestesicas,anestesia_obstetrica,21,2810,0.7473,58,4365.32,0
202408,DF,Distrito Federal,complicacoes_gestacao,liquido_membranas_ou_placenta,64,2810,2.2776,207,44562.17,0
202408,DF,Distrito Federal,complicacoes_parto,trabalho_de_parto_ou_parto,617,2810,21.9573,1777,295212.40,0
202408,DF,Distrito Federal,complicacoes_puerperais,outras_complicacoes_puerperais,30,2810,1.0676,162,8411.27,0
202408,DF,Distrito Federal,complicacoes_vasculares,complicacoes_venosas,2,2810,0.0712,4,411.80,0
202408,DF,Distrito Federal,desfecho_abortivo,gestacao_com_desfecho_abortivo,228,2810,8.1139,318,54245.76,0
202408,DF,Distrito Federal,disturbios_metabolicos,diabetes_na_gestacao,78,2810,2.7758,324,47782.15,0
202408,DF,Distrito Federal,hemorragias,hemorragia_pos_parto,1,2810,0.0356,0,487.12,0
202408,DF,Distrito Federal,hemorragias,outras_hemorragias_obstetricas,64,2810,2.2776,154,20848.49,0
202408,DF,Distrito Federal,infeccoes,infeccao_geniturinaria_gestacao,43,2810,1.5302,149,7344.84,0
202408,DF,Distrito Federal,infeccoes,infeccao_puerperal,24,2810,0.8541,124,6453.77,0
202408,DF,Distrito Federal,outras_condicoes_maternas,anemia_complicando_gestacao,1,2810,0.0356,5,149.24,0
202408,DF,Distrito Federal,outras_condicoes_maternas,doencas_classificadas_em_outros_capitulos,139,2810,4.9466,481,27361.57,0
202408,DF,Distrito Federal,outras_condicoes_maternas,outras_condicoes_da_gestacao,42,2810,1.4947,110,5757.90,0
202408,DF,Distrito Federal,transtornos_hipertensivos,eclampsia,2,2810,0.0712,3,1182.73,0
202408,DF,Distrito Federal,transtornos_hipertensivos,hipertensao_gestacional,85,2810,3.0249,351,38304.91,0
202408,DF,Distrito Federal,transtornos_hipertensivos,outros_hipertensivos,20,2810,0.7117,99,15024.45,0
202408,DF,Distrito Federal,transtornos_hipertensivos,pre_eclampsia,72,2810,2.5623,446,68456.98,1
202408,ES,Espírito Santo,complicacoes_anestesicas,anestesia_obstetrica,2,3168,0.0631,4,342.60,0
202408,ES,Espírito Santo,complicacoes_gestacao,liquido_membranas_ou_placenta,170,3168,5.3662,477,121499.42,2
202408,ES,Espírito Santo,complicacoes_parto,trabalho_de_parto_ou_parto,413,3168,13.0366,1076,283089.29,0
202408,ES,Espírito Santo,complicacoes_puerperais,outras_complicacoes_puerperais,20,3168,0.6313,49,6688.31,0
202408,ES,Espírito Santo,complicacoes_vasculares,complicacoes_venosas,2,3168,0.0631,23,814.78,0
202408,ES,Espírito Santo,desfecho_abortivo,gestacao_com_desfecho_abortivo,244,3168,7.702,435,68548.43,0
202408,ES,Espírito Santo,disturbios_metabolicos,diabetes_na_gestacao,163,3168,5.1452,527,122503.22,0
202408,ES,Espírito Santo,hemorragias,hemorragia_pos_parto,4,3168,0.1263,3,2157.57,1
202408,ES,Espírito Santo,hemorragias,outras_hemorragias_obstetricas,38,3168,1.1995,72,14493.36,0
202408,ES,Espírito Santo,infeccoes,infeccao_geniturinaria_gestacao,36,3168,1.1364,180,11643.03,0
202408,ES,Espírito Santo,infeccoes,infeccao_puerperal,42,3168,1.3258,210,18435.34,0
202408,ES,Espírito Santo,outras_condicoes_maternas,doencas_classificadas_em_outros_capitulos,76,3168,2.399,396,58735.11,0
202408,ES,Espírito Santo,outras_condicoes_maternas,outras_condicoes_da_gestacao,29,3168,0.9154,209,8993.52,0
202408,ES,Espírito Santo,transtornos_hipertensivos,eclampsia,11,3168,0.3472,54,20765.29,0
202408,ES,Espírito Santo,transtornos_hipertensivos,hipertensao_gestacional,41,3168,1.2942,134,32685.77,0
202408,ES,Espírito Santo,transtornos_hipertensivos,outros_hipertensivos,202,3168,6.3763,604,214869.16,0
202408,ES,Espírito Santo,transtornos_hipertensivos,pre_eclampsia,43,3168,1.3573,135,34608.23,0
202408,GO,Goiás,complicacoes_anestesicas,anestesia_obstetrica,4,5624,0.0711,10,1333.48,0
202408,GO,Goiás,complicacoes_gestacao,liquido_membranas_ou_placenta,171,5624,3.0405,422,117457.32,0
202408,GO,Goiás,complicacoes_parto,trabalho_de_parto_ou_parto,710,5624,12.6245,1871,412701.84,0
202408,GO,Goiás,complicacoes_puerperais,outras_complicacoes_puerperais,49,5624,0.8713,220,17003.65,0
202408,GO,Goiás,complicacoes_vasculares,complicacoes_venosas,5,5624,0.0889,31,1307.23,0
202408,GO,Goiás,desfecho_abortivo,gestacao_com_desfecho_abortivo,426,5624,7.5747,717,134326.28,0
202408,GO,Goiás,disturbios_metabolicos,diabetes_na_gestacao,127,5624,2.2582,505,75768.16,0
202408,GO,Goiás,hemorragias,hemorragia_pos_parto,11,5624,0.1956,24,11974.83,1
202408,GO,Goiás,hemorragias,outras_hemorragias_obstetricas,141,5624,2.5071,234,35947.38,0
202408,GO,Goiás,infeccoes,infeccao_geniturinaria_gestacao,55,5624,0.978,184,8956.36,0
202408,GO,Goiás,infeccoes,infeccao_puerperal,39,5624,0.6935,187,16555.53,0
202408,GO,Goiás,outras_condicoes_maternas,anemia_complicando_gestacao,2,5624,0.0356,11,434.57,0
202408,GO,Goiás,outras_condicoes_maternas,doencas_classificadas_em_outros_capitulos,312,5624,5.5477,1205,140444.54,0
202408,GO,Goiás,outras_condicoes_maternas,outras_condicoes_da_gestacao,39,5624,0.6935,111,13051.55,0
202408,GO,Goiás,transtornos_hipertensivos,eclampsia,27,5624,0.4801,116,26379.42,0
202408,GO,Goiás,transtornos_hipertensivos,hipertensao_gestacional,64,5624,1.138,216,34684.80,0
202408,GO,Goiás,transtornos_hipertensivos,outros_hipertensivos,92,5624,1.6358,427,83075.06,0
202408,GO,Goiás,transtornos_hipertensivos,pre_eclampsia,125,5624,2.2226,443,88962.80,0
202408,MA,Maranhão,complicacoes_anestesicas,anestesia_obstetrica,9,7424,0.1212,16,1376.59,0
202408,MA,Maranhão,complicacoes_gestacao,liquido_membranas_ou_placenta,296,7424,3.9871,1065,224414.72,0
202408,MA,Maranhão,complicacoes_parto,trabalho_de_parto_ou_parto,1129,7424,15.2074,3609,819713.74,0
202408,MA,Maranhão,complicacoes_puerperais,outras_complicacoes_puerperais,25,7424,0.3367,81,8737.32,0
202408,MA,Maranhão,complicacoes_vasculares,complicacoes_venosas,2,7424,0.0269,1,218.48,0
202408,MA,Maranhão,desfecho_abortivo,gestacao_com_desfecho_abortivo,542,7424,7.3006,1321,139692.02,0
202408,MA,Maranhão,disturbios_metabolicos,diabetes_na_gestacao,115,7424,1.549,493,84399.00,0
202408,MA,Maranhão,hemorragias,hemorragia_pos_parto,3,7424,0.0404,13,612.50,0
202408,MA,Maranhão,hemorragias,outras_hemorragias_obstetricas,124,7424,1.6703,384,53439.21,0
202408,MA,Maranhão,infeccoes,infeccao_geniturinaria_gestacao,71,7424,0.9564,265,16513.47,0
202408,MA,Maranhão,infeccoes,infeccao_puerperal,41,7424,0.5523,224,12579.26,0
202408,MA,Maranhão,outras_condicoes_maternas,anemia_complicando_gestacao,5,7424,0.0673,7,710.30,0
202408,MA,Maranhão,outras_condicoes_maternas,doencas_classificadas_em_outros_capitulos,45,7424,0.6061,184,9936.04,0
202408,MA,Maranhão,outras_condicoes_maternas,edema_proteinuria_sem_hipertensao,1,7424,0.0135,7,253.40,0
202408,MA,Maranhão,outras_condicoes_maternas,outras_condicoes_da_gestacao,49,7424,0.66,192,12481.31,0
202408,MA,Maranhão,transtornos_hipertensivos,eclampsia,18,7424,0.2425,82,15023.55,0
202408,MA,Maranhão,transtornos_hipertensivos,hipertensao_gestacional,65,7424,0.8755,278,47630.36,0
202408,MA,Maranhão,transtornos_hipertensivos,outros_hipertensivos,135,7424,1.8184,619,95428.00,0
202408,MA,Maranhão,transtornos_hipertensivos,pre_eclampsia,180,7424,2.4246,800,139003.21,0
202408,MG,Minas Gerais,complicacoes_anestesicas,anestesia_obstetrica,5,15054,0.0332,6,1044.61,0
202408,MG,Minas Gerais,complicacoes_gestacao,liquido_membranas_ou_placenta,337,15054,2.2386,1109,263512.99,0
202408,MG,Minas Gerais,complicacoes_parto,trabalho_de_parto_ou_parto,1049,15054,6.9682,2535,634406.00,2
202408,MG,Minas Gerais,complicacoes_puerperais,outras_complicacoes_puerperais,58,15054,0.3853,176,19805.52,0
202408,MG,Minas Gerais,complicacoes_vasculares,complicacoes_venosas,33,15054,0.2192,138,14262.25,0
202408,MG,Minas Gerais,desfecho_abortivo,gestacao_com_desfecho_abortivo,1275,15054,8.4695,1805,417447.12,1
202408,MG,Minas Gerais,disturbios_metabolicos,diabetes_na_gestacao,319,15054,2.119,1174,205243.17,0
202408,MG,Minas Gerais,hemorragias,hemorragia_pos_parto,26,15054,0.1727,64,17725.73,1
202408,MG,Minas Gerais,hemorragias,outras_hemorragias_obstetricas,333,15054,2.212,570,108305.87,0
202408,MG,Minas Gerais,infeccoes,infeccao_geniturinaria_gestacao,154,15054,1.023,549,31030.73,0
202408,MG,Minas Gerais,infeccoes,infeccao_puerperal,76,15054,0.5048,283,25920.03,0
202408,MG,Minas Gerais,outras_condicoes_maternas,anemia_complicando_gestacao,5,15054,0.0332,15,1193.37,0
202408,MG,Minas Gerais,outras_condicoes_maternas,doencas_classificadas_em_outros_capitulos,304,15054,2.0194,833,95372.07,1
202408,MG,Minas Gerais,outras_condicoes_maternas,edema_proteinuria_sem_hipertensao,1,15054,0.0066,7,391.73,0
202408,MG,Minas Gerais,outras_condicoes_maternas,outras_condicoes_da_gestacao,124,15054,0.8237,357,48619.59,0
202408,MG,Minas Gerais,transtornos_hipertensivos,eclampsia,43,15054,0.2856,183,42453.55,0
202408,MG,Minas Gerais,transtornos_hipertensivos,hipertensao_gestacional,153,15054,1.0163,500,93369.19,0
202408,MG,Minas Gerais,transtornos_hipertensivos,outros_hipertensivos,240,15054,1.5943,743,227966.78,0
202408,MG,Minas Gerais,transtornos_hipertensivos,pre_eclampsia,315,15054,2.0925,1137,255622.13,0
202408,MS,Mato Grosso do Sul,complicacoes_anestesicas,anestesia_obstetrica,5,2877,0.1738,15,641.40,0
202408,MS,Mato Grosso do Sul,complicacoes_gestacao,liquido_membranas_ou_placenta,113,2877,3.9277,347,82358.78,0
202408,MS,Mato Grosso do Sul,complicacoes_parto,trabalho_de_parto_ou_parto,380,2877,13.2082,932,201134.85,0
202408,MS,Mato Grosso do Sul,complicacoes_puerperais,outras_complicacoes_puerperais,12,2877,0.4171,31,2784.45,0
202408,MS,Mato Grosso do Sul,complicacoes_vasculares,complicacoes_venosas,1,2877,0.0348,0,109.24,0
202408,MS,Mato Grosso do Sul,desfecho_abortivo,gestacao_com_desfecho_abortivo,235,2877,8.1682,391,66357.65,0
202408,MS,Mato Grosso do Sul,disturbios_metabolicos,diabetes_na_gestacao,64,2877,2.2245,270,49544.46,0
202408,MS,Mato Grosso do Sul,hemorragias,hemorragia_pos_parto,6,2877,0.2086,8,4669.06,2
202408,MS,Mato Grosso do Sul,hemorragias,outras_hemorragias_obstetricas,66,2877,2.2941,137,13958.11,0
202408,MS,Mato Grosso do Sul,infeccoes,infeccao_geniturinaria_gestacao,75,2877,2.6069,277,14643.91,0
202408,MS,Mato Grosso do Sul,infeccoes,infeccao_puerperal,17,2877,0.5909,87,4898.49,0
202408,MS,Mato Grosso do Sul,outras_condicoes_maternas,anemia_complicando_gestacao,1,2877,0.0348,6,219.30,0
202408,MS,Mato Grosso do Sul,outras_condicoes_maternas,doencas_classificadas_em_outros_capitulos,203,2877,7.056,797,113472.65,0
202408,MS,Mato Grosso do Sul,outras_condicoes_maternas,edema_proteinuria_sem_hipertensao,3,2877,0.1043,7,1141.96,0
202408,MS,Mato Grosso do Sul,outras_condicoes_maternas,outras_condicoes_da_gestacao,21,2877,0.7299,78,5868.46,0
202408,MS,Mato Grosso do Sul,transtornos_hipertensivos,eclampsia,4,2877,0.139,17,4511.29,0
202408,MS,Mato Grosso do Sul,transtornos_hipertensivos,hipertensao_gestacional,27,2877,0.9385,90,19880.74,0
202408,MS,Mato Grosso do Sul,transtornos_hipertensivos,outros_hipertensivos,76,2877,2.6416,290,70106.43,0
202408,MS,Mato Grosso do Sul,transtornos_hipertensivos,pre_eclampsia,70,2877,2.4331,282,51306.41,1
202408,MT,Mato Grosso,complicacoes_anestesicas,anestesia_obstetrica,8,3856,0.2075,20,1510.47,0
202408,MT,Mato Grosso,complicacoes_gestacao,liquido_membranas_ou_placenta,90,3856,2.334,220,61829.76,0
202408,MT,Mato Grosso,complicacoes_parto,trabalho_de_parto_ou_parto,365,3856,9.4658,912,212067.35,0
202408,MT,Mato Grosso,complicacoes_puerperais,outras_complicacoes_puerperais,16,3856,0.4149,44,3955.74,0
202408,MT,Mato Grosso,complicacoes_vasculares,complicacoes_venosas,1,3856,0.0259,2,173.64,0
202408,MT,Mato Grosso,desfecho_abortivo,gestacao_com_desfecho_abortivo,345,3856,8.9471,584,88533.43,0
202408,MT,Mato Grosso,disturbios_metabolicos,diabetes_na_gestacao,109,3856,2.8268,212,41528.48,0
202408,MT,Mato Grosso,hemorragias,hemorragia_pos_parto,6,3856,0.1556,17,6325.93,0
202408,MT,Mato Grosso,hemorragias,outras_hemorragias_obstetricas,75,3856,1.945,152,20060.91,0
202408,MT,Mato Grosso,infeccoes,infeccao_geniturinaria_gestacao,70,3856,1.8154,243,19669.13,0
202408,MT,Mato Grosso,infeccoes,infeccao_puerperal,22,3856,0.5705,144,12594.64,0
202408,MT,Mato Grosso,outras_condicoes_maternas,anemia_complicando_gestacao,1,3856,0.0259,2,109.24,0
202408,MT,Mato Grosso,outras_condicoes_maternas,doencas_classificadas_em_outros_capitulos,161,3856,4.1753,577,47881.44,0
202408,MT,Mato Grosso,outras_condicoes_maternas,outras_condicoes_da_gestacao,22,3856,0.5705,57,6022.98,0
202408,MT,Mato Grosso,transtornos_hipertensivos,eclampsia,10,3856,0.2593,41,13940.28,0
202408,MT,Mato Grosso,transtornos_hipertensivos,hipertensao_gestacional,57,3856,1.4782,153,34685.86,0
202408,MT,Mato Grosso,transtornos_hipertensivos,outros_hipertensivos,42,3856,1.0892,134,31059.37,0
202408,MT,Mato Grosso,transtornos_hipertensivos,pre_eclampsia,75,3856,1.945,177,42564.94,0
202408,PA,Pará,complicacoes_anestesicas,anestesia_obstetrica,12,9970,0.1204,20,2029.08,0
202408,PA,Pará,complicacoes_gestacao,liquido_membranas_ou_placenta,386,9970,3.8716,1047,284562.01,0
202408,PA,Pará,complicacoes_parto,trabalho_de_parto_ou_parto,1953,9970,19.5888,4993,1331819.08,0
202408,PA,Pará,complicacoes_puerperais,outras_complicacoes_puerperais,35,9970,0.3511,154,12730.03,0
202408,PA,Pará,complicacoes_vasculares,complicacoes_venosas,7,9970,0.0702,26,5921.74,0
202408,PA,Pará,desfecho_abortivo,gestacao_com_desfecho_abortivo,741,9970,7.4323,1203,181662.47,1
202408,PA,Pará,disturbios_metabolicos,diabetes_na_gestacao,71,9970,0.7121,326,43922.04,0
202408,PA,Pará,hemorragias,hemorragia_pos_parto,1,9970,0.01,4,306.47,0
202408,PA,Pará,hemorragias,outras_hemorragias_obstetricas,221,9970,2.2166,495,48991.15,0
202408,PA,Pará,infeccoes,infeccao_geniturinaria_gestacao,344,9970,3.4504,1169,53228.73,1
202408,PA,Pará,infeccoes,infeccao_puerperal,69,9970,0.6921,402,28714.29,0
202408,PA,Pará,outras_condicoes_maternas,anemia_complicando_gestacao,7,9970,0.0702,48,2090.89,0
202408,PA,Pará,outras_condicoes_maternas,doencas_classificadas_em_outros_capitulos,321,9970,3.2197,1326,117090.71,1
202408,PA,Pará,outras_condicoes_maternas,edema_proteinuria_sem_hipertensao,1,9970,0.01,3,109.24,0
202408,PA,Pará,outras_condicoes_maternas,outras_condicoes_da_gestacao,42,9970,0.4213,140,14628.25,0
202408,PA,Pará,transtornos_hipertensivos,eclampsia,34,9970,0.341,147,34773.43,2
202408,PA,Pará,transtornos_hipertensivos,hipertensao_gestacional,70,9970,0.7021,250,50256.81,0
202408,PA,Pará,transtornos_hipertensivos,outros_hipertensivos,54,9970,0.5416,193,33421.87,0
202408,PA,Pará,transtornos_hipertensivos,pre_eclampsia,322,9970,3.2297,1075,287849.75,0
202408,PB,Paraíba,complicacoes_anestesicas,anestesia_obstetrica,4,4038,0.0991,7,1281.73,0
202408,PB,Paraíba,complicacoes_gestacao,liquido_membranas_ou_placenta,154,4038,3.8138,428,125298.69,0
202408,PB,Paraíba,complicacoes_parto,trabalho_de_parto_ou_parto,629,4038,15.577,1648,556253.00,1
202408,PB,Paraíba,complicacoes_puerperais,outras_complicacoes_puerperais,32,4038,0.7925,164,20421.06,0
202408,PB,Paraíba,complicacoes_vasculares,complicacoes_venosas,5,4038,0.1238,76,21587.11,0
202408,PB,Paraíba,desfecho_abortivo,gestacao_com_desfecho_abortivo,356,4038,8.8162,705,90884.53,0
202408,PB,Paraíba,disturbios_metabolicos,diabetes_na_gestacao,252,4038,6.2407,962,210431.15,0
202408,PB,Paraíba,hemorragias,hemorragia_pos_parto,8,4038,0.1981,17,3113.38,0
202408,PB,Paraíba,hemorragias,outras_hemorragias_obstetricas,44,4038,1.0896,126,14775.25,0
202408,PB,Paraíba,infeccoes,infeccao_geniturinaria_gestacao,29,4038,0.7182,183,13658.38,0
202408,PB,Paraíba,infeccoes,infeccao_puerperal,17,4038,0.421,54,3982.85,0
202408,PB,Paraíba,outras_condicoes_maternas,anemia_complicando_gestacao,7,4038,0.1734,29,4801.67,0
202408,PB,Paraíba,outras_condicoes_maternas,doencas_classificadas_em_outros_capitulos,151,4038,3.7395,885,74211.41,0
202408,PB,Paraíba,outras_condicoes_maternas,outras_condicoes_da_gestacao,10,4038,0.2476,91,13264.40,0
202408,PB,Paraíba,transtornos_hipertensivos,eclampsia,26,4038,0.6439,107,33717.39,0
202408,PB,Paraíba,transtornos_hipertensivos,hipertensao_gestacional,58,4038,1.4364,161,47843.92,0
202408,PB,Paraíba,transtornos_hipertensivos,outros_hipertensivos,66,4038,1.6345,165,59469.65,0
202408,PB,Paraíba,transtornos_hipertensivos,pre_eclampsia,295,4038,7.3056,1198,327731.28,0
202408,PE,Pernambuco,complicacoes_anestesicas,anestesia_obstetrica,12,8628,0.1391,39,2922.14,0
202408,PE,Pernambuco,complicacoes_gestacao,liquido_membranas_ou_placenta,641,8628,7.4293,1628,458217.03,0
202408,PE,Pernambuco,complicacoes_parto,trabalho_de_parto_ou_parto,655,8628,7.5916,1780,330056.03,0
202408,PE,Pernambuco,complicacoes_puerperais,outras_complicacoes_puerperais,55,8628,0.6375,247,24460.80,0
202408,PE,Pernambuco,complicacoes_vasculares,complicacoes_venosas,7,8628,0.0811,32,1299.88,0
202408,PE,Pernambuco,desfecho_abortivo,gestacao_com_desfecho_abortivo,680,8628,7.8813,1272,191473.50,1
202408,PE,Pernambuco,disturbios_metabolicos,diabetes_na_gestacao,295,8628,3.4191,1354,199976.66,0
202408,PE,Pernambuco,hemorragias,hemorragia_pos_parto,13,8628,0.1507,32,3515.41,0
202408,PE,Pernambuco,hemorragias,outras_hemorragias_obstetricas,53,8628,0.6143,179,19583.74,0
202408,PE,Pernambuco,infeccoes,infeccao_geniturinaria_gestacao,101,8628,1.1706,433,19729.94,0
202408,PE,Pernambuco,infeccoes,infeccao_puerperal,102,8628,1.1822,623,53230.61,0
202408,PE,Pernambuco,outras_condicoes_maternas,anemia_complicando_gestacao,8,8628,0.0927,51,9305.21,0
202408,PE,Pernambuco,outras_condicoes_maternas,doencas_classificadas_em_outros_capitulos,105,8628,1.217,461,45210.49,0
202408,PE,Pernambuco,outras_condicoes_maternas,edema_proteinuria_sem_hipertensao,2,8628,0.0232,1,161.46,0
202408,PE,Pernambuco,outras_condicoes_maternas,outras_condicoes_da_gestacao,16,8628,0.1854,69,5987.15,0
202408,PE,Pernambuco,transtornos_hipertensivos,eclampsia,15,8628,0.1739,53,10829.96,0
202408,PE,Pernambuco,transtornos_hipertensivos,hipertensao_gestacional,228,8628,2.6426,744,174956.44,0
202408,PE,Pernambuco,transtornos_hipertensivos,outros_hipertensivos,205,8628,2.376,553,183270.55,0
202408,PE,Pernambuco,transtornos_hipertensivos,pre_eclampsia,366,8628,4.242,1708,314271.53,0
202408,PI,Piauí,complicacoes_anestesicas,anestesia_obstetrica,3,3676,0.0816,6,377.82,0
202408,PI,Piauí,complicacoes_gestacao,liquido_membranas_ou_placenta,150,3676,4.0805,493,131539.03,0
202408,PI,Piauí,complicacoes_parto,trabalho_de_parto_ou_parto,555,3676,15.0979,1475,340150.85,0
202408,PI,Piauí,complicacoes_puerperais,outras_complicacoes_puerperais,44,3676,1.197,200,25605.46,0
202408,PI,Piauí,complicacoes_vasculares,complicacoes_venosas,1,3676,0.0272,1,110.24,0
202408,PI,Piauí,desfecho_abortivo,gestacao_com_desfecho_abortivo,321,3676,8.7323,639,82466.94,0
202408,PI,Piauí,disturbios_metabolicos,diabetes_na_gestacao,80,3676,2.1763,366,68610.43,0
202408,PI,Piauí,hemorragias,hemorragia_pos_parto,4,3676,0.1088,13,2809.75,0
202408,PI,Piauí,hemorragias,outras_hemorragias_obstetricas,72,3676,1.9587,217,29128.85,0
202408,PI,Piauí,infeccoes,infeccao_geniturinaria_gestacao,44,3676,1.197,161,6758.37,0
202408,PI,Piauí,infeccoes,infeccao_puerperal,20,3676,0.5441,107,9056.61,0
202408,PI,Piauí,outras_condicoes_maternas,anemia_complicando_gestacao,1,3676,0.0272,1,151.71,0
202408,PI,Piauí,outras_condicoes_maternas,doencas_classificadas_em_outros_capitulos,246,3676,6.6921,1436,126098.77,0
202408,PI,Piauí,outras_condicoes_maternas,outras_condicoes_da_gestacao,19,3676,0.5169,53,2728.69,0
202408,PI,Piauí,transtornos_hipertensivos,eclampsia,7,3676,0.1904,23,7717.99,0
202408,PI,Piauí,transtornos_hipertensivos,hipertensao_gestacional,26,3676,0.7073,82,15617.14,0
202408,PI,Piauí,transtornos_hipertensivos,outros_hipertensivos,35,3676,0.9521,120,36311.72,0
202408,PI,Piauí,transtornos_hipertensivos,pre_eclampsia,237,3676,6.4472,1140,237744.68,1
202408,PR,Paraná,complicacoes_anestesicas,anestesia_obstetrica,4,9567,0.0418,5,600.26,0
202408,PR,Paraná,complicacoes_gestacao,liquido_membranas_ou_placenta,177,9567,1.8501,527,139345.10,0
202408,PR,Paraná,complicacoes_parto,trabalho_de_parto_ou_parto,1128,9567,11.7905,3054,756846.37,0
202408,PR,Paraná,complicacoes_puerperais,outras_complicacoes_puerperais,53,9567,0.554,134,13113.01,0
202408,PR,Paraná,complicacoes_vasculares,complicacoes_venosas,14,9567,0.1463,35,6356.22,0
202408,PR,Paraná,desfecho_abortivo,gestacao_com_desfecho_abortivo,751,9567,7.8499,835,204071.54,0
202408,PR,Paraná,disturbios_metabolicos,diabetes_na_gestacao,137,9567,1.432,402,94440.45,0
202408,PR,Paraná,hemorragias,hemorragia_pos_parto,20,9567,0.2091,35,5092.30,0
202408,PR,Paraná,hemorragias,outras_hemorragias_obstetricas,257,9567,2.6863,409,43845.94,1
202408,PR,Paraná,infeccoes,infeccao_geniturinaria_gestacao,113,9567,1.1811,265,21420.27,0
202408,PR,Paraná,infeccoes,infeccao_puerperal,43,9567,0.4495,148,18787.81,0
202408,PR,Paraná,outras_condicoes_maternas,anemia_complicando_gestacao,1,9567,0.0105,3,1235.58,0
202408,PR,Paraná,outras_condicoes_maternas,doencas_classificadas_em_outros_capitulos,711,9567,7.4318,1652,252284.14,0
202408,PR,Paraná,outras_condicoes_maternas,edema_proteinuria_sem_hipertensao,1,9567,0.0105,4,305.11,0
202408,PR,Paraná,outras_condicoes_maternas,outras_condicoes_da_gestacao,79,9567,0.8258,174,26124.38,0
202408,PR,Paraná,transtornos_hipertensivos,eclampsia,29,9567,0.3031,66,9900.61,0
202408,PR,Paraná,transtornos_hipertensivos,hipertensao_gestacional,99,9567,1.0348,279,51590.26,0
202408,PR,Paraná,transtornos_hipertensivos,outros_hipertensivos,147,9567,1.5365,375,116171.02,0
202408,PR,Paraná,transtornos_hipertensivos,pre_eclampsia,134,9567,1.4006,447,102779.31,0
202408,RJ,Rio de Janeiro,complicacoes_anestesicas,anestesia_obstetrica,21,12372,0.1697,74,4953.94,0
202408,RJ,Rio de Janeiro,complicacoes_gestacao,liquido_membranas_ou_placenta,627,12372,5.0679,2039,469994.28,0
202408,RJ,Rio de Janeiro,complicacoes_parto,trabalho_de_parto_ou_parto,1282,12372,10.3621,4005,932664.97,0
202408,RJ,Rio de Janeiro,complicacoes_puerperais,outras_complicacoes_puerperais,62,12372,0.5011,318,44181.39,1
202408,RJ,Rio de Janeiro,complicacoes_vasculares,complicacoes_venosas,18,12372,0.1455,149,7898.86,0
202408,RJ,Rio de Janeiro,desfecho_abortivo,gestacao_com_desfecho_abortivo,1178,12372,9.5215,2355,332379.14,0
202408,RJ,Rio de Janeiro,disturbios_metabolicos,diabetes_na_gestacao,467,12372,3.7747,2149,280033.53,0
202408,RJ,Rio de Janeiro,hemorragias,hemorragia_pos_parto,13,12372,0.1051,51,9628.89,0
202408,RJ,Rio de Janeiro,hemorragias,outras_hemorragias_obstetricas,220,12372,1.7782,502,86028.33,0
202408,RJ,Rio de Janeiro,infeccoes,infeccao_geniturinaria_gestacao,218,12372,1.762,1126,48125.87,0
202408,RJ,Rio de Janeiro,infeccoes,infeccao_puerperal,112,12372,0.9053,717,73847.05,0
202408,RJ,Rio de Janeiro,outras_condicoes_maternas,anemia_complicando_gestacao,23,12372,0.1859,100,10605.46,0
202408,RJ,Rio de Janeiro,outras_condicoes_maternas,doencas_classificadas_em_outros_capitulos,353,12372,2.8532,1390,176416.62,0
202408,RJ,Rio de Janeiro,outras_condicoes_maternas,edema_proteinuria_sem_hipertensao,2,12372,0.0162,3,218.48,0
202408,RJ,Rio de Janeiro,outras_condicoes_maternas,outras_condicoes_da_gestacao,119,12372,0.9618,493,22525.65,0
202408,RJ,Rio de Janeiro,transtornos_hipertensivos,eclampsia,45,12372,0.3637,214,30951.89,0
202408,RJ,Rio de Janeiro,transtornos_hipertensivos,hipertensao_gestacional,264,12372,2.1339,944,191519.84,0
202408,RJ,Rio de Janeiro,transtornos_hipertensivos,outros_hipertensivos,433,12372,3.4998,1690,273592.85,0
202408,RJ,Rio de Janeiro,transtornos_hipertensivos,pre_eclampsia,404,12372,3.2654,1878,376784.79,0
202408,RN,Rio Grande do Norte,complicacoes_anestesicas,anestesia_obstetrica,5,3434,0.1456,8,881.53,0
202408,RN,Rio Grande do Norte,complicacoes_gestacao,liquido_membranas_ou_placenta,77,3434,2.2423,278,61720.57,0
202408,RN,Rio Grande do Norte,complicacoes_parto,trabalho_de_parto_ou_parto,656,3434,19.1031,1735,426694.37,0
202408,RN,Rio Grande do Norte,complicacoes_puerperais,outras_complicacoes_puerperais,41,3434,1.1939,160,8933.60,0
202408,RN,Rio Grande do Norte,complicacoes_vasculares,complicacoes_venosas,4,3434,0.1165,26,3779.45,0
202408,RN,Rio Grande do Norte,desfecho_abortivo,gestacao_com_desfecho_abortivo,247,3434,7.1928,293,59272.87,0
202408,RN,Rio Grande do Norte,disturbios_metabolicos,diabetes_na_gestacao,80,3434,2.3296,374,56518.82,0
202408,RN,Rio Grande do Norte,hemorragias,hemorragia_pos_parto,18,3434,0.5242,37,3672.08,0
202408,RN,Rio Grande do Norte,hemorragias,outras_hemorragias_obstetricas,9,3434,0.2621,25,6325.87,0
202408,RN,Rio Grande do Norte,infeccoes,infeccao_geniturinaria_gestacao,23,3434,0.6698,81,4919.66,0
202408,RN,Rio Grande do Norte,infeccoes,infeccao_puerperal,33,3434,0.961,260,10507.67,0
202408,RN,Rio Grande do Norte,outras_condicoes_maternas,anemia_complicando_gestacao,5,3434,0.1456,7,1856.16,0
202408,RN,Rio Grande do Norte,outras_condicoes_maternas,doencas_classificadas_em_outros_capitulos,31,3434,0.9027,143,10235.85,0
202408,RN,Rio Grande do Norte,outras_condicoes_maternas,edema_proteinuria_sem_hipertensao,1,3434,0.0291,2,139.99,0
202408,RN,Rio Grande do Norte,outras_condicoes_maternas,outras_condicoes_da_gestacao,6,3434,0.1747,26,1000.19,0
202408,RN,Rio Grande do Norte,transtornos_hipertensivos,eclampsia,10,3434,0.2912,19,1466.35,0
202408,RN,Rio Grande do Norte,transtornos_hipertensivos,hipertensao_gestacional,181,3434,5.2708,721,125929.23,0
202408,RN,Rio Grande do Norte,transtornos_hipertensivos,outros_hipertensivos,60,3434,1.7472,264,41988.02,0
202408,RN,Rio Grande do Norte,transtornos_hipertensivos,pre_eclampsia,217,3434,6.3192,1040,234523.65,1
202408,RO,Rondônia,complicacoes_anestesicas,anestesia_obstetrica,2,1904,0.105,4,234.48,0
202408,RO,Rondônia,complicacoes_gestacao,liquido_membranas_ou_placenta,65,1904,3.4139,165,66568.26,0
202408,RO,Rondônia,complicacoes_parto,trabalho_de_parto_ou_parto,218,1904,11.4496,701,170717.67,0
202408,RO,Rondônia,complicacoes_puerperais,outras_complicacoes_puerperais,7,1904,0.3676,18,2230.50,0
202408,RO,Rondônia,complicacoes_vasculares,complicacoes_venosas,2,1904,0.105,11,303.14,0
202408,RO,Rondônia,desfecho_abortivo,gestacao_com_desfecho_abortivo,163,1904,8.5609,237,37930.33,0
202408,RO,Rondônia,disturbios_metabolicos,diabetes_na_gestacao,105,1904,5.5147,377,86262.15,0
202408,RO,Rondônia,hemorragias,hemorragia_pos_parto,1,1904,0.0525,3,154.30,0
202408,RO,Rondônia,hemorragias,outras_hemorragias_obstetricas,55,1904,2.8887,96,14413.13,0
202408,RO,Rondônia,infeccoes,infeccao_geniturinaria_gestacao,83,1904,4.3592,191,12142.16,0
202408,RO,Rondônia,infeccoes,infeccao_puerperal,10,1904,0.5252,35,2153.09,0
202408,RO,Rondônia,outras_condicoes_maternas,doencas_classificadas_em_outros_capitulos,50,1904,2.6261,149,12534.81,0
202408,RO,Rondônia,outras_condicoes_maternas,edema_proteinuria_sem_hipertensao,1,1904,0.0525,2,110.24,0
202408,RO,Rondônia,outras_condicoes_maternas,outras_condicoes_da_gestacao,17,1904,0.8929,39,2236.18,0
202408,RO,Rondônia,transtornos_hipertensivos,eclampsia,3,1904,0.1576,6,358.22,0
202408,RO,Rondônia,transtornos_hipertensivos,hipertensao_gestacional,12,1904,0.6303,40,11898.34,0
202408,RO,Rondônia,transtornos_hipertensivos,outros_hipertensivos,19,1904,0.9979,48,8084.09,0
202408,RO,Rondônia,transtornos_hipertensivos,pre_eclampsia,19,1904,0.9979,88,25401.40,0
202408,RR,Roraima,complicacoes_anestesicas,anestesia_obstetrica,4,835,0.479,11,1238.13,0
202408,RR,Roraima,complicacoes_gestacao,liquido_membranas_ou_placenta,29,835,3.4731,88,26415.42,0
202408,RR,Roraima,complicacoes_parto,trabalho_de_parto_ou_parto,73,835,8.7425,285,77209.69,0
202408,RR,Roraima,complicacoes_puerperais,outras_complicacoes_puerperais,4,835,0.479,10,836.60,0
202408,RR,Roraima,desfecho_abortivo,gestacao_com_desfecho_abortivo,38,835,4.5509,97,9722.62,0
202408,RR,Roraima,disturbios_metabolicos,diabetes_na_gestacao,67,835,8.024,288,65079.08,0
202408,RR,Roraima,hemorragias,outras_hemorragias_obstetricas,21,835,2.515,74,11181.16,0
202408,RR,Roraima,infeccoes,infeccao_geniturinaria_gestacao,6,835,0.7186,43,1810.28,0
202408,RR,Roraima,infeccoes,infeccao_puerperal,10,835,1.1976,91,2697.17,0
202408,RR,Roraima,outras_condicoes_maternas,anemia_complicando_gestacao,2,835,0.2395,7,2251.88,0
202408,RR,Roraima,outras_condicoes_maternas,doencas_classificadas_em_outros_capitulos,22,835,2.6347,125,5035.20,0
202408,RR,Roraima,transtornos_hipertensivos,eclampsia,2,835,0.2395,1,2203.88,0
202408,RR,Roraima,transtornos_hipertensivos,hipertensao_gestacional,2,835,0.2395,11,327.98,0
202408,RR,Roraima,transtornos_hipertensivos,outros_hipertensivos,12,835,1.4371,43,12965.05,0
202408,RR,Roraima,transtornos_hipertensivos,pre_eclampsia,11,835,1.3174,35,12347.14,0
202408,RS,Rio Grande do Sul,complicacoes_anestesicas,anestesia_obstetrica,1,7902,0.0127,2,154.30,0
202408,RS,Rio Grande do Sul,complicacoes_gestacao,liquido_membranas_ou_placenta,334,7902,4.2268,1034,255605.61,0
202408,RS,Rio Grande do Sul,complicacoes_parto,trabalho_de_parto_ou_parto,1088,7902,13.7687,3187,793308.82,0
202408,RS,Rio Grande do Sul,complicacoes_puerperais,outras_complicacoes_puerperais,28,7902,0.3543,94,8129.27,0
202408,RS,Rio Grande do Sul,complicacoes_vasculares,complicacoes_venosas,9,7902,0.1139,44,2168.56,0
202408,RS,Rio Grande do Sul,desfecho_abortivo,gestacao_com_desfecho_abortivo,606,7902,7.6689,795,186874.05,2
202408,RS,Rio Grande do Sul,disturbios_metabolicos,diabetes_na_gestacao,192,7902,2.4298,971,90076.51,1
202408,RS,Rio Grande do Sul,hemorragias,hemorragia_pos_parto,6,7902,0.0759,10,1367.71,0
202408,RS,Rio Grande do Sul,hemorragias,outras_hemorragias_obstetricas,101,7902,1.2782,240,39216.06,0
202408,RS,Rio Grande do Sul,infeccoes,infeccao_geniturinaria_gestacao,106,7902,1.3414,558,24908.50,0
202408,RS,Rio Grande do Sul,infeccoes,infeccao_puerperal,48,7902,0.6074,247,14026.89,0
202408,RS,Rio Grande do Sul,outras_condicoes_maternas,anemia_complicando_gestacao,3,7902,0.038,5,535.55,0
202408,RS,Rio Grande do Sul,outras_condicoes_maternas,doencas_classificadas_em_outros_capitulos,273,7902,3.4548,1299,75738.70,0
202408,RS,Rio Grande do Sul,outras_condicoes_maternas,edema_proteinuria_sem_hipertensao,6,7902,0.0759,34,2399.68,0
202408,RS,Rio Grande do Sul,outras_condicoes_maternas,outras_condicoes_da_gestacao,48,7902,0.6074,259,14847.98,0
202408,RS,Rio Grande do Sul,transtornos_hipertensivos,eclampsia,58,7902,0.734,289,30458.87,0
202408,RS,Rio Grande do Sul,transtornos_hipertensivos,hipertensao_gestacional,82,7902,1.0377,372,49860.86,0
202408,RS,Rio Grande do Sul,transtornos_hipertensivos,outros_hipertensivos,126,7902,1.5945,630,93967.98,0
202408,RS,Rio Grande do Sul,transtornos_hipertensivos,pre_eclampsia,268,7902,3.3915,1583,156063.71,1
202408,SC,Santa Catarina,complicacoes_anestesicas,anestesia_obstetrica,5,6811,0.0734,3,935.23,0
202408,SC,Santa Catarina,complicacoes_gestacao,liquido_membranas_ou_placenta,163,6811,2.3932,414,124147.14,0
202408,SC,Santa Catarina,complicacoes_parto,trabalho_de_parto_ou_parto,841,6811,12.3477,2137,578178.79,1
202408,SC,Santa Catarina,complicacoes_puerperais,outras_complicacoes_puerperais,39,6811,0.5726,128,15467.66,0
202408,SC,Santa Catarina,complicacoes_vasculares,complicacoes_venosas,9,6811,0.1321,33,2857.59,0
202408,SC,Santa Catarina,desfecho_abortivo,gestacao_com_desfecho_abortivo,546,6811,8.0164,608,183272.74,0
202408,SC,Santa Catarina,disturbios_metabolicos,diabetes_na_gestacao,297,6811,4.3606,937,164642.10,0
202408,SC,Santa Catarina,hemorragias,hemorragia_pos_parto,11,6811,0.1615,19,3489.57,0
202408,SC,Santa Catarina,hemorragias,outras_hemorragias_obstetricas,98,6811,1.4388,251,35495.41,0
202408,SC,Santa Catarina,infeccoes,infeccao_geniturinaria_gestacao,114,6811,1.6738,407,24241.40,0
202408,SC,Santa Catarina,infeccoes,infeccao_puerperal,43,6811,0.6313,163,17790.61,1
202408,SC,Santa Catarina,outras_condicoes_maternas,anemia_complicando_gestacao,2,6811,0.0294,3,873.89,0
202408,SC,Santa Catarina,outras_condicoes_maternas,doencas_classificadas_em_outros_capitulos,228,6811,3.3475,701,73329.94,1
202408,SC,Santa Catarina,outras_condicoes_maternas,edema_proteinuria_sem_hipertensao,7,6811,0.1028,34,2490.79,0
202408,SC,Santa Catarina,outras_condicoes_maternas,outras_condicoes_da_gestacao,46,6811,0.6754,139,8987.84,0
202408,SC,Santa Catarina,transtornos_hipertensivos,eclampsia,15,6811,0.2202,69,26643.18,0
202408,SC,Santa Catarina,transtornos_hipertensivos,hipertensao_gestacional,87,6811,1.2773,262,53917.70,0
202408,SC,Santa Catarina,transtornos_hipertensivos,outros_hipertensivos,91,6811,1.3361,262,62316.58,0
202408,SC,Santa Catarina,transtornos_hipertensivos,pre_eclampsia,149,6811,2.1876,735,121832.42,0
202408,SE,Sergipe,complicacoes_anestesicas,anestesia_obstetrica,2,2042,0.0979,3,332.60,0
202408,SE,Sergipe,complicacoes_gestacao,liquido_membranas_ou_placenta,36,2042,1.763,90,27308.04,0
202408,SE,Sergipe,complicacoes_parto,trabalho_de_parto_ou_parto,340,2042,16.6503,660,171841.97,0
202408,SE,Sergipe,complicacoes_puerperais,outras_complicacoes_puerperais,16,2042,0.7835,85,4243.29,0
202408,SE,Sergipe,complicacoes_vasculares,complicacoes_venosas,1,2042,0.049,8,218.30,0
202408,SE,Sergipe,desfecho_abortivo,gestacao_com_desfecho_abortivo,153,2042,7.4927,258,41486.84,0
202408,SE,Sergipe,disturbios_metabolicos,diabetes_na_gestacao,60,2042,2.9383,303,37851.27,0
202408,SE,Sergipe,hemorragias,hemorragia_pos_parto,3,2042,0.1469,15,977.28,0
202408,SE,Sergipe,hemorragias,outras_hemorragias_obstetricas,17,2042,0.8325,61,11995.04,0
202408,SE,Sergipe,infeccoes,infeccao_geniturinaria_gestacao,5,2042,0.2449,25,820.80,0
202408,SE,Sergipe,infeccoes,infeccao_puerperal,16,2042,0.7835,92,4628.64,0
202408,SE,Sergipe,outras_condicoes_maternas,anemia_complicando_gestacao,1,2042,0.049,2,192.34,0
202408,SE,Sergipe,outras_condicoes_maternas,doencas_classificadas_em_outros_capitulos,17,2042,0.8325,143,8639.26,0
202408,SE,Sergipe,outras_condicoes_maternas,outras_condicoes_da_gestacao,7,2042,0.3428,39,1110.32,0
202408,SE,Sergipe,transtornos_hipertensivos,eclampsia,4,2042,0.1959,22,5953.71,0
202408,SE,Sergipe,transtornos_hipertensivos,hipertensao_gestacional,10,2042,0.4897,33,7214.50,0
202408,SE,Sergipe,transtornos_hipertensivos,outros_hipertensivos,32,2042,1.5671,127,17891.10,0
202408,SE,Sergipe,transtornos_hipertensivos,pre_eclampsia,52,2042,2.5465,234,36168.04,0
202408,SP,São Paulo,complicacoes_anestesicas,anestesia_obstetrica,27,29776,0.0907,44,5591.70,0
202408,SP,São Paulo,complicacoes_gestacao,liquido_membranas_ou_placenta,1042,29776,3.4995,3258,794687.37,0
202408,SP,São Paulo,complicacoes_parto,trabalho_de_parto_ou_parto,3490,29776,11.7208,9655,2402134.01,4
202408,SP,São Paulo,complicacoes_puerperais,outras_complicacoes_puerperais,106,29776,0.356,405,38087.66,0
202408,SP,São Paulo,complicacoes_vasculares,complicacoes_venosas,20,29776,0.0672,80,5304.72,0
202408,SP,São Paulo,desfecho_abortivo,gestacao_com_desfecho_abortivo,2350,29776,7.8923,3757,705511.06,1
202408,SP,São Paulo,disturbios_metabolicos,diabetes_na_gestacao,1101,29776,3.6976,3948,571740.90,0
202408,SP,São Paulo,hemorragias,hemorragia_pos_parto,37,29776,0.1243,102,24707.82,1
202408,SP,São Paulo,hemorragias,outras_hemorragias_obstetricas,783,29776,2.6296,1287,215042.73,2
202408,SP,São Paulo,infeccoes,infeccao_geniturinaria_gestacao,384,29776,1.2896,1615,79211.91,0
202408,SP,São Paulo,infeccoes,infeccao_puerperal,171,29776,0.5743,828,72829.87,0
202408,SP,São Paulo,outras_condicoes_maternas,anemia_complicando_gestacao,12,29776,0.0403,37,4847.79,0
202408,SP,São Paulo,outras_condicoes_maternas,doencas_classificadas_em_outros_capitulos,598,29776,2.0083,1879,227491.77,2
202408,SP,São Paulo,outras_condicoes_maternas,edema_proteinuria_sem_hipertensao,8,29776,0.0269,25,1340.49,0
202408,SP,São Paulo,outras_condicoes_maternas,outras_condicoes_da_gestacao,274,29776,0.9202,954,81797.03,0
202408,SP,São Paulo,transtornos_hipertensivos,eclampsia,92,29776,0.309,530,94047.01,0
202408,SP,São Paulo,transtornos_hipertensivos,hipertensao_gestacional,442,29776,1.4844,1485,268196.20,0
202408,SP,São Paulo,transtornos_hipertensivos,outros_hipertensivos,295,29776,0.9907,1202,245102.43,0
202408,SP,São Paulo,transtornos_hipertensivos,pre_eclampsia,691,29776,2.3207,2821,646014.81,1
202408,TO,Tocantins,complicacoes_gestacao,liquido_membranas_ou_placenta,47,1848,2.5433,115,34971.27,0
202408,TO,Tocantins,complicacoes_parto,trabalho_de_parto_ou_parto,383,1848,20.7251,1043,297374.13,0
202408,TO,Tocantins,complicacoes_puerperais,outras_complicacoes_puerperais,36,1848,1.9481,148,6879.53,0
202408,TO,Tocantins,complicacoes_vasculares,complicacoes_venosas,1,1848,0.0541,2,126.24,0
202408,TO,Tocantins,desfecho_abortivo,gestacao_com_desfecho_abortivo,132,1848,7.1429,274,36947.99,0
202408,TO,Tocantins,disturbios_metabolicos,diabetes_na_gestacao,60,1848,3.2468,138,27715.57,0
202408,TO,Tocantins,hemorragias,hemorragia_pos_parto,1,1848,0.0541,0,123.99,1
202408,TO,Tocantins,hemorragias,outras_hemorragias_obstetricas,41,1848,2.2186,103,14899.40,0
202408,TO,Tocantins,infeccoes,infeccao_geniturinaria_gestacao,19,1848,1.0281,48,2482.02,0
202408,TO,Tocantins,infeccoes,infeccao_puerperal,8,1848,0.4329,30,2474.39,0
202408,TO,Tocantins,outras_condicoes_maternas,doencas_classificadas_em_outros_capitulos,34,1848,1.8398,162,9828.29,0
202408,TO,Tocantins,outras_condicoes_maternas,outras_condicoes_da_gestacao,12,1848,0.6494,37,1688.07,0
202408,TO,Tocantins,transtornos_hipertensivos,eclampsia,2,1848,0.1082,5,2801.93,0
202408,TO,Tocantins,transtornos_hipertensivos,hipertensao_gestacional,41,1848,2.2186,113,24312.04,0
202408,TO,Tocantins,transtornos_hipertensivos,outros_hipertensivos,8,1848,0.4329,29,3756.20,0
202408,TO,Tocantins,transtornos_hipertensivos,pre_eclampsia,67,1848,3.6255,249,55846.00,0
202409,AC,Acre,complicacoes_anestesicas,anestesia_obstetrica,2,1073,0.1864,3,745.12,0
202409,AC,Acre,complicacoes_gestacao,liquido_membranas_ou_placenta,24,1073,2.2367,68,21068.29,0
202409,AC,Acre,complicacoes_parto,trabalho_de_parto_ou_parto,125,1073,11.6496,400,97682.60,0
202409,AC,Acre,complicacoes_puerperais,outras_complicacoes_puerperais,8,1073,0.7456,22,1135.85,0
202409,AC,Acre,desfecho_abortivo,gestacao_com_desfecho_abortivo,115,1073,10.7176,116,23996.24,0
202409,AC,Acre,disturbios_metabolicos,diabetes_na_gestacao,36,1073,3.3551,151,33943.94,0
202409,AC,Acre,hemorragias,hemorragia_pos_parto,1,1073,0.0932,0,1372.34,0
202409,AC,Acre,hemorragias,outras_hemorragias_obstetricas,14,1073,1.3048,40,7297.61,0
202409,AC,Acre,infeccoes,infeccao_geniturinaria_gestacao,10,1073,0.932,25,1390.20,0
202409,AC,Acre,infeccoes,infeccao_puerperal,13,1073,1.2116,71,2775.19,0
202409,AC,Acre,outras_condicoes_maternas,doencas_classificadas_em_outros_capitulos,37,1073,3.4483,140,10313.15,0
202409,AC,Acre,outras_condicoes_maternas,outras_condicoes_da_gestacao,7,1073,0.6524,22,971.18,0
202409,AC,Acre,transtornos_hipertensivos,hipertensao_gestacional,8,1073,0.7456,22,5990.69,0
202409,AC,Acre,transtornos_hipertensivos,outros_hipertensivos,5,1073,0.466,18,4623.19,0
202409,AC,Acre,transtornos_hipertensivos,pre_eclampsia,39,1073,3.6347,161,30640.09,0
202409,AL,Alagoas,complicacoes_anestesicas,anestesia_obstetrica,1,3433,0.0291,5,194.30,0
202409,AL,Alagoas,complicacoes_gestacao,liquido_membranas_ou_placenta,210,3433,6.1171,481,160269.22,0
202409,AL,Alagoas,complicacoes_parto,trabalho_de_parto_ou_parto,335,3433,9.7582,968,234520.85,0
202409,AL,Alagoas,complicacoes_puerperais,outras_complicacoes_puerperais,103,3433,3.0003,242,13041.01,0
202409,AL,Alagoas,complicacoes_vasculares,complicacoes_venosas,4,3433,0.1165,95,2375.78,0
202409,AL,Alagoas,desfecho_abortivo,gestacao_com_desfecho_abortivo,234,3433,6.8162,546,63127.70,0
202409,AL,Alagoas,disturbios_metabolicos,diabetes_na_gestacao,53,3433,1.5438,348,41799.87,0
202409,AL,Alagoas,hemorragias,hemorragia_pos_parto,1,3433,0.0291,1,180.62,0
202409,AL,Alagoas,hemorragias,outras_hemorragias_obstetricas,38,3433,1.1069,108,28248.87,0
202409,AL,Alagoas,infeccoes,infeccao_geniturinaria_gestacao,55,3433,1.6021,331,19361.19,0
202409,AL,Alagoas,infeccoes,infeccao_puerperal,37,3433,1.0778,207,11895.03,0
202409,AL,Alagoas,outras_condicoes_maternas,anemia_complicando_gestacao,3,3433,0.0874,8,401.32,0
202409,AL,Alagoas,outras_condicoes_maternas,doencas_classificadas_em_outros_capitulos,103,3433,3.0003,569,48978.69,0
202409,AL,Alagoas,outras_condicoes_maternas,edema_proteinuria_sem_hipertensao,1,3433,0.0291,6,711.71,0
202409,AL,Alagoas,outras_condicoes_maternas,outras_condicoes_da_gestacao,14,3433,0.4078,85,5152.45,0
202409,AL,Alagoas,transtornos_hipertensivos,eclampsia,14,3433,0.4078,42,13248.36,0
202409,AL,Alagoas,transtornos_hipertensivos,hipertensao_gestacional,21,3433,0.6117,100,13672.14,0
202409,AL,Alagoas,transtornos_hipertensivos,outros_hipertensivos,31,3433,0.903,152,26135.81,0
202409,AL,Alagoas,transtornos_hipertensivos,pre_eclampsia,123,3433,3.5829,428,115210.90,0
202409,AM,Amazonas,complicacoes_anestesicas,anestesia_obstetrica,1,5085,0.0197,9,529.30,0
202409,AM,Amazonas,complicacoes_gestacao,liquido_membranas_ou_placenta,110,5085,2.1632,446,99008.61,0
202409,AM,Amazonas,complicacoes_parto,trabalho_de_parto_ou_parto,457,5085,8.9872,1439,352036.29,0
202409,AM,Amazonas,complicacoes_puerperais,outras_complicacoes_puerperais,35,5085,0.6883,261,61172.61,0
202409,AM,Amazonas,complicacoes_vasculares,complicacoes_venosas,6,5085,0.118,37,1476.56,0
202409,AM,Amazonas,desfecho_abortivo,gestacao_com_desfecho_abortivo,372,5085,7.3156,747,102419.21,0
202409,AM,Amazonas,disturbios_metabolicos,diabetes_na_gestacao,16,5085,0.3147,93,15468.43,0
202409,AM,Amazonas,hemorragias,hemorragia_pos_parto,1,5085,0.0197,9,400.24,0
202409,AM,Amazonas,hemorragias,outras_hemorragias_obstetricas,112,5085,2.2026,307,25425.72,0
202409,AM,Amazonas,infeccoes,infeccao_geniturinaria_gestacao,231,5085,4.5428,861,31633.79,0
202409,AM,Amazonas,infeccoes,infeccao_puerperal,43,5085,0.8456,292,12363.99,0
202409,AM,Amazonas,outras_condicoes_maternas,anemia_complicando_gestacao,2,5085,0.0393,4,259.68,0
202409,AM,Amazonas,outras_condicoes_maternas,doencas_classificadas_em_outros_capitulos,63,5085,1.2389,220,19436.51,0
202409,AM,Amazonas,outras_condicoes_maternas,edema_proteinuria_sem_hipertensao,1,5085,0.0197,2,109.24,0
202409,AM,Amazonas,outras_condicoes_maternas,outras_condicoes_da_gestacao,9,5085,0.177,38,1365.88,0
202409,AM,Amazonas,transtornos_hipertensivos,eclampsia,3,5085,0.059,5,771.83,0
202409,AM,Amazonas,transtornos_hipertensivos,hipertensao_gestacional,12,5085,0.236,48,5313.41,0
202409,AM,Amazonas,transtornos_hipertensivos,outros_hipertensivos,12,5085,0.236,29,3833.28,0
202409,AM,Amazonas,transtornos_hipertensivos,pre_eclampsia,98,5085,1.9272,381,74793.02,0
202409,AP,Amapá,complicacoes_anestesicas,anestesia_obstetrica,2,1183,0.1691,4,340.60,0
202409,AP,Amapá,complicacoes_gestacao,liquido_membranas_ou_placenta,45,1183,3.8039,146,31618.36,0
202409,AP,Amapá,complicacoes_parto,trabalho_de_parto_ou_parto,134,1183,11.3271,490,80269.77,0
202409,AP,Amapá,complicacoes_puerperais,outras_complicacoes_puerperais,5,1183,0.4227,15,989.10,0
202409,AP,Amapá,desfecho_abortivo,gestacao_com_desfecho_abortivo,113,1183,9.552,227,27465.24,0
202409,AP,Amapá,disturbios_metabolicos,diabetes_na_gestacao,26,1183,2.1978,113,15543.70,0
202409,AP,Amapá,hemorragias,hemorragia_pos_parto,4,1183,0.3381,8,949.36,0
202409,AP,Amapá,hemorragias,outras_hemorragias_obstetricas,21,1183,1.7751,44,5698.22,0
202409,AP,Amapá,infeccoes,infeccao_geniturinaria_gestacao,30,1183,2.5359,154,4601.50,0
202409,AP,Amapá,infeccoes,infeccao_puerperal,18,1183,1.5216,112,5576.12,0
202409,AP,Amapá,outras_condicoes_maternas,anemia_complicando_gestacao,3,1183,0.2536,18,672.27,0
202409,AP,Amapá,outras_condicoes_maternas,doencas_classificadas_em_outros_capitulos,32,1183,2.705,180,6078.58,0
202409,AP,Amapá,outras_condicoes_maternas,outras_condicoes_da_gestacao,6,1183,0.5072,35,2218.73,0
202409,AP,Amapá,transtornos_hipertensivos,eclampsia,2,1183,0.1691,8,1277.24,0
202409,AP,Amapá,transtornos_hipertensivos,hipertensao_gestacional,26,1183,2.1978,102,16148.15,0
202409,AP,Amapá,transtornos_hipertensivos,outros_hipertensivos,27,1183,2.2823,217,18107.91,0
202409,AP,Amapá,transtornos_hipertensivos,pre_eclampsia,22,1183,1.8597,126,15942.76,0
202409,BA,Bahia,complicacoes_anestesicas,anestesia_obstetrica,9,12899,0.0698,28,2298.87,0
202409,BA,Bahia,complicacoes_gestacao,liquido_membranas_ou_placenta,309,12899,2.3955,907,224709.33,0
202409,BA,Bahia,complicacoes_parto,trabalho_de_parto_ou_parto,1109,12899,8.5976,2771,701032.69,1
202409,BA,Bahia,complicacoes_puerperais,outras_complicacoes_puerperais,115,12899,0.8915,531,90676.67,1
202409,BA,Bahia,complicacoes_vasculares,complicacoes_venosas,26,12899,0.2016,186,7767.82,0
202409,BA,Bahia,desfecho_abortivo,gestacao_com_desfecho_abortivo,1328,12899,10.2954,2613,365050.61,0
202409,BA,Bahia,disturbios_metabolicos,diabetes_na_gestacao,308,12899,2.3878,1481,174162.24,0
202409,BA,Bahia,hemorragias,hemorragia_pos_parto,17,12899,0.1318,57,16062.04,1
202409,BA,Bahia,hemorragias,outras_hemorragias_obstetricas,242,12899,1.8761,561,56193.56,0
202409,BA,Bahia,infeccoes,infeccao_geniturinaria_gestacao,201,12899,1.5583,739,34537.05,0
202409,BA,Bahia,infeccoes,infeccao_puerperal,91,12899,0.7055,458,29154.86,1
202409,BA,Bahia,outras_condicoes_maternas,anemia_complicando_gestacao,3,12899,0.0233,12,4889.52,0
202409,BA,Bahia,outras_condicoes_maternas,doencas_classificadas_em_outros_capitulos,591,12899,4.5818,2432,184859.22,0
202409,BA,Bahia,outras_condicoes_maternas,edema_proteinuria_sem_hipertensao,2,12899,0.0155,4,252.48,0
202409,BA,Bahia,outras_condicoes_maternas,outras_condicoes_da_gestacao,104,12899,0.8063,304,22026.70,0
202409,BA,Bahia,transtornos_hipertensivos,eclampsia,22,12899,0.1706,81,14043.85,0
202409,BA,Bahia,transtornos_hipertensivos,hipertensao_gestacional,210,12899,1.628,684,104253.55,0
202409,BA,Bahia,transtornos_hipertensivos,outros_hipertensivos,212,12899,1.6435,878,144951.46,0
202409,BA,Bahia,transtornos_hipertensivos,pre_eclampsia,225,12899,1.7443,998,169336.45,0
202409,CE,Ceará,complicacoes_anestesicas,anestesia_obstetrica,4,8299,0.0482,24,909.50,0
202409,CE,Ceará,complicacoes_gestacao,liquido_membranas_ou_placenta,467,8299,5.6272,1595,333450.09,0
202409,CE,Ceará,complicacoes_parto,trabalho_de_parto_ou_parto,887,8299,10.688,2070,545360.38,0
202409,CE,Ceará,complicacoes_puerperais,outras_complicacoes_puerperais,33,8299,0.3976,123,17274.36,0
202409,CE,Ceará,complicacoes_vasculares,complicacoes_venosas,7,8299,0.0843,41,3293.74,0
202409,CE,Ceará,desfecho_abortivo,gestacao_com_desfecho_abortivo,796,8299,9.5915,1336,178684.37,0
202409,CE,Ceará,disturbios_metabolicos,diabetes_na_gestacao,265,8299,3.1932,1223,167623.10,0
202409,CE,Ceará,hemorragias,hemorragia_pos_parto,3,8299,0.0361,14,8953.01,1
202409,CE,Ceará,hemorragias,outras_hemorragias_obstetricas,157,8299,1.8918,289,41671.54,0
202409,CE,Ceará,infeccoes,infeccao_geniturinaria_gestacao,162,8299,1.952,795,28581.66,0
202409,CE,Ceará,infeccoes,infeccao_puerperal,64,8299,0.7712,346,17086.35,0
202409,CE,Ceará,outras_condicoes_maternas,anemia_complicando_gestacao,3,8299,0.0361,7,417.12,0
202409,CE,Ceará,outras_condicoes_maternas,doencas_classificadas_em_outros_capitulos,300,8299,3.6149,1343,117452.36,0
202409,CE,Ceará,outras_condicoes_maternas,edema_proteinuria_sem_hipertensao,5,8299,0.0602,8,2837.43,0
202409,CE,Ceará,outras_condicoes_maternas,outras_condicoes_da_gestacao,50,8299,0.6025,165,19922.17,0
202409,CE,Ceará,transtornos_hipertensivos,eclampsia,25,8299,0.3012,57,9785.71,0
202409,CE,Ceará,transtornos_hipertensivos,hipertensao_gestacional,122,8299,1.4701,354,75844.87,0
202409,CE,Ceará,transtornos_hipertensivos,outros_hipertensivos,78,8299,0.9399,244,53580.61,0
202409,CE,Ceará,transtornos_hipertensivos,pre_eclampsia,506,8299,6.0971,2014,371441.57,0
202409,DF,Distrito Federal,complicacoes_anestesicas,anestesia_obstetrica,10,2627,0.3807,38,2225.87,0
202409,DF,Distrito Federal,complicacoes_gestacao,liquido_membranas_ou_placenta,88,2627,3.3498,312,60665.84,0
202409,DF,Distrito Federal,complicacoes_parto,trabalho_de_parto_ou_parto,637,2627,24.2482,1722,287640.32,0
202409,DF,Distrito Federal,complicacoes_puerperais,outras_complicacoes_puerperais,43,2627,1.6368,156,17145.64,0
202409,DF,Distrito Federal,complicacoes_vasculares,complicacoes_venosas,2,2627,0.0761,13,454.01,0
202409,DF,Distrito Federal,desfecho_abortivo,gestacao_com_desfecho_abortivo,209,2627,7.9558,239,43761.72,0
202409,DF,Distrito Federal,disturbios_metabolicos,diabetes_na_gestacao,76,2627,2.893,358,38256.98,0
202409,DF,Distrito Federal,hemorragias,hemorragia_pos_parto,4,2627,0.1523,12,847.40,0
202409,DF,Distrito Federal,hemorragias,outras_hemorragias_obstetricas,45,2627,1.713,94,15823.43,0
202409,DF,Distrito Federal,infeccoes,infeccao_geniturinaria_gestacao,38,2627,1.4465,126,5570.37,0
202409,DF,Distrito Federal,infeccoes,infeccao_puerperal,23,2627,0.8755,120,6715.21,0
202409,DF,Distrito Federal,outras_condicoes_maternas,anemia_complicando_gestacao,1,2627,0.0381,0,117.24,0
202409,DF,Distrito Federal,outras_condicoes_maternas,doencas_classificadas_em_outros_capitulos,117,2627,4.4537,351,30852.26,1
202409,DF,Distrito Federal,outras_condicoes_maternas,edema_proteinuria_sem_hipertensao,1,2627,0.0381,11,332.97,0
202409,DF,Distrito Federal,outras_condicoes_maternas,outras_condicoes_da_gestacao,38,2627,1.4465,133,10950.38,0
202409,DF,Distrito Federal,transtornos_hipertensivos,eclampsia,2,2627,0.0761,6,263.98,0
202409,DF,Distrito Federal,transtornos_hipertensivos,hipertensao_gestacional,63,2627,2.3982,235,30838.46,0
202409,DF,Distrito Federal,transtornos_hipertensivos,outros_hipertensivos,19,2627,0.7233,80,11243.85,0
202409,DF,Distrito Federal,transtornos_hipertensivos,pre_eclampsia,48,2627,1.8272,223,28908.87,1
202409,ES,Espírito Santo,complicacoes_anestesicas,anestesia_obstetrica,5,2981,0.1677,13,839.91,0
202409,ES,Espírito Santo,complicacoes_gestacao,liquido_membranas_ou_placenta,159,2981,5.3338,511,124032.46,0
202409,ES,Espírito Santo,complicacoes_parto,trabalho_de_parto_ou_parto,394,2981,13.217,1015,238196.72,0
202409,ES,Espírito Santo,complicacoes_puerperais,outras_complicacoes_puerperais,23,2981,0.7716,80,10691.64,0
202409,ES,Espírito Santo,complicacoes_vasculares,complicacoes_venosas,1,2981,0.0335,1,117.24,0
202409,ES,Espírito Santo,desfecho_abortivo,gestacao_com_desfecho_abortivo,196,2981,6.575,356,56199.13,0
202409,ES,Espírito Santo,disturbios_metabolicos,diabetes_na_gestacao,133,2981,4.4616,559,101599.79,0
202409,ES,Espírito Santo,hemorragias,hemorragia_pos_parto,5,2981,0.1677,12,2197.96,0
202409,ES,Espírito Santo,hemorragias,outras_hemorragias_obstetricas,42,2981,1.4089,109,11971.03,0
202409,ES,Espírito Santo,infeccoes,infeccao_geniturinaria_gestacao,35,2981,1.1741,172,6635.70,0
202409,ES,Espírito Santo,infeccoes,infeccao_puerperal,29,2981,0.9728,123,7505.14,0
202409,ES,Espírito Santo,outras_condicoes_maternas,anemia_complicando_gestacao,2,2981,0.0671,4,1279.26,0
202409,ES,Espírito Santo,outras_condicoes_maternas,doencas_classificadas_em_outros_capitulos,84,2981,2.8178,368,34576.09,1
202409,ES,Espírito Santo,outras_condicoes_maternas,outras_condicoes_da_gestacao,35,2981,1.1741,133,6993.61,0
202409,ES,Espírito Santo,transtornos_hipertensivos,eclampsia,7,2981,0.2348,23,7587.32,0
202409,ES,Espírito Santo,transtornos_hipertensivos,hipertensao_gestacional,42,2981,1.4089,133,33822.79,0
202409,ES,Espírito Santo,transtornos_hipertensivos,outros_hipertensivos,195,2981,6.5414,546,210652.08,1
202409,ES,Espírito Santo,transtornos_hipertensivos,pre_eclampsia,22,2981,0.738,108,33652.43,0
202409,GO,Goiás,complicacoes_anestesicas,anestesia_obstetrica,11,5459,0.2015,37,3046.97,0
202409,GO,Goiás,complicacoes_gestacao,liquido_membranas_ou_placenta,184,5459,3.3706,485,135561.04,0
202409,GO,Goiás,complicacoes_parto,trabalho_de_parto_ou_parto,611,5459,11.1925,1685,340496.74,0
202409,GO,Goiás,complicacoes_puerperais,outras_complicacoes_puerperais,41,5459,0.7511,132,13352.38,0
202409,GO,Goiás,complicacoes_vasculares,complicacoes_venosas,9,5459,0.1649,26,3104.22,0
202409,GO,Goiás,desfecho_abortivo,gestacao_com_desfecho_abortivo,427,5459,7.8219,651,122676.98,0
202409,GO,Goiás,disturbios_metabolicos,diabetes_na_gestacao,109,5459,1.9967,394,67079.35,0
202409,GO,Goiás,hemorragias,hemorragia_pos_parto,2,5459,0.0366,6,1258.51,0
202409,GO,Goiás,hemorragias,outras_hemorragias_obstetricas,141,5459,2.5829,372,42885.10,0
202409,GO,Goiás,infeccoes,infeccao_geniturinaria_gestacao,68,5459,1.2456,214,12655.02,0
202409,GO,Goiás,infeccoes,infeccao_puerperal,28,5459,0.5129,127,6512.66,0
202409,GO,Goiás,outras_condicoes_maternas,anemia_complicando_gestacao,2,5459,0.0366,4,177.46,0
202409,GO,Goiás,outras_condicoes_maternas,doencas_classificadas_em_outros_capitulos,292,5459,5.349,1206,137874.94,0
202409,GO,Goiás,outras_condicoes_maternas,edema_proteinuria_sem_hipertensao,1,5459,0.0183,7,222.35,0
202409,GO,Goiás,outras_condicoes_maternas,outras_condicoes_da_gestacao,37,5459,0.6778,97,14638.83,0
202409,GO,Goiás,transtornos_hipertensivos,eclampsia,20,5459,0.3664,75,9867.82,0
202409,GO,Goiás,transtornos_hipertensivos,hipertensao_gestacional,38,5459,0.6961,171,22735.51,0
202409,GO,Goiás,transtornos_hipertensivos,outros_hipertensivos,105,5459,1.9234,445,93817.32,1
202409,GO,Goiás,transtornos_hipertensivos,pre_eclampsia,121,5459,2.2165,404,91002.58,0
202409,MA,Maranhão,complicacoes_anestesicas,anestesia_obstetrica,14,7663,0.1827,38,3470.04,0
202409,MA,Maranhão,complicacoes_gestacao,liquido_membranas_ou_placenta,337,7663,4.3978,1187,254327.22,0
202409,MA,Maranhão,complicacoes_parto,trabalho_de_parto_ou_parto,1035,7663,13.5065,3155,755039.34,0
202409,MA,Maranhão,complicacoes_puerperais,outras_complicacoes_puerperais,14,7663,0.1827,58,3406.57,0
202409,MA,Maranhão,complicacoes_vasculares,complicacoes_venosas,7,7663,0.0913,23,1986.04,0
202409,MA,Maranhão,desfecho_abortivo,gestacao_com_desfecho_abortivo,562,7663,7.3339,1157,138700.23,0
202409,MA,Maranhão,disturbios_metabolicos,diabetes_na_gestacao,112,7663,1.4616,608,89936.20,0
202409,MA,Maranhão,hemorragias,hemorragia_pos_parto,8,7663,0.1044,32,3212.74,0
202409,MA,Maranhão,hemorragias,outras_hemorragias_obstetricas,108,7663,1.4094,280,36853.48,0
202409,MA,Maranhão,infeccoes,infeccao_geniturinaria_gestacao,63,7663,0.8221,268,14720.09,0
202409,MA,Maranhão,infeccoes,infeccao_puerperal,38,7663,0.4959,216,13590.43,0
202409,MA,Maranhão,outras_condicoes_maternas,anemia_complicando_gestacao,4,7663,0.0522,10,1507.76,0
202409,MA,Maranhão,outras_condicoes_maternas,doencas_classificadas_em_outros_capitulos,43,7663,0.5611,145,8076.36,0
202409,MA,Maranhão,outras_condicoes_maternas,edema_proteinuria_sem_hipertensao,1,7663,0.013,4,1190.24,0
202409,MA,Maranhão,outras_condicoes_maternas,outras_condicoes_da_gestacao,50,7663,0.6525,131,10641.71,0
202409,MA,Maranhão,transtornos_hipertensivos,eclampsia,20,7663,0.261,67,9366.16,0
202409,MA,Maranhão,transtornos_hipertensivos,hipertensao_gestacional,66,7663,0.8613,269,47058.22,0
202409,MA,Maranhão,transtornos_hipertensivos,outros_hipertensivos,126,7663,1.6443,510,94360.73,0
202409,MA,Maranhão,transtornos_hipertensivos,pre_eclampsia,187,7663,2.4403,801,138339.66,0
202409,MG,Minas Gerais,complicacoes_anestesicas,anestesia_obstetrica,6,14519,0.0413,19,1350.43,0
202409,MG,Minas Gerais,complicacoes_gestacao,liquido_membranas_ou_placenta,381,14519,2.6241,1022,308244.92,0
202409,MG,Minas Gerais,complicacoes_parto,trabalho_de_parto_ou_parto,922,14519,6.3503,2123,551202.94,0
202409,MG,Minas Gerais,complicacoes_puerperais,outras_complicacoes_puerperais,65,14519,0.4477,157,16258.14,0
202409,MG,Minas Gerais,complicacoes_vasculares,complicacoes_venosas,25,14519,0.1722,80,6539.89,0
202409,MG,Minas Gerais,desfecho_abortivo,gestacao_com_desfecho_abortivo,1275,14519,8.7816,1864,408806.49,2
202409,MG,Minas Gerais,disturbios_metabolicos,diabetes_na_gestacao,334,14519,2.3004,1189,217903.43,0
202409,MG,Minas Gerais,hemorragias,hemorragia_pos_parto,29,14519,0.1997,67,10973.49,0
202409,MG,Minas Gerais,hemorragias,outras_hemorragias_obstetricas,346,14519,2.3831,605,96700.64,1
202409,MG,Minas Gerais,infeccoes,infeccao_geniturinaria_gestacao,173,14519,1.1915,570,31506.26,0
202409,MG,Minas Gerais,infeccoes,infeccao_puerperal,75,14519,0.5166,278,24858.73,0
202409,MG,Minas Gerais,outras_condicoes_maternas,anemia_complicando_gestacao,9,14519,0.062,37,2816.96,0
202409,MG,Minas Gerais,outras_condicoes_maternas,doencas_classificadas_em_outros_capitulos,334,14519,2.3004,992,116911.86,0
202409,MG,Minas Gerais,outras_condicoes_maternas,edema_proteinuria_sem_hipertensao,4,14519,0.0276,5,706.90,0
202409,MG,Minas Gerais,outras_condicoes_maternas,outras_condicoes_da_gestacao,155,14519,1.0676,428,50322.54,0
202409,MG,Minas Gerais,transtornos_hipertensivos,eclampsia,33,14519,0.2273,104,22660.58,0
202409,MG,Minas Gerais,transtornos_hipertensivos,hipertensao_gestacional,109,14519,0.7507,360,68390.52,0
202409,MG,Minas Gerais,transtornos_hipertensivos,outros_hipertensivos,248,14519,1.7081,702,220583.43,0
202409,MG,Minas Gerais,transtornos_hipertensivos,pre_eclampsia,323,14519,2.2247,1280,261065.62,0
202409,MS,Mato Grosso do Sul,complicacoes_anestesicas,anestesia_obstetrica,4,2990,0.1338,5,756.54,0
202409,MS,Mato Grosso do Sul,complicacoes_gestacao,liquido_membranas_ou_placenta,136,2990,4.5485,421,96837.49,0
202409,MS,Mato Grosso do Sul,complicacoes_parto,trabalho_de_parto_ou_parto,342,2990,11.4381,829,191112.19,0
202409,MS,Mato Grosso do Sul,complicacoes_puerperais,outras_complicacoes_puerperais,10,2990,0.3344,31,5802.71,0
202409,MS,Mato Grosso do Sul,desfecho_abortivo,gestacao_com_desfecho_abortivo,246,2990,8.2274,405,63024.52,0
202409,MS,Mato Grosso do Sul,disturbios_metabolicos,diabetes_na_gestacao,95,2990,3.1773,376,72812.91,0
202409,MS,Mato Grosso do Sul,hemorragias,outras_hemorragias_obstetricas,85,2990,2.8428,205,17433.54,0
202409,MS,Mato Grosso do Sul,infeccoes,infeccao_geniturinaria_gestacao,87,2990,2.9097,334,16934.91,0
202409,MS,Mato Grosso do Sul,infeccoes,infeccao_puerperal,19,2990,0.6355,98,7427.89,0
202409,MS,Mato Grosso do Sul,outras_condicoes_maternas,anemia_complicando_gestacao,2,2990,0.0669,6,2274.02,0
202409,MS,Mato Grosso do Sul,outras_condicoes_maternas,doencas_classificadas_em_outros_capitulos,190,2990,6.3545,696,81825.23,0
202409,MS,Mato Grosso do Sul,outras_condicoes_maternas,outras_condicoes_da_gestacao,12,2990,0.4013,32,2802.79,0
202409,MS,Mato Grosso do Sul,transtornos_hipertensivos,eclampsia,4,2990,0.1338,14,2700.83,0
202409,MS,Mato Grosso do Sul,transtornos_hipertensivos,hipertensao_gestacional,32,2990,1.0702,101,16122.50,0
202409,MS,Mato Grosso do Sul,transtornos_hipertensivos,outros_hipertensivos,85,2990,2.8428,317,74624.48,0
202409,MS,Mato Grosso do Sul,transtornos_hipertensivos,pre_eclampsia,78,2990,2.6087,274,52767.66,1
202409,MT,Mato Grosso,complicacoes_anestesicas,anestesia_obstetrica,2,3982,0.0502,4,361.63,0
202409,MT,Mato Grosso,complicacoes_gestacao,liquido_membranas_ou_placenta,77,3982,1.9337,268,61722.82,0
202409,MT,Mato Grosso,complicacoes_parto,trabalho_de_parto_ou_parto,355,3982,8.9151,949,220706.27,0
202409,MT,Mato Grosso,complicacoes_puerperais,outras_complicacoes_puerperais,13,3982,0.3265,51,19321.54,0
202409,MT,Mato Grosso,complicacoes_vasculares,complicacoes_venosas,6,3982,0.1507,18,1323.03,0
202409,MT,Mato Grosso,desfecho_abortivo,gestacao_com_desfecho_abortivo,363,3982,9.116,582,91515.65,0
202409,MT,Mato Grosso,disturbios_metabolicos,diabetes_na_gestacao,91,3982,2.2853,210,46111.06,0
202409,MT,Mato Grosso,hemorragias,hemorragia_pos_parto,3,3982,0.0753,6,802.15,0
202409,MT,Mato Grosso,hemorragias,outras_hemorragias_obstetricas,117,3982,2.9382,281,22985.72,0
202409,MT,Mato Grosso,infeccoes,infeccao_geniturinaria_gestacao,71,3982,1.783,207,10979.18,0
202409,MT,Mato Grosso,infeccoes,infeccao_puerperal,15,3982,0.3767,69,7019.83,0
202409,MT,Mato Grosso,outras_condicoes_maternas,anemia_complicando_gestacao,2,3982,0.0502,7,347.84,0
202409,MT,Mato Grosso,outras_condicoes_maternas,doencas_classificadas_em_outros_capitulos,133,3982,3.34,419,30784.28,0
202409,MT,Mato Grosso,outras_condicoes_maternas,edema_proteinuria_sem_hipertensao,1,3982,0.0251,1,133.44,0
202409,MT,Mato Grosso,outras_condicoes_maternas,outras_condicoes_da_gestacao,19,3982,0.4771,55,2828.63,0
202409,MT,Mato Grosso,transtornos_hipertensivos,eclampsia,5,3982,0.1256,14,4118.47,0
202409,MT,Mato Grosso,transtornos_hipertensivos,hipertensao_gestacional,54,3982,1.3561,170,35583.32,0
202409,MT,Mato Grosso,transtornos_hipertensivos,outros_hipertensivos,34,3982,0.8538,89,26845.89,0
202409,MT,Mato Grosso,transtornos_hipertensivos,pre_eclampsia,66,3982,1.6575,204,38787.24,0
202409,PA,Pará,complicacoes_anestesicas,anestesia_obstetrica,5,10453,0.0478,6,697.58,0
202409,PA,Pará,complicacoes_gestacao,liquido_membranas_ou_placenta,425,10453,4.0658,1087,316658.09,1
202409,PA,Pará,complicacoes_parto,trabalho_de_parto_ou_parto,1999,10453,19.1237,5024,1406905.00,0
202409,PA,Pará,complicacoes_puerperais,outras_complicacoes_puerperais,40,10453,0.3827,211,35879.82,0
202409,PA,Pará,complicacoes_vasculares,complicacoes_venosas,5,10453,0.0478,14,774.30,0
202409,PA,Pará,desfecho_abortivo,gestacao_com_desfecho_abortivo,794,10453,7.5959,1545,191108.28,1
202409,PA,Pará,disturbios_metabolicos,diabetes_na_gestacao,57,10453,0.5453,228,32588.12,0
202409,PA,Pará,hemorragias,hemorragia_pos_parto,5,10453,0.0478,10,2433.65,0
202409,PA,Pará,hemorragias,outras_hemorragias_obstetricas,264,10453,2.5256,679,76766.82,0
202409,PA,Pará,infeccoes,infeccao_geniturinaria_gestacao,322,10453,3.0805,938,45316.22,0
202409,PA,Pará,infeccoes,infeccao_puerperal,71,10453,0.6792,391,37670.64,0
202409,PA,Pará,outras_condicoes_maternas,anemia_complicando_gestacao,6,10453,0.0574,12,878.64,0
202409,PA,Pará,outras_condicoes_maternas,doencas_classificadas_em_outros_capitulos,277,10453,2.65,1054,106148.05,0
202409,PA,Pará,outras_condicoes_maternas,edema_proteinuria_sem_hipertensao,9,10453,0.0861,23,3602.10,0
202409,PA,Pará,outras_condicoes_maternas,outras_condicoes_da_gestacao,29,10453,0.2774,117,11881.91,0
202409,PA,Pará,transtornos_hipertensivos,eclampsia,26,10453,0.2487,114,18262.61,0
202409,PA,Pará,transtornos_hipertensivos,hipertensao_gestacional,80,10453,0.7653,340,75622.38,0
202409,PA,Pará,transtornos_hipertensivos,outros_hipertensivos,52,10453,0.4975,168,34741.89,0
202409,PA,Pará,transtornos_hipertensivos,pre_eclampsia,374,10453,3.5779,1290,346086.57,0
202409,PB,Paraíba,complicacoes_anestesicas,anestesia_obstetrica,4,3783,0.1057,17,803.29,0
202409,PB,Paraíba,complicacoes_gestacao,liquido_membranas_ou_placenta,120,3783,3.1721,325,97527.93,0
202409,PB,Paraíba,complicacoes_parto,trabalho_de_parto_ou_parto,607,3783,16.0455,1576,538798.28,0
202409,PB,Paraíba,complicacoes_puerperais,outras_complicacoes_puerperais,38,3783,1.0045,174,16095.80,0
202409,PB,Paraíba,complicacoes_vasculares,complicacoes_venosas,4,3783,0.1057,70,37549.36,0
202409,PB,Paraíba,complicacoes_vasculares,embolia_obstetrica,1,3783,0.0264,20,2592.40,0
202409,PB,Paraíba,desfecho_abortivo,gestacao_com_desfecho_abortivo,348,3783,9.199,600,91302.75,0
202409,PB,Paraíba,disturbios_metabolicos,diabetes_na_gestacao,212,3783,5.604,863,181860.87,0
202409,PB,Paraíba,hemorragias,hemorragia_pos_parto,3,3783,0.0793,8,2396.06,0
202409,PB,Paraíba,hemorragias,outras_hemorragias_obstetricas,53,3783,1.401,223,29714.89,0
202409,PB,Paraíba,infeccoes,infeccao_geniturinaria_gestacao,41,3783,1.0838,237,20128.42,0
202409,PB,Paraíba,infeccoes,infeccao_puerperal,22,3783,0.5815,146,5374.72,0
202409,PB,Paraíba,outras_condicoes_maternas,anemia_complicando_gestacao,4,3783,0.1057,28,4997.95,0
202409,PB,Paraíba,outras_condicoes_maternas,doencas_classificadas_em_outros_capitulos,148,3783,3.9122,815,71574.32,0
202409,PB,Paraíba,outras_condicoes_maternas,outras_condicoes_da_gestacao,10,3783,0.2643,23,6357.92,0
202409,PB,Paraíba,transtornos_hipertensivos,eclampsia,39,3783,1.0309,190,73106.32,0
202409,PB,Paraíba,transtornos_hipertensivos,hipertensao_gestacional,56,3783,1.4803,163,50718.55,0
202409,PB,Paraíba,transtornos_hipertensivos,outros_hipertensivos,67,3783,1.7711,201,62035.23,0
202409,PB,Paraíba,transtornos_hipertensivos,pre_eclampsia,245,3783,6.4763,1017,261324.02,0
202409,PE,Pernambuco,complicacoes_anestesicas,anestesia_obstetrica,10,8585,0.1165,28,1661.95,0
202409,PE,Pernambuco,complicacoes_gestacao,liquido_membranas_ou_placenta,542,8585,6.3133,1306,377806.54,0
202409,PE,Pernambuco,complicacoes_parto,trabalho_de_parto_ou_parto,603,8585,7.0239,1463,291027.30,0
202409,PE,Pernambuco,complicacoes_puerperais,outras_complicacoes_puerperais,40,8585,0.4659,171,10665.47,0
202409,PE,Pernambuco,complicacoes_vasculares,complicacoes_venosas,2,8585,0.0233,9,341.58,0
202409,PE,Pernambuco,complicacoes_vasculares,embolia_obstetrica,1,8585,0.0116,1,167.07,0
202409,PE,Pernambuco,desfecho_abortivo,gestacao_com_desfecho_abortivo,691,8585,8.0489,1207,175100.23,0
202409,PE,Pernambuco,disturbios_metabolicos,diabetes_na_gestacao,308,8585,3.5877,1209,199766.17,0
202409,PE,Pernambuco,hemorragias,hemorragia_pos_parto,15,8585,0.1747,30,5955.45,0
202409,PE,Pernambuco,hemorragias,outras_hemorragias_obstetricas,61,8585,0.7105,163,21844.51,0
202409,PE,Pernambuco,infeccoes,infeccao_geniturinaria_gestacao,100,8585,1.1648,499,20314.85,0
202409,PE,Pernambuco,infeccoes,infeccao_puerperal,113,8585,1.3162,646,53480.59,1
202409,PE,Pernambuco,outras_condicoes_maternas,anemia_complicando_gestacao,7,8585,0.0815,40,2346.23,0
202409,PE,Pernambuco,outras_condicoes_maternas,doencas_classificadas_em_outros_capitulos,154,8585,1.7938,547,57544.64,0
202409,PE,Pernambuco,outras_condicoes_maternas,edema_proteinuria_sem_hipertensao,1,8585,0.0116,0,44.22,0
202409,PE,Pernambuco,outras_condicoes_maternas,outras_condicoes_da_gestacao,17,8585,0.198,74,9423.97,0
202409,PE,Pernambuco,transtornos_hipertensivos,eclampsia,7,8585,0.0815,31,8163.94,1
202409,PE,Pernambuco,transtornos_hipertensivos,hipertensao_gestacional,179,8585,2.085,557,105694.85,0
202409,PE,Pernambuco,transtornos_hipertensivos,outros_hipertensivos,267,8585,3.1101,794,240945.91,0
202409,PE,Pernambuco,transtornos_hipertensivos,pre_eclampsia,366,8585,4.2632,1420,302308.71,0
202409,PI,Piauí,complicacoes_anestesicas,anestesia_obstetrica,3,3495,0.0858,30,893.84,0
202409,PI,Piauí,complicacoes_gestacao,liquido_membranas_ou_placenta,125,3495,3.5765,427,105110.53,0
202409,PI,Piauí,complicacoes_parto,trabalho_de_parto_ou_parto,488,3495,13.9628,1367,293075.27,0
202409,PI,Piauí,complicacoes_puerperais,outras_complicacoes_puerperais,50,3495,1.4306,269,31339.11,0
202409,PI,Piauí,complicacoes_vasculares,complicacoes_venosas,1,3495,0.0286,1,157.84,0
202409,PI,Piauí,desfecho_abortivo,gestacao_com_desfecho_abortivo,256,3495,7.3247,504,66952.71,0
202409,PI,Piauí,disturbios_metabolicos,diabetes_na_gestacao,64,3495,1.8312,369,51225.17,0
202409,PI,Piauí,hemorragias,hemorragia_pos_parto,9,3495,0.2575,55,6063.87,0
202409,PI,Piauí,hemorragias,outras_hemorragias_obstetricas,52,3495,1.4878,113,16797.23,0
202409,PI,Piauí,infeccoes,infeccao_geniturinaria_gestacao,37,3495,1.0587,157,6162.30,0
202409,PI,Piauí,infeccoes,infeccao_puerperal,18,3495,0.515,99,3344.38,0
202409,PI,Piauí,outras_condicoes_maternas,anemia_complicando_gestacao,2,3495,0.0572,4,258.68,0
202409,PI,Piauí,outras_condicoes_maternas,doencas_classificadas_em_outros_capitulos,257,3495,7.3534,1492,124172.49,1
202409,PI,Piauí,outras_condicoes_maternas,outras_condicoes_da_gestacao,26,3495,0.7439,61,3501.33,0
202409,PI,Piauí,transtornos_hipertensivos,eclampsia,10,3495,0.2861,24,7437.63,0
202409,PI,Piauí,transtornos_hipertensivos,hipertensao_gestacional,24,3495,0.6867,98,19739.65,0
202409,PI,Piauí,transtornos_hipertensivos,outros_hipertensivos,38,3495,1.0873,122,38743.91,0
202409,PI,Piauí,transtornos_hipertensivos,pre_eclampsia,248,3495,7.0959,1309,255004.84,0
202409,PR,Paraná,complicacoes_anestesicas,anestesia_obstetrica,5,9009,0.0555,8,1497.71,0
202409,PR,Paraná,complicacoes_gestacao,liquido_membranas_ou_placenta,199,9009,2.2089,590,158767.44,0
202409,PR,Paraná,complicacoes_parto,trabalho_de_parto_ou_parto,1088,9009,12.0768,2790,700713.77,0
202409,PR,Paraná,complicacoes_puerperais,outras_complicacoes_puerperais,52,9009,0.5772,131,12497.93,0
202409,PR,Paraná,complicacoes_vasculares,complicacoes_venosas,5,9009,0.0555,21,959.46,0
202409,PR,Paraná,desfecho_abortivo,gestacao_com_desfecho_abortivo,640,9009,7.104,736,186344.27,0
202409,PR,Paraná,disturbios_metabolicos,diabetes_na_gestacao,150,9009,1.665,446,111333.87,0
202409,PR,Paraná,hemorragias,hemorragia_pos_parto,16,9009,0.1776,30,7355.22,0
202409,PR,Paraná,hemorragias,outras_hemorragias_obstetricas,268,9009,2.9748,390,44436.93,0
202409,PR,Paraná,infeccoes,infeccao_geniturinaria_gestacao,84,9009,0.9324,219,17483.31,0
202409,PR,Paraná,infeccoes,infeccao_puerperal,37,9009,0.4107,121,13875.64,0
202409,PR,Paraná,outras_condicoes_maternas,anemia_complicando_gestacao,2,9009,0.0222,5,1277.89,0
202409,PR,Paraná,outras_condicoes_maternas,doencas_classificadas_em_outros_capitulos,709,9009,7.8699,1552,245365.32,0
202409,PR,Paraná,outras_condicoes_maternas,edema_proteinuria_sem_hipertensao,1,9009,0.0111,0,44.22,0
202409,PR,Paraná,outras_condicoes_maternas,outras_condicoes_da_gestacao,99,9009,1.0989,227,35064.49,0
202409,PR,Paraná,transtornos_hipertensivos,eclampsia,33,9009,0.3663,110,13048.12,0
202409,PR,Paraná,transtornos_hipertensivos,hipertensao_gestacional,81,9009,0.8991,219,46663.04,0
202409,PR,Paraná,transtornos_hipertensivos,outros_hipertensivos,135,9009,1.4985,410,118562.99,0
202409,PR,Paraná,transtornos_hipertensivos,pre_eclampsia,110,9009,1.221,380,89125.34,0
202409,RJ,Rio de Janeiro,complicacoes_anestesicas,anestesia_obstetrica,24,11969,0.2005,55,6243.87,0
202409,RJ,Rio de Janeiro,complicacoes_gestacao,liquido_membranas_ou_placenta,622,11969,5.1968,2160,464358.53,0
202409,RJ,Rio de Janeiro,complicacoes_parto,trabalho_de_parto_ou_parto,1257,11969,10.5021,3757,911702.24,0
202409,RJ,Rio de Janeiro,complicacoes_puerperais,outras_complicacoes_puerperais,61,11969,0.5096,267,45141.26,0
202409,RJ,Rio de Janeiro,complicacoes_vasculares,complicacoes_venosas,17,11969,0.142,166,5875.89,0
202409,RJ,Rio de Janeiro,desfecho_abortivo,gestacao_com_desfecho_abortivo,1140,11969,9.5246,2353,304517.20,0
202409,RJ,Rio de Janeiro,disturbios_metabolicos,diabetes_na_gestacao,414,11969,3.4589,1791,258989.51,0
202409,RJ,Rio de Janeiro,hemorragias,hemorragia_pos_parto,12,11969,0.1003,44,4053.55,0
202409,RJ,Rio de Janeiro,hemorragias,outras_hemorragias_obstetricas,209,11969,1.7462,459,70878.50,0
202409,RJ,Rio de Janeiro,infeccoes,infeccao_geniturinaria_gestacao,209,11969,1.7462,1089,66336.75,0
202409,RJ,Rio de Janeiro,infeccoes,infeccao_puerperal,127,11969,1.0611,786,73490.05,0
202409,RJ,Rio de Janeiro,outras_condicoes_maternas,anemia_complicando_gestacao,16,11969,0.1337,60,4075.36,0
202409,RJ,Rio de Janeiro,outras_condicoes_maternas,doencas_classificadas_em_outros_capitulos,362,11969,3.0245,1542,174233.88,0
202409,RJ,Rio de Janeiro,outras_condicoes_maternas,edema_proteinuria_sem_hipertensao,6,11969,0.0501,23,4037.15,1
202409,RJ,Rio de Janeiro,outras_condicoes_maternas,outras_condicoes_da_gestacao,101,11969,0.8438,389,42922.84,1
202409,RJ,Rio de Janeiro,transtornos_hipertensivos,eclampsia,63,11969,0.5264,307,72067.06,0
202409,RJ,Rio de Janeiro,transtornos_hipertensivos,hipertensao_gestacional,182,11969,1.5206,705,115498.93,0
202409,RJ,Rio de Janeiro,transtornos_hipertensivos,outros_hipertensivos,381,11969,3.1832,1527,280490.81,0
202409,RJ,Rio de Janeiro,transtornos_hipertensivos,pre_eclampsia,359,11969,2.9994,1542,300051.01,0
202409,RN,Rio Grande do Norte,complicacoes_anestesicas,anestesia_obstetrica,4,3141,0.1273,10,801.29,0
202409,RN,Rio Grande do Norte,complicacoes_gestacao,liquido_membranas_ou_placenta,35,3141,1.1143,96,23546.60,0
202409,RN,Rio Grande do Norte,complicacoes_parto,trabalho_de_parto_ou_parto,618,3141,19.6753,1691,405409.99,0
202409,RN,Rio Grande do Norte,complicacoes_puerperais,outras_complicacoes_puerperais,41,3141,1.3053,127,15136.75,0
202409,RN,Rio Grande do Norte,complicacoes_vasculares,complicacoes_venosas,5,3141,0.1592,29,2832.59,0
202409,RN,Rio Grande do Norte,desfecho_abortivo,gestacao_com_desfecho_abortivo,264,3141,8.405,310,64578.96,0
202409,RN,Rio Grande do Norte,disturbios_metabolicos,diabetes_na_gestacao,55,3141,1.751,212,39007.32,0
202409,RN,Rio Grande do Norte,hemorragias,hemorragia_pos_parto,21,3141,0.6686,34,4514.79,0
202409,RN,Rio Grande do Norte,hemorragias,outras_hemorragias_obstetricas,12,3141,0.382,50,3821.18,0
202409,RN,Rio Grande do Norte,infeccoes,infeccao_geniturinaria_gestacao,23,3141,0.7323,146,7423.14,0
202409,RN,Rio Grande do Norte,infeccoes,infeccao_puerperal,20,3141,0.6367,115,5262.52,0
202409,RN,Rio Grande do Norte,outras_condicoes_maternas,anemia_complicando_gestacao,4,3141,0.1273,55,4609.38,0
202409,RN,Rio Grande do Norte,outras_condicoes_maternas,doencas_classificadas_em_outros_capitulos,18,3141,0.5731,105,8281.63,0
202409,RN,Rio Grande do Norte,outras_condicoes_maternas,edema_proteinuria_sem_hipertensao,1,3141,0.0318,3,147.99,0
202409,RN,Rio Grande do Norte,outras_condicoes_maternas,outras_condicoes_da_gestacao,3,3141,0.0955,8,1149.91,0
202409,RN,Rio Grande do Norte,transtornos_hipertensivos,eclampsia,9,3141,0.2865,34,5251.35,0
202409,RN,Rio Grande do Norte,transtornos_hipertensivos,hipertensao_gestacional,185,3141,5.8898,832,134252.89,0
202409,RN,Rio Grande do Norte,transtornos_hipertensivos,outros_hipertensivos,67,3141,2.1331,192,44720.20,0
202409,RN,Rio Grande do Norte,transtornos_hipertensivos,pre_eclampsia,185,3141,5.8898,662,206960.85,1
202409,RO,Rondônia,complicacoes_anestesicas,anestesia_obstetrica,6,2006,0.2991,6,949.74,0
202409,RO,Rondônia,complicacoes_gestacao,liquido_membranas_ou_placenta,48,2006,2.3928,110,34219.04,0
202409,RO,Rondônia,complicacoes_parto,trabalho_de_parto_ou_parto,193,2006,9.6211,416,106466.38,0
202409,RO,Rondônia,complicacoes_puerperais,outras_complicacoes_puerperais,6,2006,0.2991,27,2001.41,0
202409,RO,Rondônia,complicacoes_vasculares,complicacoes_venosas,2,2006,0.0997,37,1310.48,0
202409,RO,Rondônia,desfecho_abortivo,gestacao_com_desfecho_abortivo,175,2006,8.7238,250,37908.48,0
202409,RO,Rondônia,disturbios_metabolicos,diabetes_na_gestacao,151,2006,7.5274,657,46734.26,0
202409,RO,Rondônia,hemorragias,hemorragia_pos_parto,3,2006,0.1496,3,556.86,0
202409,RO,Rondônia,hemorragias,outras_hemorragias_obstetricas,55,2006,2.7418,127,11885.42,0
202409,RO,Rondônia,infeccoes,infeccao_geniturinaria_gestacao,79,2006,3.9382,229,12273.81,0
202409,RO,Rondônia,infeccoes,infeccao_puerperal,13,2006,0.6481,86,3141.68,0
202409,RO,Rondônia,outras_condicoes_maternas,anemia_complicando_gestacao,3,2006,0.1496,10,417.32,0
202409,RO,Rondônia,outras_condicoes_maternas,doencas_classificadas_em_outros_capitulos,119,2006,5.9322,335,18338.93,0
202409,RO,Rondônia,outras_condicoes_maternas,outras_condicoes_da_gestacao,29,2006,1.4457,105,4551.80,0
202409,RO,Rondônia,transtornos_hipertensivos,eclampsia,3,2006,0.1496,14,459.48,0
202409,RO,Rondônia,transtornos_hipertensivos,hipertensao_gestacional,14,2006,0.6979,35,6392.59,0
202409,RO,Rondônia,transtornos_hipertensivos,outros_hipertensivos,31,2006,1.5454,174,7903.96,0
202409,RO,Rondônia,transtornos_hipertensivos,pre_eclampsia,8,2006,0.3988,17,3696.33,0
202409,RR,Roraima,complicacoes_anestesicas,anestesia_obstetrica,2,512,0.3906,6,2243.88,0
202409,RR,Roraima,complicacoes_gestacao,liquido_membranas_ou_placenta,7,512,1.3672,18,6532.84,0
202409,RR,Roraima,complicacoes_parto,trabalho_de_parto_ou_parto,37,512,7.2266,116,38011.37,0
202409,RR,Roraima,complicacoes_puerperais,outras_complicacoes_puerperais,4,512,0.7813,13,1023.23,0
202409,RR,Roraima,complicacoes_vasculares,complicacoes_venosas,1,512,0.1953,15,329.15,0
202409,RR,Roraima,desfecho_abortivo,gestacao_com_desfecho_abortivo,44,512,8.5938,152,10997.48,0
202409,RR,Roraima,disturbios_metabolicos,diabetes_na_gestacao,45,512,8.7891,182,41036.30,0
202409,RR,Roraima,hemorragias,outras_hemorragias_obstetricas,20,512,3.9063,52,5528.61,0
202409,RR,Roraima,infeccoes,infeccao_geniturinaria_gestacao,12,512,2.3438,86,2190.16,0
202409,RR,Roraima,infeccoes,infeccao_puerperal,8,512,1.5625,52,1855.85,0
202409,RR,Roraima,outras_condicoes_maternas,anemia_complicando_gestacao,1,512,0.1953,1,1105.94,0
202409,RR,Roraima,outras_condicoes_maternas,doencas_classificadas_em_outros_capitulos,13,512,2.5391,44,3034.66,0
202409,RR,Roraima,outras_condicoes_maternas,outras_condicoes_da_gestacao,3,512,0.5859,19,566.04,0
202409,RR,Roraima,transtornos_hipertensivos,eclampsia,2,512,0.3906,4,2227.88,0
202409,RR,Roraima,transtornos_hipertensivos,hipertensao_gestacional,3,512,0.5859,14,427.97,0
202409,RR,Roraima,transtornos_hipertensivos,outros_hipertensivos,8,512,1.5625,30,8432.86,0
202409,RR,Roraima,transtornos_hipertensivos,pre_eclampsia,2,512,0.3906,11,1848.05,0
202409,RS,Rio Grande do Sul,complicacoes_anestesicas,anestesia_obstetrica,1,7403,0.0135,4,259.74,0
202409,RS,Rio Grande do Sul,complicacoes_gestacao,liquido_membranas_ou_placenta,299,7403,4.0389,936,228982.27,0
202409,RS,Rio Grande do Sul,complicacoes_parto,trabalho_de_parto_ou_parto,1015,7403,13.7107,2971,753060.00,1
202409,RS,Rio Grande do Sul,complicacoes_puerperais,outras_complicacoes_puerperais,22,7403,0.2972,70,5299.07,0
202409,RS,Rio Grande do Sul,complicacoes_vasculares,complicacoes_venosas,14,7403,0.1891,56,2639.87,0
202409,RS,Rio Grande do Sul,desfecho_abortivo,gestacao_com_desfecho_abortivo,560,7403,7.5645,663,152386.73,0
202409,RS,Rio Grande do Sul,disturbios_metabolicos,diabetes_na_gestacao,182,7403,2.4585,773,83213.57,0
202409,RS,Rio Grande do Sul,hemorragias,hemorragia_pos_parto,10,7403,0.1351,42,5370.28,0
202409,RS,Rio Grande do Sul,hemorragias,outras_hemorragias_obstetricas,84,7403,1.1347,222,32892.30,0
202409,RS,Rio Grande do Sul,infeccoes,infeccao_geniturinaria_gestacao,76,7403,1.0266,331,15458.98,0
202409,RS,Rio Grande do Sul,infeccoes,infeccao_puerperal,43,7403,0.5808,244,34045.83,0
202409,RS,Rio Grande do Sul,outras_condicoes_maternas,anemia_complicando_gestacao,2,7403,0.027,4,266.08,0
202409,RS,Rio Grande do Sul,outras_condicoes_maternas,doencas_classificadas_em_outros_capitulos,267,7403,3.6066,1186,74830.35,0
202409,RS,Rio Grande do Sul,outras_condicoes_maternas,edema_proteinuria_sem_hipertensao,12,7403,0.1621,66,2427.66,0
202409,RS,Rio Grande do Sul,outras_condicoes_maternas,outras_condicoes_da_gestacao,37,7403,0.4998,125,9326.87,0
202409,RS,Rio Grande do Sul,transtornos_hipertensivos,eclampsia,42,7403,0.5673,192,22795.05,0
202409,RS,Rio Grande do Sul,transtornos_hipertensivos,hipertensao_gestacional,86,7403,1.1617,382,43692.11,0
202409,RS,Rio Grande do Sul,transtornos_hipertensivos,outros_hipertensivos,109,7403,1.4724,407,77702.95,0
202409,RS,Rio Grande do Sul,transtornos_hipertensivos,pre_eclampsia,240,7403,3.2419,1345,147873.81,0
202409,SC,Santa Catarina,complicacoes_gestacao,liquido_membranas_ou_placenta,175,6304,2.776,518,138844.20,0
202409,SC,Santa Catarina,complicacoes_parto,trabalho_de_parto_ou_parto,784,6304,12.4365,2149,555347.91,2
202409,SC,Santa Catarina,complicacoes_puerperais,outras_complicacoes_puerperais,26,6304,0.4124,65,5967.68,0
202409,SC,Santa Catarina,complicacoes_vasculares,complicacoes_venosas,8,6304,0.1269,30,4083.09,0
202409,SC,Santa Catarina,desfecho_abortivo,gestacao_com_desfecho_abortivo,530,6304,8.4074,597,154011.20,0
202409,SC,Santa Catarina,disturbios_metabolicos,diabetes_na_gestacao,257,6304,4.0768,836,160921.13,0
202409,SC,Santa Catarina,hemorragias,hemorragia_pos_parto,15,6304,0.2379,42,11916.93,0
202409,SC,Santa Catarina,hemorragias,outras_hemorragias_obstetricas,109,6304,1.7291,205,44697.99,0
202409,SC,Santa Catarina,infeccoes,infeccao_geniturinaria_gestacao,121,6304,1.9194,441,29510.11,0
202409,SC,Santa Catarina,infeccoes,infeccao_puerperal,38,6304,0.6028,127,10655.50,0
202409,SC,Santa Catarina,outras_condicoes_maternas,anemia_complicando_gestacao,1,6304,0.0159,3,1227.03,0
202409,SC,Santa Catarina,outras_condicoes_maternas,doencas_classificadas_em_outros_capitulos,191,6304,3.0298,584,55820.20,0
202409,SC,Santa Catarina,outras_condicoes_maternas,edema_proteinuria_sem_hipertensao,6,6304,0.0952,16,1687.21,0
202409,SC,Santa Catarina,outras_condicoes_maternas,outras_condicoes_da_gestacao,48,6304,0.7614,153,10697.10,0
202409,SC,Santa Catarina,transtornos_hipertensivos,eclampsia,6,6304,0.0952,22,12179.87,0
202409,SC,Santa Catarina,transtornos_hipertensivos,hipertensao_gestacional,63,6304,0.9994,266,49759.57,0
202409,SC,Santa Catarina,transtornos_hipertensivos,outros_hipertensivos,86,6304,1.3642,233,59598.40,0
202409,SC,Santa Catarina,transtornos_hipertensivos,pre_eclampsia,140,6304,2.2208,640,134104.48,0
202409,SE,Sergipe,complicacoes_gestacao,liquido_membranas_ou_placenta,32,1911,1.6745,84,24520.93,0
202409,SE,Sergipe,complicacoes_parto,trabalho_de_parto_ou_parto,392,1911,20.5128,790,218423.92,0
202409,SE,Sergipe,complicacoes_puerperais,outras_complicacoes_puerperais,15,1911,0.7849,47,2643.50,0
202409,SE,Sergipe,complicacoes_vasculares,complicacoes_venosas,1,1911,0.0523,5,173.44,0
202409,SE,Sergipe,desfecho_abortivo,gestacao_com_desfecho_abortivo,138,1911,7.2214,220,40308.84,0
202409,SE,Sergipe,disturbios_metabolicos,diabetes_na_gestacao,35,1911,1.8315,123,21148.59,0
202409,SE,Sergipe,hemorragias,hemorragia_pos_parto,4,1911,0.2093,9,1541.09,0
202409,SE,Sergipe,hemorragias,outras_hemorragias_obstetricas,17,1911,0.8896,46,13229.84,0
202409,SE,Sergipe,infeccoes,infeccao_geniturinaria_gestacao,8,1911,0.4186,46,1552.38,0
202409,SE,Sergipe,infeccoes,infeccao_puerperal,19,1911,0.9942,84,4638.41,0
202409,SE,Sergipe,outras_condicoes_maternas,doencas_classificadas_em_outros_capitulos,14,1911,0.7326,110,6075.85,0
202409,SE,Sergipe,outras_condicoes_maternas,edema_proteinuria_sem_hipertensao,1,1911,0.0523,7,615.91,0
202409,SE,Sergipe,outras_condicoes_maternas,outras_condicoes_da_gestacao,2,1911,0.1047,6,251.48,0
202409,SE,Sergipe,transtornos_hipertensivos,eclampsia,2,1911,0.1047,8,2453.75,0
202409,SE,Sergipe,transtornos_hipertensivos,hipertensao_gestacional,6,1911,0.314,22,1027.30,0
202409,SE,Sergipe,transtornos_hipertensivos,outros_hipertensivos,16,1911,0.8373,62,9293.72,0
202409,SE,Sergipe,transtornos_hipertensivos,pre_eclampsia,29,1911,1.5175,154,20420.19,0
202409,SP,São Paulo,complicacoes_anestesicas,anestesia_obstetrica,15,29352,0.0511,26,6736.64,0
202409,SP,São Paulo,complicacoes_gestacao,liquido_membranas_ou_placenta,970,29352,3.3047,2865,712220.67,0
202409,SP,São Paulo,complicacoes_parto,trabalho_de_parto_ou_parto,3377,29352,11.5052,9405,2341474.51,3
202409,SP,São Paulo,complicacoes_puerperais,outras_complicacoes_puerperais,84,29352,0.2862,239,25196.64,0
202409,SP,São Paulo,complicacoes_vasculares,complicacoes_venosas,34,29352,0.1158,149,8930.91,0
202409,SP,São Paulo,complicacoes_vasculares,embolia_obstetrica,2,29352,0.0068,3,1191.16,0
202409,SP,São Paulo,desfecho_abortivo,gestacao_com_desfecho_abortivo,2559,29352,8.7183,4015,739834.02,0
202409,SP,São Paulo,disturbios_metabolicos,diabetes_na_gestacao,1112,29352,3.7885,4106,576875.44,0
202409,SP,São Paulo,hemorragias,hemorragia_pos_parto,50,29352,0.1703,129,30929.93,0
202409,SP,São Paulo,hemorragias,outras_hemorragias_obstetricas,825,29352,2.8107,1463,226343.40,1
202409,SP,São Paulo,infeccoes,infeccao_geniturinaria_gestacao,392,29352,1.3355,1590,93652.96,0
202409,SP,São Paulo,infeccoes,infeccao_puerperal,158,29352,0.5383,779,48472.09,1
202409,SP,São Paulo,outras_condicoes_maternas,anemia_complicando_gestacao,22,29352,0.075,81,7384.90,0
202409,SP,São Paulo,outras_condicoes_maternas,doencas_classificadas_em_outros_capitulos,664,29352,2.2622,2084,245615.49,1
202409,SP,São Paulo,outras_condicoes_maternas,edema_proteinuria_sem_hipertensao,4,29352,0.0136,10,579.37,0
202409,SP,São Paulo,outras_condicoes_maternas,outras_condicoes_da_gestacao,340,29352,1.1584,1144,109808.94,0
202409,SP,São Paulo,transtornos_hipertensivos,eclampsia,130,29352,0.4429,627,89474.47,0
202409,SP,São Paulo,transtornos_hipertensivos,hipertensao_gestacional,445,29352,1.5161,1461,266515.28,0
202409,SP,São Paulo,transtornos_hipertensivos,outros_hipertensivos,347,29352,1.1822,1208,250376.20,0
202409,SP,São Paulo,transtornos_hipertensivos,pre_eclampsia,656,29352,2.2349,2876,659036.31,1
202409,TO,Tocantins,complicacoes_anestesicas,anestesia_obstetrica,1,1997,0.0501,4,194.30,0
202409,TO,Tocantins,complicacoes_gestacao,liquido_membranas_ou_placenta,54,1997,2.7041,136,39217.59,0
202409,TO,Tocantins,complicacoes_parto,trabalho_de_parto_ou_parto,363,1997,18.1773,1011,270868.92,1
202409,TO,Tocantins,complicacoes_puerperais,outras_complicacoes_puerperais,29,1997,1.4522,103,5599.78,0
202409,TO,Tocantins,complicacoes_vasculares,complicacoes_venosas,2,1997,0.1002,7,335.18,0
202409,TO,Tocantins,desfecho_abortivo,gestacao_com_desfecho_abortivo,177,1997,8.8633,341,45632.19,0
202409,TO,Tocantins,disturbios_metabolicos,diabetes_na_gestacao,56,1997,2.8042,155,25252.99,0
202409,TO,Tocantins,hemorragias,hemorragia_pos_parto,2,1997,0.1002,3,407.57,0
202409,TO,Tocantins,hemorragias,outras_hemorragias_obstetricas,43,1997,2.1532,136,11508.57,0
202409,TO,Tocantins,infeccoes,infeccao_geniturinaria_gestacao,28,1997,1.4021,79,3845.83,0
202409,TO,Tocantins,infeccoes,infeccao_puerperal,8,1997,0.4006,54,4237.34,0
202409,TO,Tocantins,outras_condicoes_maternas,anemia_complicando_gestacao,1,1997,0.0501,5,150.21,0
202409,TO,Tocantins,outras_condicoes_maternas,doencas_classificadas_em_outros_capitulos,53,1997,2.654,189,13391.50,0
202409,TO,Tocantins,outras_condicoes_maternas,outras_condicoes_da_gestacao,5,1997,0.2504,28,2493.86,0
202409,TO,Tocantins,transtornos_hipertensivos,eclampsia,5,1997,0.2504,34,2766.34,0
202409,TO,Tocantins,transtornos_hipertensivos,hipertensao_gestacional,23,1997,1.1517,74,13409.10,0
202409,TO,Tocantins,transtornos_hipertensivos,outros_hipertensivos,22,1997,1.1017,83,12559.10,0
202409,TO,Tocantins,transtornos_hipertensivos,pre_eclampsia,84,1997,4.2063,279,68632.80,1
202410,AC,Acre,complicacoes_anestesicas,anestesia_obstetrica,1,1126,0.0888,2,164.30,0
202410,AC,Acre,complicacoes_gestacao,liquido_membranas_ou_placenta,42,1126,3.73,163,35785.16,0
202410,AC,Acre,complicacoes_parto,trabalho_de_parto_ou_parto,155,1126,13.7655,515,114405.96,0
202410,AC,Acre,complicacoes_puerperais,outras_complicacoes_puerperais,4,1126,0.3552,16,748.40,0
202410,AC,Acre,complicacoes_vasculares,complicacoes_venosas,1,1126,0.0888,3,2473.11,0
202410,AC,Acre,desfecho_abortivo,gestacao_com_desfecho_abortivo,117,1126,10.3908,105,24206.56,0
202410,AC,Acre,disturbios_metabolicos,diabetes_na_gestacao,13,1126,1.1545,61,10878.98,0
202410,AC,Acre,hemorragias,hemorragia_pos_parto,1,1126,0.0888,1,212.82,0
202410,AC,Acre,hemorragias,outras_hemorragias_obstetricas,16,1126,1.421,34,6359.90,0
202410,AC,Acre,infeccoes,infeccao_geniturinaria_gestacao,25,1126,2.2202,126,5400.57,0
202410,AC,Acre,infeccoes,infeccao_puerperal,8,1126,0.7105,40,1346.77,0
202410,AC,Acre,outras_condicoes_maternas,doencas_classificadas_em_outros_capitulos,26,1126,2.3091,97,7622.79,0
202410,AC,Acre,outras_condicoes_maternas,outras_condicoes_da_gestacao,4,1126,0.3552,8,443.94,0
202410,AC,Acre,transtornos_hipertensivos,eclampsia,5,1126,0.444,12,2135.54,1
202410,AC,Acre,transtornos_hipertensivos,hipertensao_gestacional,7,1126,0.6217,20,4285.25,0
202410,AC,Acre,transtornos_hipertensivos,outros_hipertensivos,13,1126,1.1545,37,6728.64,0
202410,AC,Acre,transtornos_hipertensivos,pre_eclampsia,28,1126,2.4867,116,24570.07,0
202410,AL,Alagoas,complicacoes_anestesicas,anestesia_obstetrica,3,3186,0.0942,7,2931.90,1
202410,AL,Alagoas,complicacoes_gestacao,liquido_membranas_ou_placenta,160,3186,5.022,355,121371.85,0
202410,AL,Alagoas,complicacoes_parto,trabalho_de_parto_ou_parto,312,3186,9.7928,885,215833.86,0
202410,AL,Alagoas,complicacoes_puerperais,outras_complicacoes_puerperais,40,3186,1.2555,118,8804.74,1
202410,AL,Alagoas,complicacoes_vasculares,complicacoes_venosas,1,3186,0.0314,4,704.11,0
202410,AL,Alagoas,desfecho_abortivo,gestacao_com_desfecho_abortivo,234,3186,7.3446,442,57510.51,0
202410,AL,Alagoas,disturbios_metabolicos,diabetes_na_gestacao,69,3186,2.1657,310,57791.13,0
202410,AL,Alagoas,hemorragias,hemorragia_pos_parto,1,3186,0.0314,5,251.73,0
202410,AL,Alagoas,hemorragias,outras_hemorragias_obstetricas,47,3186,1.4752,98,23449.66,0
202410,AL,Alagoas,infeccoes,infeccao_geniturinaria_gestacao,42,3186,1.3183,268,11789.46,0
202410,AL,Alagoas,infeccoes,infeccao_puerperal,37,3186,1.1613,239,12442.64,1
202410,AL,Alagoas,outras_condicoes_maternas,anemia_complicando_gestacao,1,3186,0.0314,8,149.36,0
202410,AL,Alagoas,outras_condicoes_maternas,doencas_classificadas_em_outros_capitulos,81,3186,2.5424,492,32555.65,0
202410,AL,Alagoas,outras_condicoes_maternas,edema_proteinuria_sem_hipertensao,2,3186,0.0628,3,170.46,0
202410,AL,Alagoas,outras_condicoes_maternas,outras_condicoes_da_gestacao,7,3186,0.2197,67,2712.82,0
202410,AL,Alagoas,transtornos_hipertensivos,eclampsia,9,3186,0.2825,32,8345.37,0
202410,AL,Alagoas,transtornos_hipertensivos,hipertensao_gestacional,29,3186,0.9102,101,19604.83,0
202410,AL,Alagoas,transtornos_hipertensivos,outros_hipertensivos,33,3186,1.0358,112,27897.11,0
202410,AL,Alagoas,transtornos_hipertensivos,pre_eclampsia,96,3186,3.0132,427,95188.20,0
202410,AM,Amazonas,complicacoes_anestesicas,anestesia_obstetrica,1,5581,0.0179,4,210.70,0
202410,AM,Amazonas,complicacoes_gestacao,liquido_membranas_ou_placenta,108,5581,1.9351,584,133886.91,0
202410,AM,Amazonas,complicacoes_parto,trabalho_de_parto_ou_parto,563,5581,10.0878,1810,458987.94,0
202410,AM,Amazonas,complicacoes_puerperais,outras_complicacoes_puerperais,48,5581,0.8601,293,52776.46,1
202410,AM,Amazonas,complicacoes_vasculares,complicacoes_venosas,1,5581,0.0179,6,157.24,0
202410,AM,Amazonas,complicacoes_vasculares,embolia_obstetrica,1,5581,0.0179,2,170.30,0
202410,AM,Amazonas,desfecho_abortivo,gestacao_com_desfecho_abortivo,502,5581,8.9948,962,123789.23,0
202410,AM,Amazonas,disturbios_metabolicos,diabetes_na_gestacao,31,5581,0.5555,151,18729.20,0
202410,AM,Amazonas,hemorragias,hemorragia_pos_parto,1,5581,0.0179,3,604.51,0
202410,AM,Amazonas,hemorragias,outras_hemorragias_obstetricas,117,5581,2.0964,332,37213.74,0
202410,AM,Amazonas,infeccoes,infeccao_geniturinaria_gestacao,221,5581,3.9599,726,32106.43,0
202410,AM,Amazonas,infeccoes,infeccao_puerperal,82,5581,1.4693,492,35642.76,0
202410,AM,Amazonas,outras_condicoes_maternas,anemia_complicando_gestacao,5,5581,0.0896,21,2815.47,0
202410,AM,Amazonas,outras_condicoes_maternas,doencas_classificadas_em_outros_capitulos,58,5581,1.0392,197,16864.05,0
202410,AM,Amazonas,outras_condicoes_maternas,outras_condicoes_da_gestacao,21,5581,0.3763,59,3481.21,0
202410,AM,Amazonas,transtornos_hipertensivos,eclampsia,9,5581,0.1613,36,10445.23,0
202410,AM,Amazonas,transtornos_hipertensivos,hipertensao_gestacional,17,5581,0.3046,70,12807.61,0
202410,AM,Amazonas,transtornos_hipertensivos,outros_hipertensivos,21,5581,0.3763,109,19622.59,0
202410,AM,Amazonas,transtornos_hipertensivos,pre_eclampsia,98,5581,1.756,362,90248.22,0
202410,AP,Amapá,complicacoes_anestesicas,anestesia_obstetrica,2,1280,0.1563,47,354.63,0
202410,AP,Amapá,complicacoes_gestacao,liquido_membranas_ou_placenta,44,1280,3.4375,206,31410.97,0
202410,AP,Amapá,complicacoes_parto,trabalho_de_parto_ou_parto,155,1280,12.1094,650,95489.17,0
202410,AP,Amapá,complicacoes_puerperais,outras_complicacoes_puerperais,2,1280,0.1563,3,311.70,0
202410,AP,Amapá,desfecho_abortivo,gestacao_com_desfecho_abortivo,118,1280,9.2188,223,26761.18,0
202410,AP,Amapá,disturbios_metabolicos,diabetes_na_gestacao,38,1280,2.9688,167,20210.71,0
202410,AP,Amapá,hemorragias,hemorragia_pos_parto,2,1280,0.1563,15,1205.01,0
202410,AP,Amapá,hemorragias,outras_hemorragias_obstetricas,22,1280,1.7188,53,7026.22,0
202410,AP,Amapá,infeccoes,infeccao_geniturinaria_gestacao,22,1280,1.7188,135,4081.97,0
202410,AP,Amapá,infeccoes,infeccao_puerperal,19,1280,1.4844,94,4497.28,1
202410,AP,Amapá,outras_condicoes_maternas,anemia_complicando_gestacao,2,1280,0.1563,5,935.90,0
202410,AP,Amapá,outras_condicoes_maternas,doencas_classificadas_em_outros_capitulos,23,1280,1.7969,108,4300.44,0
202410,AP,Amapá,outras_condicoes_maternas,outras_condicoes_da_gestacao,6,1280,0.4688,28,1103.92,0
202410,AP,Amapá,transtornos_hipertensivos,hipertensao_gestacional,22,1280,1.7188,105,13398.52,0
202410,AP,Amapá,transtornos_hipertensivos,outros_hipertensivos,40,1280,3.125,166,23291.07,0
202410,AP,Amapá,transtornos_hipertensivos,pre_eclampsia,19,1280,1.4844,84,13180.63,0
202410,BA,Bahia,complicacoes_anestesicas,anestesia_obstetrica,10,13585,0.0736,19,1998.56,0
202410,BA,Bahia,complicacoes_gestacao,liquido_membranas_ou_placenta,385,13585,2.834,1221,280516.74,0
202410,BA,Bahia,complicacoes_parto,trabalho_de_parto_ou_parto,1221,13585,8.9879,3312,780665.48,0
202410,BA,Bahia,complicacoes_puerperais,outras_complicacoes_puerperais,162,13585,1.1925,868,152422.23,3
202410,BA,Bahia,complicacoes_vasculares,complicacoes_venosas,28,13585,0.2061,186,8643.80,0
202410,BA,Bahia,desfecho_abortivo,gestacao_com_desfecho_abortivo,1467,13585,10.7987,2517,319202.35,0
202410,BA,Bahia,disturbios_metabolicos,diabetes_na_gestacao,325,13585,2.3923,1319,176262.00,0
202410,BA,Bahia,hemorragias,hemorragia_pos_parto,14,13585,0.1031,78,34007.27,0
202410,BA,Bahia,hemorragias,outras_hemorragias_obstetricas,302,13585,2.223,920,72061.67,0
202410,BA,Bahia,infeccoes,infeccao_geniturinaria_gestacao,183,13585,1.3471,712,26181.27,0
202410,BA,Bahia,infeccoes,infeccao_puerperal,95,13585,0.6993,565,46399.05,0
202410,BA,Bahia,outras_condicoes_maternas,anemia_complicando_gestacao,9,13585,0.0662,42,3026.88,0
202410,BA,Bahia,outras_condicoes_maternas,doencas_classificadas_em_outros_capitulos,673,13585,4.954,2427,223171.86,1
202410,BA,Bahia,outras_condicoes_maternas,edema_proteinuria_sem_hipertensao,3,13585,0.0221,6,406.78,0
202410,BA,Bahia,outras_condicoes_maternas,outras_condicoes_da_gestacao,80,13585,0.5889,283,16719.04,0
202410,BA,Bahia,transtornos_hipertensivos,eclampsia,14,13585,0.1031,51,11114.40,0
202410,BA,Bahia,transtornos_hipertensivos,hipertensao_gestacional,225,13585,1.6562,792,118606.96,0
202410,BA,Bahia,transtornos_hipertensivos,outros_hipertensivos,194,13585,1.428,672,127717.03,0
202410,BA,Bahia,transtornos_hipertensivos,pre_eclampsia,245,13585,1.8035,1117,198684.66,0
202410,CE,Ceará,complicacoes_anestesicas,anestesia_obstetrica,3,8341,0.036,5,1582.83,0
202410,CE,Ceará,complicacoes_gestacao,liquido_membranas_ou_placenta,402,8341,4.8196,1122,294001.19,0
202410,CE,Ceará,complicacoes_parto,trabalho_de_parto_ou_parto,834,8341,9.9988,2188,535412.99,0
202410,CE,Ceará,complicacoes_puerperais,outras_complicacoes_puerperais,31,8341,0.3717,171,13940.35,0
202410,CE,Ceará,complicacoes_vasculares,complicacoes_venosas,9,8341,0.1079,47,2521.45,0
202410,CE,Ceará,desfecho_abortivo,gestacao_com_desfecho_abortivo,795,8341,9.5312,1267,176330.45,0
202410,CE,Ceará,disturbios_metabolicos,diabetes_na_gestacao,294,8341,3.5248,1401,177112.95,0
202410,CE,Ceará,hemorragias,hemorragia_pos_parto,8,8341,0.0959,29,3779.94,0
202410,CE,Ceará,hemorragias,outras_hemorragias_obstetricas,136,8341,1.6305,336,45527.68,0
202410,CE,Ceará,infeccoes,infeccao_geniturinaria_gestacao,186,8341,2.2299,806,31325.74,0
202410,CE,Ceará,infeccoes,infeccao_puerperal,60,8341,0.7193,323,16377.95,0
202410,CE,Ceará,outras_condicoes_maternas,anemia_complicando_gestacao,2,8341,0.024,5,282.68,0
202410,CE,Ceará,outras_condicoes_maternas,doencas_classificadas_em_outros_capitulos,342,8341,4.1002,1314,108168.10,0
202410,CE,Ceará,outras_condicoes_maternas,edema_proteinuria_sem_hipertensao,4,8341,0.048,5,2139.92,0
202410,CE,Ceará,outras_condicoes_maternas,outras_condicoes_da_gestacao,47,8341,0.5635,148,11923.86,0
202410,CE,Ceará,transtornos_hipertensivos,eclampsia,25,8341,0.2997,107,20471.11,0
202410,CE,Ceará,transtornos_hipertensivos,hipertensao_gestacional,129,8341,1.5466,424,77531.75,0
202410,CE,Ceará,transtornos_hipertensivos,outros_hipertensivos,90,8341,1.079,322,61838.49,0
202410,CE,Ceará,transtornos_hipertensivos,pre_eclampsia,545,8341,6.534,2246,398702.94,0
202410,DF,Distrito Federal,complicacoes_anestesicas,anestesia_obstetrica,16,2797,0.572,59,3422.47,0
202410,DF,Distrito Federal,complicacoes_gestacao,liquido_membranas_ou_placenta,70,2797,2.5027,284,52597.91,0
202410,DF,Distrito Federal,complicacoes_parto,trabalho_de_parto_ou_parto,641,2797,22.9174,1796,283050.11,0
202410,DF,Distrito Federal,complicacoes_puerperais,outras_complicacoes_puerperais,59,2797,2.1094,245,13266.61,0
202410,DF,Distrito Federal,complicacoes_vasculares,complicacoes_venosas,6,2797,0.2145,44,1316.60,0
202410,DF,Distrito Federal,desfecho_abortivo,gestacao_com_desfecho_abortivo,285,2797,10.1895,390,61747.34,0
202410,DF,Distrito Federal,disturbios_metabolicos,diabetes_na_gestacao,69,2797,2.4669,341,42143.55,0
202410,DF,Distrito Federal,hemorragias,hemorragia_pos_parto,5,2797,0.1788,5,1451.83,0
202410,DF,Distrito Federal,hemorragias,outras_hemorragias_obstetricas,60,2797,2.1452,109,19440.56,0
202410,DF,Distrito Federal,infeccoes,infeccao_geniturinaria_gestacao,50,2797,1.7876,177,7320.02,0
202410,DF,Distrito Federal,infeccoes,infeccao_puerperal,28,2797,1.0011,173,6325.74,0
202410,DF,Distrito Federal,outras_condicoes_maternas,anemia_complicando_gestacao,2,2797,0.0715,4,218.48,0
202410,DF,Distrito Federal,outras_condicoes_maternas,doencas_classificadas_em_outros_capitulos,105,2797,3.754,399,24312.21,0
202410,DF,Distrito Federal,outras_condicoes_maternas,outras_condicoes_da_gestacao,30,2797,1.0726,96,5536.20,0
202410,DF,Distrito Federal,transtornos_hipertensivos,eclampsia,6,2797,0.2145,27,4958.60,0
202410,DF,Distrito Federal,transtornos_hipertensivos,hipertensao_gestacional,89,2797,3.182,331,44298.31,0
202410,DF,Distrito Federal,transtornos_hipertensivos,outros_hipertensivos,19,2797,0.6793,81,11032.86,0
202410,DF,Distrito Federal,transtornos_hipertensivos,pre_eclampsia,51,2797,1.8234,206,40349.35,0
202410,ES,Espírito Santo,complicacoes_anestesicas,anestesia_obstetrica,2,3200,0.0625,3,325.60,0
202410,ES,Espírito Santo,complicacoes_gestacao,liquido_membranas_ou_placenta,147,3200,4.5938,379,109974.30,0
202410,ES,Espírito Santo,complicacoes_parto,trabalho_de_parto_ou_parto,364,3200,11.375,876,223606.90,0
202410,ES,Espírito Santo,complicacoes_puerperais,outras_complicacoes_puerperais,19,3200,0.5938,70,5148.26,0
202410,ES,Espírito Santo,complicacoes_vasculares,complicacoes_venosas,2,3200,0.0625,22,840.53,0
202410,ES,Espírito Santo,desfecho_abortivo,gestacao_com_desfecho_abortivo,241,3200,7.5313,424,69550.19,0
202410,ES,Espírito Santo,disturbios_metabolicos,diabetes_na_gestacao,144,3200,4.5,509,110921.53,0
202410,ES,Espírito Santo,hemorragias,outras_hemorragias_obstetricas,45,3200,1.4063,109,12760.70,0
202410,ES,Espírito Santo,infeccoes,infeccao_geniturinaria_gestacao,45,3200,1.4063,216,8105.83,0
202410,ES,Espírito Santo,infeccoes,infeccao_puerperal,25,3200,0.7813,127,6982.26,0
202410,ES,Espírito Santo,outras_condicoes_maternas,doencas_classificadas_em_outros_capitulos,95,3200,2.9688,456,57511.05,0
202410,ES,Espírito Santo,outras_condicoes_maternas,outras_condicoes_da_gestacao,31,3200,0.9688,95,5790.51,0
202410,ES,Espírito Santo,transtornos_hipertensivos,eclampsia,6,3200,0.1875,19,7361.89,0
202410,ES,Espírito Santo,transtornos_hipertensivos,hipertensao_gestacional,55,3200,1.7188,214,47841.45,0
202410,ES,Espírito Santo,transtornos_hipertensivos,outros_hipertensivos,201,3200,6.2813,501,210309.22,0
202410,ES,Espírito Santo,transtornos_hipertensivos,pre_eclampsia,47,3200,1.4688,199,54189.78,0
202410,GO,Goiás,complicacoes_anestesicas,anestesia_obstetrica,11,5767,0.1907,40,2110.24,0
202410,GO,Goiás,complicacoes_gestacao,liquido_membranas_ou_placenta,151,5767,2.6183,450,114606.42,0
202410,GO,Goiás,complicacoes_parto,trabalho_de_parto_ou_parto,637,5767,11.0456,1726,382189.35,0
202410,GO,Goiás,complicacoes_puerperais,outras_complicacoes_puerperais,60,5767,1.0404,202,19413.54,0
202410,GO,Goiás,complicacoes_vasculares,complicacoes_venosas,5,5767,0.0867,44,4845.43,0
202410,GO,Goiás,desfecho_abortivo,gestacao_com_desfecho_abortivo,477,5767,8.2712,797,145676.13,0
202410,GO,Goiás,disturbios_metabolicos,diabetes_na_gestacao,122,5767,2.1155,442,66314.61,0
202410,GO,Goiás,hemorragias,hemorragia_pos_parto,8,5767,0.1387,32,12986.46,0
202410,GO,Goiás,hemorragias,outras_hemorragias_obstetricas,128,5767,2.2195,336,40731.27,0
202410,GO,Goiás,infeccoes,infeccao_geniturinaria_gestacao,74,5767,1.2832,280,12417.96,0
202410,GO,Goiás,infeccoes,infeccao_puerperal,42,5767,0.7283,176,12342.29,0
202410,GO,Goiás,outras_condicoes_maternas,anemia_complicando_gestacao,1,5767,0.0173,4,211.85,0
202410,GO,Goiás,outras_condicoes_maternas,doencas_classificadas_em_outros_capitulos,296,5767,5.1327,1230,132353.82,0
202410,GO,Goiás,outras_condicoes_maternas,outras_condicoes_da_gestacao,68,5767,1.1791,245,32573.03,0
202410,GO,Goiás,transtornos_hipertensivos,eclampsia,13,5767,0.2254,35,5909.67,0
202410,GO,Goiás,transtornos_hipertensivos,hipertensao_gestacional,61,5767,1.0577,166,31157.46,0
202410,GO,Goiás,transtornos_hipertensivos,outros_hipertensivos,119,5767,2.0635,488,104404.16,0
202410,GO,Goiás,transtornos_hipertensivos,pre_eclampsia,140,5767,2.4276,492,106521.26,0
202410,MA,Maranhão,complicacoes_anestesicas,anestesia_obstetrica,9,8048,0.1118,14,2300.41,0
202410,MA,Maranhão,complicacoes_gestacao,liquido_membranas_ou_placenta,306,8048,3.8022,1128,224275.77,1
202410,MA,Maranhão,complicacoes_parto,trabalho_de_parto_ou_parto,1155,8048,14.3514,3606,817517.66,0
202410,MA,Maranhão,complicacoes_puerperais,outras_complicacoes_puerperais,27,8048,0.3355,111,15453.70,0
202410,MA,Maranhão,complicacoes_vasculares,complicacoes_venosas,3,8048,0.0373,6,351.72,0
202410,MA,Maranhão,desfecho_abortivo,gestacao_com_desfecho_abortivo,699,8048,8.6854,1369,171293.29,0
202410,MA,Maranhão,disturbios_metabolicos,diabetes_na_gestacao,98,8048,1.2177,454,72579.71,0
202410,MA,Maranhão,hemorragias,hemorragia_pos_parto,4,8048,0.0497,18,5317.95,1
202410,MA,Maranhão,hemorragias,outras_hemorragias_obstetricas,98,8048,1.2177,365,33870.04,0
202410,MA,Maranhão,infeccoes,infeccao_geniturinaria_gestacao,84,8048,1.0437,332,20497.72,0
202410,MA,Maranhão,infeccoes,infeccao_puerperal,53,8048,0.6585,324,15042.30,0
202410,MA,Maranhão,outras_condicoes_maternas,anemia_complicando_gestacao,5,8048,0.0621,10,739.75,0
202410,MA,Maranhão,outras_condicoes_maternas,doencas_classificadas_em_outros_capitulos,36,8048,0.4473,151,10115.06,0
202410,MA,Maranhão,outras_condicoes_maternas,edema_proteinuria_sem_hipertensao,2,8048,0.0249,12,2370.48,0
202410,MA,Maranhão,outras_condicoes_maternas,outras_condicoes_da_gestacao,49,8048,0.6088,156,11115.61,0
202410,MA,Maranhão,transtornos_hipertensivos,eclampsia,25,8048,0.3106,191,34307.49,1
202410,MA,Maranhão,transtornos_hipertensivos,hipertensao_gestacional,64,8048,0.7952,194,44706.22,0
202410,MA,Maranhão,transtornos_hipertensivos,outros_hipertensivos,139,8048,1.7271,577,100450.06,0
202410,MA,Maranhão,transtornos_hipertensivos,pre_eclampsia,199,8048,2.4727,961,181844.32,0
202410,MG,Minas Gerais,complicacoes_anestesicas,anestesia_obstetrica,13,14371,0.0905,33,8471.49,0
202410,MG,Minas Gerais,complicacoes_gestacao,liquido_membranas_ou_placenta,324,14371,2.2545,869,240884.46,1
202410,MG,Minas Gerais,complicacoes_parto,trabalho_de_parto_ou_parto,1000,14371,6.9585,2268,622781.83,0
202410,MG,Minas Gerais,complicacoes_puerperais,outras_complicacoes_puerperais,56,14371,0.3897,225,16530.17,0
202410,MG,Minas Gerais,complicacoes_vasculares,complicacoes_venosas,31,14371,0.2157,131,7980.07,0
202410,MG,Minas Gerais,complicacoes_vasculares,embolia_obstetrica,1,14371,0.007,21,1872.07,0
202410,MG,Minas Gerais,desfecho_abortivo,gestacao_com_desfecho_abortivo,1393,14371,9.6931,1775,420229.31,0
202410,MG,Minas Gerais,disturbios_metabolicos,diabetes_na_gestacao,325,14371,2.2615,1108,202331.57,0
202410,MG,Minas Gerais,hemorragias,hemorragia_pos_parto,39,14371,0.2714,111,18771.76,0
202410,MG,Minas Gerais,hemorragias,outras_hemorragias_obstetricas,346,14371,2.4076,574,100360.48,2
202410,MG,Minas Gerais,infeccoes,infeccao_geniturinaria_gestacao,187,14371,1.3012,655,41172.62,0
202410,MG,Minas Gerais,infeccoes,infeccao_puerperal,80,14371,0.5567,332,25684.32,0
202410,MG,Minas Gerais,outras_condicoes_maternas,anemia_complicando_gestacao,4,14371,0.0278,8,632.67,0
202410,MG,Minas Gerais,outras_condicoes_maternas,doencas_classificadas_em_outros_capitulos,269,14371,1.8718,730,102189.52,0
202410,MG,Minas Gerais,outras_condicoes_maternas,edema_proteinuria_sem_hipertensao,2,14371,0.0139,6,858.55,0
202410,MG,Minas Gerais,outras_condicoes_maternas,outras_condicoes_da_gestacao,172,14371,1.1969,522,56381.56,0
202410,MG,Minas Gerais,transtornos_hipertensivos,eclampsia,35,14371,0.2435,88,22916.22,0
202410,MG,Minas Gerais,transtornos_hipertensivos,hipertensao_gestacional,148,14371,1.0299,488,100539.99,0
202410,MG,Minas Gerais,transtornos_hipertensivos,outros_hipertensivos,240,14371,1.67,775,204882.94,0
202410,MG,Minas Gerais,transtornos_hipertensivos,pre_eclampsia,303,14371,2.1084,960,200703.99,1
202410,MS,Mato Grosso do Sul,complicacoes_anestesicas,anestesia_obstetrica,3,2618,0.1146,4,369.82,0
202410,MS,Mato Grosso do Sul,complicacoes_gestacao,liquido_membranas_ou_placenta,101,2618,3.8579,278,72472.25,0
202410,MS,Mato Grosso do Sul,complicacoes_parto,trabalho_de_parto_ou_parto,330,2618,12.605,717,180060.11,0
202410,MS,Mato Grosso do Sul,complicacoes_puerperais,outras_complicacoes_puerperais,14,2618,0.5348,57,8402.70,0
202410,MS,Mato Grosso do Sul,complicacoes_vasculares,complicacoes_venosas,3,2618,0.1146,5,1463.72,0
202410,MS,Mato Grosso do Sul,desfecho_abortivo,gestacao_com_desfecho_abortivo,211,2618,8.0596,353,58216.54,0
202410,MS,Mato Grosso do Sul,disturbios_metabolicos,diabetes_na_gestacao,66,2618,2.521,239,44001.19,0
202410,MS,Mato Grosso do Sul,hemorragias,hemorragia_pos_parto,2,2618,0.0764,9,290.40,0
202410,MS,Mato Grosso do Sul,hemorragias,outras_hemorragias_obstetricas,93,2618,3.5523,175,25864.41,0
202410,MS,Mato Grosso do Sul,infeccoes,infeccao_geniturinaria_gestacao,70,2618,2.6738,248,16335.86,0
202410,MS,Mato Grosso do Sul,infeccoes,infeccao_puerperal,12,2618,0.4584,106,12178.87,0
202410,MS,Mato Grosso do Sul,outras_condicoes_maternas,anemia_complicando_gestacao,1,2618,0.0382,3,171.19,0
202410,MS,Mato Grosso do Sul,outras_condicoes_maternas,doencas_classificadas_em_outros_capitulos,207,2618,7.9068,682,89258.74,0
202410,MS,Mato Grosso do Sul,outras_condicoes_maternas,outras_condicoes_da_gestacao,17,2618,0.6494,66,6007.93,0
202410,MS,Mato Grosso do Sul,transtornos_hipertensivos,eclampsia,5,2618,0.191,23,1492.19,0
202410,MS,Mato Grosso do Sul,transtornos_hipertensivos,hipertensao_gestacional,20,2618,0.7639,59,12598.89,0
202410,MS,Mato Grosso do Sul,transtornos_hipertensivos,outros_hipertensivos,63,2618,2.4064,273,64866.02,0
202410,MS,Mato Grosso do Sul,transtornos_hipertensivos,pre_eclampsia,54,2618,2.0626,195,37194.63,0
202410,MT,Mato Grosso,complicacoes_anestesicas,anestesia_obstetrica,2,3845,0.052,5,841.41,0
202410,MT,Mato Grosso,complicacoes_gestacao,liquido_membranas_ou_placenta,78,3845,2.0286,180,51600.37,0
202410,MT,Mato Grosso,complicacoes_parto,trabalho_de_parto_ou_parto,340,3845,8.8427,845,203138.62,1
202410,MT,Mato Grosso,complicacoes_puerperais,outras_complicacoes_puerperais,16,3845,0.4161,72,4290.19,0
202410,MT,Mato Grosso,complicacoes_vasculares,complicacoes_venosas,2,3845,0.052,7,282.08,0
202410,MT,Mato Grosso,desfecho_abortivo,gestacao_com_desfecho_abortivo,403,3845,10.4811,684,103424.95,0
202410,MT,Mato Grosso,disturbios_metabolicos,diabetes_na_gestacao,126,3845,3.277,236,55149.43,0
202410,MT,Mato Grosso,hemorragias,hemorragia_pos_parto,9,3845,0.2341,24,2158.21,0
202410,MT,Mato Grosso,hemorragias,outras_hemorragias_obstetricas,110,3845,2.8609,196,21583.73,0
202410,MT,Mato Grosso,infeccoes,infeccao_geniturinaria_gestacao,67,3845,1.7425,215,13632.03,0
202410,MT,Mato Grosso,infeccoes,infeccao_puerperal,26,3845,0.6762,108,13541.32,0
202410,MT,Mato Grosso,outras_condicoes_maternas,anemia_complicando_gestacao,3,3845,0.078,11,4218.30,0
202410,MT,Mato Grosso,outras_condicoes_maternas,doencas_classificadas_em_outros_capitulos,182,3845,4.7334,550,43535.47,0
202410,MT,Mato Grosso,outras_condicoes_maternas,outras_condicoes_da_gestacao,24,3845,0.6242,84,4468.58,0
202410,MT,Mato Grosso,transtornos_hipertensivos,eclampsia,10,3845,0.2601,33,9801.62,0
202410,MT,Mato Grosso,transtornos_hipertensivos,hipertensao_gestacional,71,3845,1.8466,233,49413.00,0
202410,MT,Mato Grosso,transtornos_hipertensivos,outros_hipertensivos,42,3845,1.0923,175,35170.82,0
202410,MT,Mato Grosso,transtornos_hipertensivos,pre_eclampsia,84,3845,2.1847,223,55891.33,1
202410,PA,Pará,complicacoes_anestesicas,anestesia_obstetrica,9,10227,0.088,22,1872.81,0
202410,PA,Pará,complicacoes_gestacao,liquido_membranas_ou_placenta,445,10227,4.3512,1146,332754.03,0
202410,PA,Pará,complicacoes_parto,trabalho_de_parto_ou_parto,1988,10227,19.4387,5195,1392278.60,1
202410,PA,Pará,complicacoes_puerperais,outras_complicacoes_puerperais,31,10227,0.3031,141,18894.54,0
202410,PA,Pará,complicacoes_vasculares,complicacoes_venosas,7,10227,0.0684,35,2068.42,0
202410,PA,Pará,desfecho_abortivo,gestacao_com_desfecho_abortivo,742,10227,7.2553,1197,176065.45,1
202410,PA,Pará,disturbios_metabolicos,diabetes_na_gestacao,57,10227,0.5573,484,34078.00,0
202410,PA,Pará,hemorragias,hemorragia_pos_parto,4,10227,0.0391,5,784.50,0
202410,PA,Pará,hemorragias,outras_hemorragias_obstetricas,264,10227,2.5814,613,73450.39,0
202410,PA,Pará,infeccoes,infeccao_geniturinaria_gestacao,307,10227,3.0019,896,52861.65,0
202410,PA,Pará,infeccoes,infeccao_puerperal,67,10227,0.6551,344,20199.13,0
202410,PA,Pará,outras_condicoes_maternas,anemia_complicando_gestacao,6,10227,0.0587,21,1113.18,0
202410,PA,Pará,outras_condicoes_maternas,doencas_classificadas_em_outros_capitulos,292,10227,2.8552,1100,103409.37,0
202410,PA,Pará,outras_condicoes_maternas,edema_proteinuria_sem_hipertensao,1,10227,0.0098,3,109.24,0
202410,PA,Pará,outras_condicoes_maternas,outras_condicoes_da_gestacao,42,10227,0.4107,136,11265.24,0
202410,PA,Pará,transtornos_hipertensivos,eclampsia,33,10227,0.3227,127,34660.31,1
202410,PA,Pará,transtornos_hipertensivos,hipertensao_gestacional,101,10227,0.9876,370,78147.77,0
202410,PA,Pará,transtornos_hipertensivos,outros_hipertensivos,46,10227,0.4498,163,37417.44,0
202410,PA,Pará,transtornos_hipertensivos,pre_eclampsia,306,10227,2.9921,982,268241.47,1
202410,PB,Paraíba,complicacoes_anestesicas,anestesia_obstetrica,6,3786,0.1585,11,1791.19,0
202410,PB,Paraíba,complicacoes_gestacao,liquido_membranas_ou_placenta,148,3786,3.9091,385,118353.01,0
202410,PB,Paraíba,complicacoes_parto,trabalho_de_parto_ou_parto,591,3786,15.6101,1538,524004.05,0
202410,PB,Paraíba,complicacoes_puerperais,outras_complicacoes_puerperais,35,3786,0.9245,154,16786.33,0
202410,PB,Paraíba,complicacoes_vasculares,complicacoes_venosas,3,3786,0.0792,15,414.07,0
202410,PB,Paraíba,desfecho_abortivo,gestacao_com_desfecho_abortivo,367,3786,9.6936,545,93462.99,0
202410,PB,Paraíba,disturbios_metabolicos,diabetes_na_gestacao,248,3786,6.5504,1071,206686.50,0
202410,PB,Paraíba,hemorragias,outras_hemorragias_obstetricas,34,3786,0.898,108,15343.78,0
202410,PB,Paraíba,infeccoes,infeccao_geniturinaria_gestacao,46,3786,1.215,267,22290.57,0
202410,PB,Paraíba,infeccoes,infeccao_puerperal,21,3786,0.5547,114,5863.68,0
202410,PB,Paraíba,outras_condicoes_maternas,anemia_complicando_gestacao,5,3786,0.1321,30,4475.32,0
202410,PB,Paraíba,outras_condicoes_maternas,doencas_classificadas_em_outros_capitulos,140,3786,3.6978,720,68408.04,0
202410,PB,Paraíba,outras_condicoes_maternas,outras_condicoes_da_gestacao,20,3786,0.5283,65,11756.53,0
202410,PB,Paraíba,transtornos_hipertensivos,eclampsia,33,3786,0.8716,159,62595.11,0
202410,PB,Paraíba,transtornos_hipertensivos,hipertensao_gestacional,61,3786,1.6112,234,52383.86,0
202410,PB,Paraíba,transtornos_hipertensivos,outros_hipertensivos,42,3786,1.1094,109,36260.67,0
202410,PB,Paraíba,transtornos_hipertensivos,pre_eclampsia,228,3786,6.0222,887,254285.07,0
202410,PE,Pernambuco,complicacoes_anestesicas,anestesia_obstetrica,9,8578,0.1049,17,2069.44,0
202410,PE,Pernambuco,complicacoes_gestacao,liquido_membranas_ou_placenta,628,8578,7.3211,1493,446431.55,4
202410,PE,Pernambuco,complicacoes_parto,trabalho_de_parto_ou_parto,675,8578,7.869,1763,341993.46,0
202410,PE,Pernambuco,complicacoes_puerperais,outras_complicacoes_puerperais,40,8578,0.4663,151,17481.16,0
202410,PE,Pernambuco,complicacoes_vasculares,complicacoes_venosas,6,8578,0.0699,21,3525.69,0
202410,PE,Pernambuco,desfecho_abortivo,gestacao_com_desfecho_abortivo,736,8578,8.5801,1275,188451.36,1
202410,PE,Pernambuco,disturbios_metabolicos,diabetes_na_gestacao,261,8578,3.0427,985,174330.85,0
202410,PE,Pernambuco,hemorragias,hemorragia_pos_parto,22,8578,0.2565,39,4326.58,0
202410,PE,Pernambuco,hemorragias,outras_hemorragias_obstetricas,76,8578,0.886,208,39296.91,1
202410,PE,Pernambuco,infeccoes,infeccao_geniturinaria_gestacao,98,8578,1.1425,438,18413.57,0
202410,PE,Pernambuco,infeccoes,infeccao_puerperal,97,8578,1.1308,602,40655.28,0
202410,PE,Pernambuco,outras_condicoes_maternas,anemia_complicando_gestacao,9,8578,0.1049,24,1864.06,0
202410,PE,Pernambuco,outras_condicoes_maternas,doencas_classificadas_em_outros_capitulos,168,8578,1.9585,681,87302.33,0
202410,PE,Pernambuco,outras_condicoes_maternas,outras_condicoes_da_gestacao,26,8578,0.3031,121,7714.07,0
202410,PE,Pernambuco,transtornos_hipertensivos,eclampsia,12,8578,0.1399,73,10477.20,1
202410,PE,Pernambuco,transtornos_hipertensivos,hipertensao_gestacional,228,8578,2.658,755,166713.14,0
202410,PE,Pernambuco,transtornos_hipertensivos,outros_hipertensivos,246,8578,2.8678,731,219009.46,0
202410,PE,Pernambuco,transtornos_hipertensivos,pre_eclampsia,394,8578,4.5931,1560,338259.69,0
202410,PI,Piauí,complicacoes_gestacao,liquido_membranas_ou_placenta,129,3415,3.7775,443,109753.04,0
202410,PI,Piauí,complicacoes_parto,trabalho_de_parto_ou_parto,556,3415,16.2811,1519,343623.45,0
202410,PI,Piauí,complicacoes_puerperais,outras_complicacoes_puerperais,39,3415,1.142,234,23962.54,0
202410,PI,Piauí,complicacoes_vasculares,complicacoes_venosas,2,3415,0.0586,24,764.84,0
202410,PI,Piauí,desfecho_abortivo,gestacao_com_desfecho_abortivo,311,3415,9.1069,653,78422.42,0
202410,PI,Piauí,disturbios_metabolicos,diabetes_na_gestacao,56,3415,1.6398,381,54477.98,0
202410,PI,Piauí,hemorragias,hemorragia_pos_parto,4,3415,0.1171,14,2563.74,0
202410,PI,Piauí,hemorragias,outras_hemorragias_obstetricas,67,3415,1.9619,205,28607.75,0
202410,PI,Piauí,infeccoes,infeccao_geniturinaria_gestacao,39,3415,1.142,155,6244.04,0
202410,PI,Piauí,infeccoes,infeccao_puerperal,26,3415,0.7613,158,6287.29,0
202410,PI,Piauí,outras_condicoes_maternas,anemia_complicando_gestacao,3,3415,0.0878,12,510.48,0
202410,PI,Piauí,outras_condicoes_maternas,doencas_classificadas_em_outros_capitulos,219,3415,6.4129,1285,98762.28,0
202410,PI,Piauí,outras_condicoes_maternas,outras_condicoes_da_gestacao,25,3415,0.7321,56,3307.48,0
202410,PI,Piauí,transtornos_hipertensivos,eclampsia,5,3415,0.1464,11,4339.05,0
202410,PI,Piauí,transtornos_hipertensivos,hipertensao_gestacional,16,3415,0.4685,41,10474.56,0
202410,PI,Piauí,transtornos_hipertensivos,outros_hipertensivos,42,3415,1.2299,161,40383.44,0
202410,PI,Piauí,transtornos_hipertensivos,pre_eclampsia,209,3415,6.1201,1124,212983.43,0
202410,PR,Paraná,complicacoes_anestesicas,anestesia_obstetrica,5,8928,0.056,10,510.22,0
202410,PR,Paraná,complicacoes_gestacao,liquido_membranas_ou_placenta,146,8928,1.6353,601,111954.81,0
202410,PR,Paraná,complicacoes_parto,trabalho_de_parto_ou_parto,1153,8928,12.9144,2713,731325.92,0
202410,PR,Paraná,complicacoes_puerperais,outras_complicacoes_puerperais,62,8928,0.6944,151,13540.64,0
202410,PR,Paraná,complicacoes_vasculares,complicacoes_venosas,4,8928,0.0448,7,557.36,0
202410,PR,Paraná,desfecho_abortivo,gestacao_com_desfecho_abortivo,784,8928,8.7814,916,213437.09,0
202410,PR,Paraná,disturbios_metabolicos,diabetes_na_gestacao,147,8928,1.6465,405,98256.41,0
202410,PR,Paraná,hemorragias,hemorragia_pos_parto,11,8928,0.1232,18,3536.78,0
202410,PR,Paraná,hemorragias,outras_hemorragias_obstetricas,259,8928,2.901,382,50110.69,0
202410,PR,Paraná,infeccoes,infeccao_geniturinaria_gestacao,92,8928,1.0305,229,19710.19,0
202410,PR,Paraná,infeccoes,infeccao_puerperal,26,8928,0.2912,98,6908.89,0
202410,PR,Paraná,outras_condicoes_maternas,anemia_complicando_gestacao,3,8928,0.0336,7,827.35,0
202410,PR,Paraná,outras_condicoes_maternas,doencas_classificadas_em_outros_capitulos,687,8928,7.6949,1628,276447.34,0
202410,PR,Paraná,outras_condicoes_maternas,outras_condicoes_da_gestacao,92,8928,1.0305,187,25937.73,0
202410,PR,Paraná,transtornos_hipertensivos,eclampsia,18,8928,0.2016,46,11003.18,0
202410,PR,Paraná,transtornos_hipertensivos,hipertensao_gestacional,56,8928,0.6272,154,22808.61,0
202410,PR,Paraná,transtornos_hipertensivos,outros_hipertensivos,128,8928,1.4337,364,97813.46,0
202410,PR,Paraná,transtornos_hipertensivos,pre_eclampsia,88,8928,0.9857,320,62288.81,0
202410,RJ,Rio de Janeiro,complicacoes_anestesicas,anestesia_obstetrica,23,10917,0.2107,52,6584.57,0
202410,RJ,Rio de Janeiro,complicacoes_gestacao,liquido_membranas_ou_placenta,577,10917,5.2853,1897,437426.78,0
202410,RJ,Rio de Janeiro,complicacoes_parto,trabalho_de_parto_ou_parto,1123,10917,10.2867,3394,794684.93,0
202410,RJ,Rio de Janeiro,complicacoes_puerperais,outras_complicacoes_puerperais,72,10917,0.6595,331,54480.94,0
202410,RJ,Rio de Janeiro,complicacoes_vasculares,complicacoes_venosas,20,10917,0.1832,163,7437.02,0
202410,RJ,Rio de Janeiro,desfecho_abortivo,gestacao_com_desfecho_abortivo,1199,10917,10.9829,2375,360074.58,0
202410,RJ,Rio de Janeiro,disturbios_metabolicos,diabetes_na_gestacao,428,10917,3.9205,1891,236425.23,0
202410,RJ,Rio de Janeiro,hemorragias,hemorragia_pos_parto,14,10917,0.1282,70,5380.46,0
202410,RJ,Rio de Janeiro,hemorragias,outras_hemorragias_obstetricas,217,10917,1.9877,476,65817.22,0
202410,RJ,Rio de Janeiro,infeccoes,infeccao_geniturinaria_gestacao,235,10917,2.1526,1242,51632.00,0
202410,RJ,Rio de Janeiro,infeccoes,infeccao_puerperal,146,10917,1.3374,809,58320.69,0
202410,RJ,Rio de Janeiro,outras_condicoes_maternas,anemia_complicando_gestacao,17,10917,0.1557,71,8222.33,0
202410,RJ,Rio de Janeiro,outras_condicoes_maternas,doencas_classificadas_em_outros_capitulos,340,10917,3.1144,1358,145303.09,0
202410,RJ,Rio de Janeiro,outras_condicoes_maternas,edema_proteinuria_sem_hipertensao,8,10917,0.0733,39,2668.23,0
202410,RJ,Rio de Janeiro,outras_condicoes_maternas,outras_condicoes_da_gestacao,93,10917,0.8519,406,18363.22,0
202410,RJ,Rio de Janeiro,transtornos_hipertensivos,eclampsia,33,10917,0.3023,111,28209.79,0
202410,RJ,Rio de Janeiro,transtornos_hipertensivos,hipertensao_gestacional,190,10917,1.7404,732,119562.84,0
202410,RJ,Rio de Janeiro,transtornos_hipertensivos,outros_hipertensivos,345,10917,3.1602,1384,228529.49,0
202410,RJ,Rio de Janeiro,transtornos_hipertensivos,pre_eclampsia,333,10917,3.0503,1439,293424.77,0
202410,RN,Rio Grande do Norte,complicacoes_anestesicas,anestesia_obstetrica,4,3446,0.1161,12,1121.09,0
202410,RN,Rio Grande do Norte,complicacoes_gestacao,liquido_membranas_ou_placenta,69,3446,2.0023,217,59239.26,0
202410,RN,Rio Grande do Norte,complicacoes_parto,trabalho_de_parto_ou_parto,644,3446,18.6883,1713,404754.46,0
202410,RN,Rio Grande do Norte,complicacoes_puerperais,outras_complicacoes_puerperais,36,3446,1.0447,115,7299.03,0
202410,RN,Rio Grande do Norte,complicacoes_vasculares,complicacoes_venosas,3,3446,0.0871,15,3619.07,0
202410,RN,Rio Grande do Norte,desfecho_abortivo,gestacao_com_desfecho_abortivo,292,3446,8.4736,345,75087.94,0
202410,RN,Rio Grande do Norte,disturbios_metabolicos,diabetes_na_gestacao,99,3446,2.8729,469,67225.10,0
202410,RN,Rio Grande do Norte,hemorragias,hemorragia_pos_parto,16,3446,0.4643,32,9375.70,0
202410,RN,Rio Grande do Norte,hemorragias,outras_hemorragias_obstetricas,11,3446,0.3192,23,4705.24,0
202410,RN,Rio Grande do Norte,infeccoes,infeccao_geniturinaria_gestacao,34,3446,0.9867,151,10785.60,0
202410,RN,Rio Grande do Norte,infeccoes,infeccao_puerperal,24,3446,0.6965,159,7324.54,0
202410,RN,Rio Grande do Norte,outras_condicoes_maternas,doencas_classificadas_em_outros_capitulos,10,3446,0.2902,60,6673.47,0
202410,RN,Rio Grande do Norte,outras_condicoes_maternas,outras_condicoes_da_gestacao,4,3446,0.1161,18,1333.70,0
202410,RN,Rio Grande do Norte,transtornos_hipertensivos,eclampsia,10,3446,0.2902,31,1773.41,0
202410,RN,Rio Grande do Norte,transtornos_hipertensivos,hipertensao_gestacional,205,3446,5.9489,778,152269.44,0
202410,RN,Rio Grande do Norte,transtornos_hipertensivos,outros_hipertensivos,87,3446,2.5247,287,58006.49,0
202410,RN,Rio Grande do Norte,transtornos_hipertensivos,pre_eclampsia,296,3446,8.5897,936,286595.33,1
202410,RO,Rondônia,complicacoes_anestesicas,anestesia_obstetrica,5,1604,0.3117,11,836.58,0
202410,RO,Rondônia,complicacoes_gestacao,liquido_membranas_ou_placenta,25,1604,1.5586,55,17401.20,0
202410,RO,Rondônia,complicacoes_parto,trabalho_de_parto_ou_parto,157,1604,9.788,298,83152.21,0
202410,RO,Rondônia,complicacoes_puerperais,outras_complicacoes_puerperais,11,1604,0.6858,36,3098.38,0
202410,RO,Rondônia,complicacoes_vasculares,complicacoes_venosas,2,1604,0.1247,35,11973.86,0
202410,RO,Rondônia,desfecho_abortivo,gestacao_com_desfecho_abortivo,200,1604,12.4688,326,49257.57,0
202410,RO,Rondônia,disturbios_metabolicos,diabetes_na_gestacao,60,1604,3.7406,165,10124.92,0
202410,RO,Rondônia,hemorragias,hemorragia_pos_parto,3,1604,0.187,3,562.86,0
202410,RO,Rondônia,hemorragias,outras_hemorragias_obstetricas,59,1604,3.6783,120,8501.75,0
202410,RO,Rondônia,infeccoes,infeccao_geniturinaria_gestacao,86,1604,5.3616,208,13205.93,0
202410,RO,Rondônia,infeccoes,infeccao_puerperal,16,1604,0.9975,56,3768.55,0
202410,RO,Rondônia,outras_condicoes_maternas,anemia_complicando_gestacao,2,1604,0.1247,5,242.68,0
202410,RO,Rondônia,outras_condicoes_maternas,doencas_classificadas_em_outros_capitulos,59,1604,3.6783,122,8106.21,0
202410,RO,Rondônia,outras_condicoes_maternas,outras_condicoes_da_gestacao,12,1604,0.7481,13,1343.05,0
202410,RO,Rondônia,transtornos_hipertensivos,eclampsia,2,1604,0.1247,2,2014.49,1
202410,RO,Rondônia,transtornos_hipertensivos,hipertensao_gestacional,8,1604,0.4988,19,3410.68,0
202410,RO,Rondônia,transtornos_hipertensivos,outros_hipertensivos,14,1604,0.8728,28,2012.49,0
202410,RO,Rondônia,transtornos_hipertensivos,pre_eclampsia,10,1604,0.6234,16,4757.99,0
202410,RR,Roraima,complicacoes_anestesicas,anestesia_obstetrica,1,714,0.1401,3,1121.94,0
202410,RR,Roraima,complicacoes_gestacao,liquido_membranas_ou_placenta,11,714,1.5406,32,9751.84,0
202410,RR,Roraima,complicacoes_parto,trabalho_de_parto_ou_parto,75,714,10.5042,255,67193.89,0
202410,RR,Roraima,complicacoes_puerperais,outras_complicacoes_puerperais,6,714,0.8403,18,1581.11,0
202410,RR,Roraima,complicacoes_vasculares,complicacoes_venosas,1,714,0.1401,2,150.28,0
202410,RR,Roraima,desfecho_abortivo,gestacao_com_desfecho_abortivo,54,714,7.563,132,19313.80,0
202410,RR,Roraima,disturbios_metabolicos,diabetes_na_gestacao,58,714,8.1232,246,37593.58,0
202410,RR,Roraima,hemorragias,outras_hemorragias_obstetricas,41,714,5.7423,146,11304.81,0
202410,RR,Roraima,infeccoes,infeccao_geniturinaria_gestacao,30,714,4.2017,161,4989.76,0
202410,RR,Roraima,infeccoes,infeccao_puerperal,10,714,1.4006,69,2814.60,0
202410,RR,Roraima,outras_condicoes_maternas,anemia_complicando_gestacao,3,714,0.4202,20,755.67,0
202410,RR,Roraima,outras_condicoes_maternas,doencas_classificadas_em_outros_capitulos,30,714,4.2017,152,6130.12,0
202410,RR,Roraima,outras_condicoes_maternas,outras_condicoes_da_gestacao,11,714,1.5406,75,2076.00,0
202410,RR,Roraima,transtornos_hipertensivos,hipertensao_gestacional,8,714,1.1204,42,1303.92,0
202410,RR,Roraima,transtornos_hipertensivos,outros_hipertensivos,9,714,1.2605,36,8720.93,0
202410,RR,Roraima,transtornos_hipertensivos,pre_eclampsia,4,714,0.5602,26,3617.81,0
202410,RS,Rio Grande do Sul,complicacoes_gestacao,liquido_membranas_ou_placenta,345,7361,4.6869,1062,262362.43,0
202410,RS,Rio Grande do Sul,complicacoes_parto,trabalho_de_parto_ou_parto,919,7361,12.4847,2485,647412.22,0
202410,RS,Rio Grande do Sul,complicacoes_puerperais,outras_complicacoes_puerperais,9,7361,0.1223,32,3371.06,0
202410,RS,Rio Grande do Sul,complicacoes_vasculares,complicacoes_venosas,8,7361,0.1087,60,2658.06,0
202410,RS,Rio Grande do Sul,desfecho_abortivo,gestacao_com_desfecho_abortivo,600,7361,8.1511,747,172378.68,0
202410,RS,Rio Grande do Sul,disturbios_metabolicos,diabetes_na_gestacao,190,7361,2.5812,809,96068.43,0
202410,RS,Rio Grande do Sul,hemorragias,hemorragia_pos_parto,11,7361,0.1494,24,3694.10,0
202410,RS,Rio Grande do Sul,hemorragias,outras_hemorragias_obstetricas,100,7361,1.3585,214,35654.07,0
202410,RS,Rio Grande do Sul,infeccoes,infeccao_geniturinaria_gestacao,95,7361,1.2906,427,17882.47,0
202410,RS,Rio Grande do Sul,infeccoes,infeccao_puerperal,31,7361,0.4211,144,8262.94,0
202410,RS,Rio Grande do Sul,outras_condicoes_maternas,anemia_complicando_gestacao,3,7361,0.0408,9,488.12,0
202410,RS,Rio Grande do Sul,outras_condicoes_maternas,doencas_classificadas_em_outros_capitulos,293,7361,3.9804,1527,127819.20,0
202410,RS,Rio Grande do Sul,outras_condicoes_maternas,edema_proteinuria_sem_hipertensao,7,7361,0.0951,17,2198.48,0
202410,RS,Rio Grande do Sul,outras_condicoes_maternas,outras_condicoes_da_gestacao,43,7361,0.5842,173,12090.31,0
202410,RS,Rio Grande do Sul,transtornos_hipertensivos,eclampsia,33,7361,0.4483,140,15289.60,0
202410,RS,Rio Grande do Sul,transtornos_hipertensivos,hipertensao_gestacional,75,7361,1.0189,241,48497.27,0
202410,RS,Rio Grande do Sul,transtornos_hipertensivos,outros_hipertensivos,101,7361,1.3721,474,72865.39,0
202410,RS,Rio Grande do Sul,transtornos_hipertensivos,pre_eclampsia,264,7361,3.5865,1773,178447.76,0
202410,SC,Santa Catarina,complicacoes_anestesicas,anestesia_obstetrica,4,6109,0.0655,4,674.94,0
202410,SC,Santa Catarina,complicacoes_gestacao,liquido_membranas_ou_placenta,138,6109,2.259,478,109254.05,0
202410,SC,Santa Catarina,complicacoes_parto,trabalho_de_parto_ou_parto,790,6109,12.9317,1989,542631.98,0
202410,SC,Santa Catarina,complicacoes_puerperais,outras_complicacoes_puerperais,36,6109,0.5893,114,20508.37,0
202410,SC,Santa Catarina,complicacoes_vasculares,complicacoes_venosas,8,6109,0.131,42,1918.27,0
202410,SC,Santa Catarina,desfecho_abortivo,gestacao_com_desfecho_abortivo,544,6109,8.9049,669,183926.75,1
202410,SC,Santa Catarina,disturbios_metabolicos,diabetes_na_gestacao,207,6109,3.3884,670,120525.52,0
202410,SC,Santa Catarina,hemorragias,hemorragia_pos_parto,17,6109,0.2783,39,7352.45,0
202410,SC,Santa Catarina,hemorragias,outras_hemorragias_obstetricas,101,6109,1.6533,194,39597.33,0
202410,SC,Santa Catarina,infeccoes,infeccao_geniturinaria_gestacao,122,6109,1.9971,441,26371.21,0
202410,SC,Santa Catarina,infeccoes,infeccao_puerperal,43,6109,0.7039,167,14159.35,0
202410,SC,Santa Catarina,outras_condicoes_maternas,anemia_complicando_gestacao,2,6109,0.0327,3,226.48,0
202410,SC,Santa Catarina,outras_condicoes_maternas,doencas_classificadas_em_outros_capitulos,194,6109,3.1756,674,58017.14,0
202410,SC,Santa Catarina,outras_condicoes_maternas,edema_proteinuria_sem_hipertensao,5,6109,0.0818,10,1576.30,0
202410,SC,Santa Catarina,outras_condicoes_maternas,outras_condicoes_da_gestacao,62,6109,1.0149,208,18111.33,0
202410,SC,Santa Catarina,transtornos_hipertensivos,eclampsia,11,6109,0.1801,38,7992.26,0
202410,SC,Santa Catarina,transtornos_hipertensivos,hipertensao_gestacional,58,6109,0.9494,227,35597.08,0
202410,SC,Santa Catarina,transtornos_hipertensivos,outros_hipertensivos,87,6109,1.4241,300,56633.70,0
202410,SC,Santa Catarina,transtornos_hipertensivos,pre_eclampsia,141,6109,2.3081,593,103186.08,1
202410,SE,Sergipe,complicacoes_gestacao,liquido_membranas_ou_placenta,32,1827,1.7515,106,23129.68,0
202410,SE,Sergipe,complicacoes_parto,trabalho_de_parto_ou_parto,353,1827,19.3213,653,178320.79,0
202410,SE,Sergipe,complicacoes_puerperais,outras_complicacoes_puerperais,10,1827,0.5473,73,6095.11,0
202410,SE,Sergipe,desfecho_abortivo,gestacao_com_desfecho_abortivo,138,1827,7.5534,222,37971.44,0
202410,SE,Sergipe,disturbios_metabolicos,diabetes_na_gestacao,38,1827,2.0799,200,25230.50,0
202410,SE,Sergipe,hemorragias,hemorragia_pos_parto,1,1827,0.0547,2,220.40,0
202410,SE,Sergipe,hemorragias,outras_hemorragias_obstetricas,14,1827,0.7663,59,10226.34,0
202410,SE,Sergipe,infeccoes,infeccao_geniturinaria_gestacao,12,1827,0.6568,87,2821.94,0
202410,SE,Sergipe,infeccoes,infeccao_puerperal,17,1827,0.9305,97,3190.41,0
202410,SE,Sergipe,outras_condicoes_maternas,anemia_complicando_gestacao,2,1827,0.1095,15,461.01,0
202410,SE,Sergipe,outras_condicoes_maternas,doencas_classificadas_em_outros_capitulos,19,1827,1.04,139,7627.46,0
202410,SE,Sergipe,outras_condicoes_maternas,outras_condicoes_da_gestacao,3,1827,0.1642,14,1221.61,0
202410,SE,Sergipe,transtornos_hipertensivos,eclampsia,4,1827,0.2189,30,10868.08,0
202410,SE,Sergipe,transtornos_hipertensivos,hipertensao_gestacional,16,1827,0.8758,77,7705.34,0
202410,SE,Sergipe,transtornos_hipertensivos,outros_hipertensivos,26,1827,1.4231,109,19172.46,0
202410,SE,Sergipe,transtornos_hipertensivos,pre_eclampsia,32,1827,1.7515,133,23183.79,0
202410,SP,São Paulo,complicacoes_anestesicas,anestesia_obstetrica,25,29336,0.0852,45,4978.78,0
202410,SP,São Paulo,complicacoes_gestacao,liquido_membranas_ou_placenta,986,29336,3.3611,3037,757384.30,0
202410,SP,São Paulo,complicacoes_parto,trabalho_de_parto_ou_parto,3357,29336,11.4433,9531,2256575.39,1
202410,SP,São Paulo,complicacoes_puerperais,outras_complicacoes_puerperais,92,29336,0.3136,333,47993.23,0
202410,SP,São Paulo,complicacoes_vasculares,complicacoes_venosas,23,29336,0.0784,77,12626.78,0
202410,SP,São Paulo,complicacoes_vasculares,embolia_obstetrica,1,29336,0.0034,15,6962.78,0
202410,SP,São Paulo,desfecho_abortivo,gestacao_com_desfecho_abortivo,2597,29336,8.8526,4103,769320.12,1
202410,SP,São Paulo,disturbios_metabolicos,diabetes_na_gestacao,1100,29336,3.7497,4108,556232.49,0
202410,SP,São Paulo,hemorragias,hemorragia_pos_parto,45,29336,0.1534,130,19892.59,0
202410,SP,São Paulo,hemorragias,outras_hemorragias_obstetricas,896,29336,3.0543,1553,253658.39,1
202410,SP,São Paulo,infeccoes,infeccao_geniturinaria_gestacao,366,29336,1.2476,1557,92266.74,0
202410,SP,São Paulo,infeccoes,infeccao_puerperal,157,29336,0.5352,761,57343.43,0
202410,SP,São Paulo,outras_condicoes_maternas,anemia_complicando_gestacao,23,29336,0.0784,88,9958.13,0
202410,SP,São Paulo,outras_condicoes_maternas,doencas_classificadas_em_outros_capitulos,680,29336,2.318,2287,340069.58,1
202410,SP,São Paulo,outras_condicoes_maternas,edema_proteinuria_sem_hipertensao,3,29336,0.0102,13,1182.05,0
202410,SP,São Paulo,outras_condicoes_maternas,outras_condicoes_da_gestacao,352,29336,1.1999,1251,115001.12,0
202410,SP,São Paulo,transtornos_hipertensivos,eclampsia,121,29336,0.4125,528,76730.81,1
202410,SP,São Paulo,transtornos_hipertensivos,hipertensao_gestacional,416,29336,1.4181,1421,259366.45,0
202410,SP,São Paulo,transtornos_hipertensivos,outros_hipertensivos,337,29336,1.1488,1204,244072.98,0
202410,SP,São Paulo,transtornos_hipertensivos,pre_eclampsia,595,29336,2.0282,2439,543106.09,0
202410,TO,Tocantins,complicacoes_anestesicas,anestesia_obstetrica,4,2048,0.1953,8,663.75,0
202410,TO,Tocantins,complicacoes_gestacao,liquido_membranas_ou_placenta,40,2048,1.9531,113,29431.36,0
202410,TO,Tocantins,complicacoes_parto,trabalho_de_parto_ou_parto,379,2048,18.5059,1192,286543.11,1
202410,TO,Tocantins,complicacoes_puerperais,outras_complicacoes_puerperais,31,2048,1.5137,101,6041.81,0
202410,TO,Tocantins,complicacoes_vasculares,complicacoes_venosas,3,2048,0.1465,13,1769.22,0
202410,TO,Tocantins,desfecho_abortivo,gestacao_com_desfecho_abortivo,153,2048,7.4707,316,43266.28,0
202410,TO,Tocantins,disturbios_metabolicos,diabetes_na_gestacao,57,2048,2.7832,184,32248.22,0
202410,TO,Tocantins,hemorragias,hemorragia_pos_parto,1,2048,0.0488,2,195.62,0
202410,TO,Tocantins,hemorragias,outras_hemorragias_obstetricas,47,2048,2.2949,91,12405.45,0
202410,TO,Tocantins,infeccoes,infeccao_geniturinaria_gestacao,17,2048,0.8301,57,2400.06,0
202410,TO,Tocantins,infeccoes,infeccao_puerperal,18,2048,0.8789,94,7711.66,1
202410,TO,Tocantins,outras_condicoes_maternas,anemia_complicando_gestacao,2,2048,0.0977,10,1294.13,0
202410,TO,Tocantins,outras_condicoes_maternas,doencas_classificadas_em_outros_capitulos,51,2048,2.4902,206,10765.94,0
202410,TO,Tocantins,outras_condicoes_maternas,outras_condicoes_da_gestacao,17,2048,0.8301,57,4731.13,0
202410,TO,Tocantins,transtornos_hipertensivos,eclampsia,7,2048,0.3418,15,2648.55,0
202410,TO,Tocantins,transtornos_hipertensivos,hipertensao_gestacional,28,2048,1.3672,90,14237.38,0
202410,TO,Tocantins,transtornos_hipertensivos,outros_hipertensivos,26,2048,1.2695,115,19278.55,0
202410,TO,Tocantins,transtornos_hipertensivos,pre_eclampsia,54,2048,2.6367,191,50056.29,0
202411,AC,Acre,complicacoes_anestesicas,anestesia_obstetrica,1,1309,0.0764,3,179.30,0
202411,AC,Acre,complicacoes_gestacao,liquido_membranas_ou_placenta,36,1309,2.7502,122,34646.89,0
202411,AC,Acre,complicacoes_parto,trabalho_de_parto_ou_parto,149,1309,11.3827,528,124847.43,1
202411,AC,Acre,complicacoes_puerperais,outras_complicacoes_puerperais,4,1309,0.3056,9,701.40,0
202411,AC,Acre,complicacoes_vasculares,complicacoes_venosas,1,1309,0.0764,2,171.30,0
202411,AC,Acre,desfecho_abortivo,gestacao_com_desfecho_abortivo,127,1309,9.7021,168,30959.25,0
202411,AC,Acre,disturbios_metabolicos,diabetes_na_gestacao,34,1309,2.5974,161,30462.50,0
202411,AC,Acre,hemorragias,outras_hemorragias_obstetricas,14,1309,1.0695,47,4678.28,0
202411,AC,Acre,infeccoes,infeccao_geniturinaria_gestacao,28,1309,2.139,92,4718.94,0
202411,AC,Acre,infeccoes,infeccao_puerperal,19,1309,1.4515,107,6029.23,0
202411,AC,Acre,outras_condicoes_maternas,anemia_complicando_gestacao,2,1309,0.1528,15,1467.66,0
202411,AC,Acre,outras_condicoes_maternas,doencas_classificadas_em_outros_capitulos,35,1309,2.6738,147,7733.01,0
202411,AC,Acre,outras_condicoes_maternas,outras_condicoes_da_gestacao,3,1309,0.2292,5,488.50,0
202411,AC,Acre,transtornos_hipertensivos,eclampsia,5,1309,0.382,10,3104.47,0
202411,AC,Acre,transtornos_hipertensivos,hipertensao_gestacional,10,1309,0.7639,40,4726.65,0
202411,AC,Acre,transtornos_hipertensivos,outros_hipertensivos,9,1309,0.6875,38,7677.03,0
202411,AC,Acre,transtornos_hipertensivos,pre_eclampsia,36,1309,2.7502,149,32828.00,0
202411,AL,Alagoas,complicacoes_gestacao,liquido_membranas_ou_placenta,189,3034,6.2294,441,144066.26,0
202411,AL,Alagoas,complicacoes_parto,trabalho_de_parto_ou_parto,328,3034,10.8108,897,218153.95,0
202411,AL,Alagoas,complicacoes_puerperais,outras_complicacoes_puerperais,24,3034,0.791,56,4964.15,0
202411,AL,Alagoas,complicacoes_vasculares,complicacoes_venosas,7,3034,0.2307,64,1766.50,0
202411,AL,Alagoas,complicacoes_vasculares,embolia_obstetrica,1,3034,0.033,5,154.30,0
202411,AL,Alagoas,desfecho_abortivo,gestacao_com_desfecho_abortivo,232,3034,7.6467,478,61148.99,0
202411,AL,Alagoas,disturbios_metabolicos,diabetes_na_gestacao,62,3034,2.0435,336,50575.50,0
202411,AL,Alagoas,hemorragias,outras_hemorragias_obstetricas,72,3034,2.3731,200,30732.22,0
202411,AL,Alagoas,infeccoes,infeccao_geniturinaria_gestacao,48,3034,1.5821,271,10513.93,0
202411,AL,Alagoas,infeccoes,infeccao_puerperal,32,3034,1.0547,223,16119.14,0
202411,AL,Alagoas,outras_condicoes_maternas,anemia_complicando_gestacao,2,3034,0.0659,6,436.76,0
202411,AL,Alagoas,outras_condicoes_maternas,doencas_classificadas_em_outros_capitulos,101,3034,3.3289,602,52565.41,0
202411,AL,Alagoas,outras_condicoes_maternas,outras_condicoes_da_gestacao,24,3034,0.791,93,4503.10,0
202411,AL,Alagoas,transtornos_hipertensivos,eclampsia,2,3034,0.0659,3,1414.60,0
202411,AL,Alagoas,transtornos_hipertensivos,hipertensao_gestacional,17,3034,0.5603,74,10955.96,0
202411,AL,Alagoas,transtornos_hipertensivos,outros_hipertensivos,30,3034,0.9888,144,24471.88,0
202411,AL,Alagoas,transtornos_hipertensivos,pre_eclampsia,75,3034,2.472,316,85878.36,0
202411,AM,Amazonas,complicacoes_gestacao,liquido_membranas_ou_placenta,144,5241,2.7476,641,141754.77,0
202411,AM,Amazonas,complicacoes_parto,trabalho_de_parto_ou_parto,528,5241,10.0744,1795,436095.84,1
202411,AM,Amazonas,complicacoes_puerperais,outras_complicacoes_puerperais,31,5241,0.5915,137,12358.87,0
202411,AM,Amazonas,complicacoes_vasculares,complicacoes_venosas,2,5241,0.0382,4,733.03,0
202411,AM,Amazonas,desfecho_abortivo,gestacao_com_desfecho_abortivo,412,5241,7.8611,776,95202.06,0
202411,AM,Amazonas,disturbios_metabolicos,diabetes_na_gestacao,25,5241,0.477,125,23626.49,0
202411,AM,Amazonas,hemorragias,outras_hemorragias_obstetricas,107,5241,2.0416,364,34167.10,0
202411,AM,Amazonas,infeccoes,infeccao_geniturinaria_gestacao,205,5241,3.9115,717,34059.94,0
202411,AM,Amazonas,infeccoes,infeccao_puerperal,49,5241,0.9349,298,18636.25,0
202411,AM,Amazonas,outras_condicoes_maternas,anemia_complicando_gestacao,3,5241,0.0572,8,1774.38,0
202411,AM,Amazonas,outras_condicoes_maternas,doencas_classificadas_em_outros_capitulos,63,5241,1.2021,289,25692.36,0
202411,AM,Amazonas,outras_condicoes_maternas,edema_proteinuria_sem_hipertensao,2,5241,0.0382,3,871.15,0
202411,AM,Amazonas,outras_condicoes_maternas,outras_condicoes_da_gestacao,13,5241,0.248,95,4555.00,0
202411,AM,Amazonas,transtornos_hipertensivos,eclampsia,13,5241,0.248,25,7217.44,0
202411,AM,Amazonas,transtornos_hipertensivos,hipertensao_gestacional,42,5241,0.8014,167,27737.27,0
202411,AM,Amazonas,transtornos_hipertensivos,outros_hipertensivos,16,5241,0.3053,84,12273.55,0
202411,AM,Amazonas,transtornos_hipertensivos,pre_eclampsia,102,5241,1.9462,453,90112.88,0
202411,AP,Amapá,complicacoes_anestesicas,anestesia_obstetrica,4,1321,0.3028,16,785.63,0
202411,AP,Amapá,complicacoes_gestacao,liquido_membranas_ou_placenta,51,1321,3.8607,254,37440.32,0
202411,AP,Amapá,complicacoes_parto,trabalho_de_parto_ou_parto,118,1321,8.9326,421,77743.19,0
202411,AP,Amapá,complicacoes_puerperais,outras_complicacoes_puerperais,6,1321,0.4542,15,1456.79,0
202411,AP,Amapá,desfecho_abortivo,gestacao_com_desfecho_abortivo,138,1321,10.4466,282,35944.56,0
202411,AP,Amapá,disturbios_metabolicos,diabetes_na_gestacao,47,1321,3.5579,308,23634.73,0
202411,AP,Amapá,hemorragias,hemorragia_pos_parto,2,1321,0.1514,3,360.24,0
202411,AP,Amapá,hemorragias,outras_hemorragias_obstetricas,23,1321,1.7411,33,6189.72,0
202411,AP,Amapá,infeccoes,infeccao_geniturinaria_gestacao,19,1321,1.4383,121,3539.78,0
202411,AP,Amapá,infeccoes,infeccao_puerperal,28,1321,2.1196,178,8131.78,0
202411,AP,Amapá,outras_condicoes_maternas,anemia_complicando_gestacao,1,1321,0.0757,4,200.52,0
202411,AP,Amapá,outras_condicoes_maternas,doencas_classificadas_em_outros_capitulos,18,1321,1.3626,79,4021.61,0
202411,AP,Amapá,outras_condicoes_maternas,outras_condicoes_da_gestacao,3,1321,0.2271,17,611.16,0
202411,AP,Amapá,transtornos_hipertensivos,eclampsia,5,1321,0.3785,36,772.58,0
202411,AP,Amapá,transtornos_hipertensivos,hipertensao_gestacional,28,1321,2.1196,126,19771.42,0
202411,AP,Amapá,transtornos_hipertensivos,outros_hipertensivos,23,1321,1.7411,82,13570.31,0
202411,AP,Amapá,transtornos_hipertensivos,pre_eclampsia,30,1321,2.271,138,22264.04,0
202411,BA,Bahia,complicacoes_anestesicas,anestesia_obstetrica,14,12296,0.1139,37,2919.03,0
202411,BA,Bahia,complicacoes_gestacao,liquido_membranas_ou_placenta,297,12296,2.4154,891,212667.01,0
202411,BA,Bahia,complicacoes_parto,trabalho_de_parto_ou_parto,1081,12296,8.7915,2826,681628.05,0
202411,BA,Bahia,complicacoes_puerperais,outras_complicacoes_puerperais,135,12296,1.0979,578,90349.32,1
202411,BA,Bahia,complicacoes_vasculares,complicacoes_venosas,44,12296,0.3578,232,15175.34,0
202411,BA,Bahia,complicacoes_vasculares,embolia_obstetrica,1,12296,0.0081,2,522.60,0
202411,BA,Bahia,desfecho_abortivo,gestacao_com_desfecho_abortivo,1453,12296,11.8169,2603,329743.57,1
202411,BA,Bahia,disturbios_metabolicos,diabetes_na_gestacao,339,12296,2.757,1517,192594.14,0
202411,BA,Bahia,hemorragias,hemorragia_pos_parto,16,12296,0.1301,77,23398.06,0
202411,BA,Bahia,hemorragias,outras_hemorragias_obstetricas,254,12296,2.0657,708,64251.74,1
202411,BA,Bahia,infeccoes,infeccao_geniturinaria_gestacao,176,12296,1.4314,711,28068.07,0
202411,BA,Bahia,infeccoes,infeccao_puerperal,105,12296,0.8539,498,52253.29,2
202411,BA,Bahia,outras_condicoes_maternas,anemia_complicando_gestacao,11,12296,0.0895,37,13864.09,0
202411,BA,Bahia,outras_condicoes_maternas,doencas_classificadas_em_outros_capitulos,619,12296,5.0342,2448,242901.10,0
202411,BA,Bahia,outras_condicoes_maternas,edema_proteinuria_sem_hipertensao,1,12296,0.0081,0,109.24,0
202411,BA,Bahia,outras_condicoes_maternas,outras_condicoes_da_gestacao,85,12296,0.6913,285,16620.08,0
202411,BA,Bahia,transtornos_hipertensivos,eclampsia,19,12296,0.1545,71,14057.54,0
202411,BA,Bahia,transtornos_hipertensivos,hipertensao_gestacional,199,12296,1.6184,614,92654.80,0
202411,BA,Bahia,transtornos_hipertensivos,outros_hipertensivos,215,12296,1.7485,704,172873.34,0
202411,BA,Bahia,transtornos_hipertensivos,pre_eclampsia,239,12296,1.9437,988,168633.30,1
202411,CE,Ceará,complicacoes_anestesicas,anestesia_obstetrica,7,8049,0.087,11,1022.00,0
202411,CE,Ceará,complicacoes_gestacao,liquido_membranas_ou_placenta,387,8049,4.8081,1088,290377.44,1
202411,CE,Ceará,complicacoes_parto,trabalho_de_parto_ou_parto,814,8049,10.1131,2060,532916.65,1
202411,CE,Ceará,complicacoes_puerperais,outras_complicacoes_puerperais,22,8049,0.2733,142,16403.25,0
202411,CE,Ceará,complicacoes_vasculares,complicacoes_venosas,8,8049,0.0994,34,1875.73,0
202411,CE,Ceará,desfecho_abortivo,gestacao_com_desfecho_abortivo,829,8049,10.2994,1442,203632.43,0
202411,CE,Ceará,disturbios_metabolicos,diabetes_na_gestacao,283,8049,3.516,1200,186032.27,1
202411,CE,Ceará,hemorragias,hemorragia_pos_parto,12,8049,0.1491,40,14399.70,0
202411,CE,Ceará,hemorragias,outras_hemorragias_obstetricas,126,8049,1.5654,249,41101.41,0
202411,CE,Ceará,infeccoes,infeccao_geniturinaria_gestacao,148,8049,1.8387,623,30349.54,0
202411,CE,Ceará,infeccoes,infeccao_puerperal,51,8049,0.6336,285,13746.05,0
202411,CE,Ceará,outras_condicoes_maternas,anemia_complicando_gestacao,5,8049,0.0621,24,3823.62,0
202411,CE,Ceará,outras_condicoes_maternas,doencas_classificadas_em_outros_capitulos,354,8049,4.3981,1513,129788.22,0
202411,CE,Ceará,outras_condicoes_maternas,edema_proteinuria_sem_hipertensao,6,8049,0.0745,7,3999.46,0
202411,CE,Ceará,outras_condicoes_maternas,outras_condicoes_da_gestacao,47,8049,0.5839,141,12447.92,0
202411,CE,Ceará,transtornos_hipertensivos,eclampsia,20,8049,0.2485,56,13412.23,0
202411,CE,Ceará,transtornos_hipertensivos,hipertensao_gestacional,98,8049,1.2175,330,67752.71,0
202411,CE,Ceará,transtornos_hipertensivos,outros_hipertensivos,73,8049,0.9069,233,45541.32,0
202411,CE,Ceará,transtornos_hipertensivos,pre_eclampsia,561,8049,6.9698,2860,455928.73,1
202411,DF,Distrito Federal,complicacoes_anestesicas,anestesia_obstetrica,18,2790,0.6452,53,3609.45,0
202411,DF,Distrito Federal,complicacoes_gestacao,liquido_membranas_ou_placenta,103,2790,3.6918,398,72936.35,0
202411,DF,Distrito Federal,complicacoes_parto,trabalho_de_parto_ou_parto,628,2790,22.509,1710,279847.83,0
202411,DF,Distrito Federal,complicacoes_puerperais,outras_complicacoes_puerperais,49,2790,1.7563,235,28659.28,0
202411,DF,Distrito Federal,complicacoes_vasculares,complicacoes_venosas,5,2790,0.1792,23,982.55,0
202411,DF,Distrito Federal,desfecho_abortivo,gestacao_com_desfecho_abortivo,240,2790,8.6022,335,52611.62,1
202411,DF,Distrito Federal,disturbios_metabolicos,diabetes_na_gestacao,74,2790,2.6523,291,44479.30,0
202411,DF,Distrito Federal,hemorragias,hemorragia_pos_parto,4,2790,0.1434,8,1245.25,0
202411,DF,Distrito Federal,hemorragias,outras_hemorragias_obstetricas,79,2790,2.8315,190,27992.00,0
202411,DF,Distrito Federal,infeccoes,infeccao_geniturinaria_gestacao,46,2790,1.6487,123,7525.50,0
202411,DF,Distrito Federal,infeccoes,infeccao_puerperal,26,2790,0.9319,152,6901.24,0
202411,DF,Distrito Federal,outras_condicoes_maternas,anemia_complicando_gestacao,2,2790,0.0717,8,454.83,0
202411,DF,Distrito Federal,outras_condicoes_maternas,doencas_classificadas_em_outros_capitulos,119,2790,4.2652,399,37540.67,0
202411,DF,Distrito Federal,outras_condicoes_maternas,outras_condicoes_da_gestacao,18,2790,0.6452,60,6253.07,0
202411,DF,Distrito Federal,transtornos_hipertensivos,eclampsia,7,2790,0.2509,46,9518.21,0
202411,DF,Distrito Federal,transtornos_hipertensivos,hipertensao_gestacional,93,2790,3.3333,371,49150.50,0
202411,DF,Distrito Federal,transtornos_hipertensivos,outros_hipertensivos,21,2790,0.7527,81,12205.59,0
202411,DF,Distrito Federal,transtornos_hipertensivos,pre_eclampsia,64,2790,2.2939,305,55481.19,0
202411,ES,Espírito Santo,complicacoes_anestesicas,anestesia_obstetrica,3,3147,0.0953,15,663.83,0
202411,ES,Espírito Santo,complicacoes_gestacao,liquido_membranas_ou_placenta,162,3147,5.1478,481,121117.51,0
202411,ES,Espírito Santo,complicacoes_parto,trabalho_de_parto_ou_parto,373,3147,11.8526,934,239970.81,0
202411,ES,Espírito Santo,complicacoes_puerperais,outras_complicacoes_puerperais,22,3147,0.6991,69,9302.66,0
202411,ES,Espírito Santo,complicacoes_vasculares,complicacoes_venosas,3,3147,0.0953,14,1573.99,0
202411,ES,Espírito Santo,desfecho_abortivo,gestacao_com_desfecho_abortivo,297,3147,9.4376,518,73568.98,0
202411,ES,Espírito Santo,disturbios_metabolicos,diabetes_na_gestacao,135,3147,4.2898,530,97999.39,0
202411,ES,Espírito Santo,hemorragias,hemorragia_pos_parto,2,3147,0.0636,4,416.44,0
202411,ES,Espírito Santo,hemorragias,outras_hemorragias_obstetricas,43,3147,1.3664,79,18957.79,0
202411,ES,Espírito Santo,infeccoes,infeccao_geniturinaria_gestacao,45,3147,1.4299,156,7216.47,0
202411,ES,Espírito Santo,infeccoes,infeccao_puerperal,29,3147,0.9215,136,11025.54,0
202411,ES,Espírito Santo,outras_condicoes_maternas,anemia_complicando_gestacao,2,3147,0.0636,3,396.70,0
202411,ES,Espírito Santo,outras_condicoes_maternas,doencas_classificadas_em_outros_capitulos,102,3147,3.2412,482,65046.65,1
202411,ES,Espírito Santo,outras_condicoes_maternas,outras_condicoes_da_gestacao,52,3147,1.6524,153,7933.10,0
202411,ES,Espírito Santo,transtornos_hipertensivos,eclampsia,6,3147,0.1907,27,5963.23,0
202411,ES,Espírito Santo,transtornos_hipertensivos,hipertensao_gestacional,38,3147,1.2075,155,33807.12,0
202411,ES,Espírito Santo,transtornos_hipertensivos,outros_hipertensivos,202,3147,6.4188,504,207577.33,0
202411,ES,Espírito Santo,transtornos_hipertensivos,pre_eclampsia,37,3147,1.1757,140,58696.72,1
202411,GO,Goiás,complicacoes_anestesicas,anestesia_obstetrica,7,5725,0.1223,54,2389.68,0
202411,GO,Goiás,complicacoes_gestacao,liquido_membranas_ou_placenta,173,5725,3.0218,433,119645.24,0
202411,GO,Goiás,complicacoes_parto,trabalho_de_parto_ou_parto,607,5725,10.6026,1546,346105.87,0
202411,GO,Goiás,complicacoes_puerperais,outras_complicacoes_puerperais,56,5725,0.9782,204,16881.31,0
202411,GO,Goiás,complicacoes_vasculares,complicacoes_venosas,4,5725,0.0699,21,809.87,0
202411,GO,Goiás,desfecho_abortivo,gestacao_com_desfecho_abortivo,421,5725,7.3537,636,124038.34,0
202411,GO,Goiás,disturbios_metabolicos,diabetes_na_gestacao,111,5725,1.9389,385,65570.40,0
202411,GO,Goiás,hemorragias,hemorragia_pos_parto,5,5725,0.0873,20,1363.74,0
202411,GO,Goiás,hemorragias,outras_hemorragias_obstetricas,125,5725,2.1834,215,28531.83,0
202411,GO,Goiás,infeccoes,infeccao_geniturinaria_gestacao,81,5725,1.4148,251,13967.31,0
202411,GO,Goiás,infeccoes,infeccao_puerperal,34,5725,0.5939,202,14505.74,0
202411,GO,Goiás,outras_condicoes_maternas,anemia_complicando_gestacao,1,5725,0.0175,5,566.97,0
202411,GO,Goiás,outras_condicoes_maternas,doencas_classificadas_em_outros_capitulos,334,5725,5.8341,1346,166164.93,0
202411,GO,Goiás,outras_condicoes_maternas,outras_condicoes_da_gestacao,56,5725,0.9782,225,13976.14,0
202411,GO,Goiás,transtornos_hipertensivos,eclampsia,20,5725,0.3493,96,44185.78,0
202411,GO,Goiás,transtornos_hipertensivos,hipertensao_gestacional,64,5725,1.1179,228,31443.92,0
202411,GO,Goiás,transtornos_hipertensivos,outros_hipertensivos,100,5725,1.7467,412,86081.71,0
202411,GO,Goiás,transtornos_hipertensivos,pre_eclampsia,138,5725,2.4105,498,98156.29,0
202411,MA,Maranhão,complicacoes_anestesicas,anestesia_obstetrica,8,7744,0.1033,26,1341.09,0
202411,MA,Maranhão,complicacoes_gestacao,liquido_membranas_ou_placenta,303,7744,3.9127,953,219692.84,0
202411,MA,Maranhão,complicacoes_parto,trabalho_de_parto_ou_parto,1170,7744,15.1085,3519,832635.32,1
202411,MA,Maranhão,complicacoes_puerperais,outras_complicacoes_puerperais,20,7744,0.2583,113,8693.73,0
202411,MA,Maranhão,complicacoes_vasculares,complicacoes_venosas,7,7744,0.0904,17,911.83,0
202411,MA,Maranhão,desfecho_abortivo,gestacao_com_desfecho_abortivo,599,7744,7.735,1200,163319.42,0
202411,MA,Maranhão,disturbios_metabolicos,diabetes_na_gestacao,117,7744,1.5108,547,91420.72,0
202411,MA,Maranhão,hemorragias,hemorragia_pos_parto,8,7744,0.1033,15,1593.33,0
202411,MA,Maranhão,hemorragias,outras_hemorragias_obstetricas,119,7744,1.5367,362,41576.09,0
202411,MA,Maranhão,infeccoes,infeccao_geniturinaria_gestacao,81,7744,1.046,369,22307.52,0
202411,MA,Maranhão,infeccoes,infeccao_puerperal,39,7744,0.5036,431,12361.59,0
202411,MA,Maranhão,outras_condicoes_maternas,anemia_complicando_gestacao,4,7744,0.0517,18,5044.31,0
202411,MA,Maranhão,outras_condicoes_maternas,doencas_classificadas_em_outros_capitulos,52,7744,0.6715,173,11259.76,0
202411,MA,Maranhão,outras_condicoes_maternas,edema_proteinuria_sem_hipertensao,1,7744,0.0129,1,191.74,0
202411,MA,Maranhão,outras_condicoes_maternas,outras_condicoes_da_gestacao,38,7744,0.4907,92,5887.96,0
202411,MA,Maranhão,transtornos_hipertensivos,eclampsia,19,7744,0.2454,80,8930.03,0
202411,MA,Maranhão,transtornos_hipertensivos,hipertensao_gestacional,58,7744,0.749,271,54857.13,0
202411,MA,Maranhão,transtornos_hipertensivos,outros_hipertensivos,130,7744,1.6787,465,93057.37,0
202411,MA,Maranhão,transtornos_hipertensivos,pre_eclampsia,161,7744,2.079,755,126998.29,0
202411,MG,Minas Gerais,complicacoes_anestesicas,anestesia_obstetrica,5,13955,0.0358,27,5075.33,0
202411,MG,Minas Gerais,complicacoes_gestacao,liquido_membranas_ou_placenta,345,13955,2.4722,898,262072.05,0
202411,MG,Minas Gerais,complicacoes_parto,trabalho_de_parto_ou_parto,959,13955,6.8721,2248,570125.27,0
202411,MG,Minas Gerais,complicacoes_puerperais,outras_complicacoes_puerperais,46,13955,0.3296,167,24074.59,0
202411,MG,Minas Gerais,complicacoes_vasculares,complicacoes_venosas,21,13955,0.1505,64,5112.17,0
202411,MG,Minas Gerais,desfecho_abortivo,gestacao_com_desfecho_abortivo,1337,13955,9.5808,1888,418161.70,2
202411,MG,Minas Gerais,disturbios_metabolicos,diabetes_na_gestacao,337,13955,2.4149,1211,204630.92,0
202411,MG,Minas Gerais,hemorragias,hemorragia_pos_parto,31,13955,0.2221,62,14197.95,0
202411,MG,Minas Gerais,hemorragias,outras_hemorragias_obstetricas,390,13955,2.7947,773,97795.82,0
202411,MG,Minas Gerais,infeccoes,infeccao_geniturinaria_gestacao,168,13955,1.2039,542,38544.76,0
202411,MG,Minas Gerais,infeccoes,infeccao_puerperal,79,13955,0.5661,315,27905.77,0
202411,MG,Minas Gerais,outras_condicoes_maternas,anemia_complicando_gestacao,5,13955,0.0358,18,888.66,0
202411,MG,Minas Gerais,outras_condicoes_maternas,doencas_classificadas_em_outros_capitulos,269,13955,1.9276,808,94891.28,0
202411,MG,Minas Gerais,outras_condicoes_maternas,edema_proteinuria_sem_hipertensao,5,13955,0.0358,12,1796.55,0
202411,MG,Minas Gerais,outras_condicoes_maternas,outras_condicoes_da_gestacao,126,13955,0.9029,413,42547.57,0
202411,MG,Minas Gerais,transtornos_hipertensivos,eclampsia,25,13955,0.1791,80,14948.02,0
202411,MG,Minas Gerais,transtornos_hipertensivos,hipertensao_gestacional,144,13955,1.0319,457,74384.69,0
202411,MG,Minas Gerais,transtornos_hipertensivos,outros_hipertensivos,294,13955,2.1068,867,268299.72,0
202411,MG,Minas Gerais,transtornos_hipertensivos,pre_eclampsia,305,13955,2.1856,1247,219082.88,0
202411,MS,Mato Grosso do Sul,complicacoes_anestesicas,anestesia_obstetrica,2,2353,0.085,4,398.66,0
202411,MS,Mato Grosso do Sul,complicacoes_gestacao,liquido_membranas_ou_placenta,82,2353,3.4849,279,58197.96,0
202411,MS,Mato Grosso do Sul,complicacoes_parto,trabalho_de_parto_ou_parto,283,2353,12.0272,713,175982.22,1
202411,MS,Mato Grosso do Sul,complicacoes_puerperais,outras_complicacoes_puerperais,10,2353,0.425,23,6185.28,0
202411,MS,Mato Grosso do Sul,complicacoes_vasculares,embolia_obstetrica,1,2353,0.0425,6,3154.30,0
202411,MS,Mato Grosso do Sul,desfecho_abortivo,gestacao_com_desfecho_abortivo,173,2353,7.3523,324,48584.68,1
202411,MS,Mato Grosso do Sul,disturbios_metabolicos,diabetes_na_gestacao,56,2353,2.3799,193,40839.18,0
202411,MS,Mato Grosso do Sul,hemorragias,outras_hemorragias_obstetricas,78,2353,3.3149,171,21268.80,0
202411,MS,Mato Grosso do Sul,infeccoes,infeccao_geniturinaria_gestacao,72,2353,3.0599,205,9369.07,0
202411,MS,Mato Grosso do Sul,infeccoes,infeccao_puerperal,12,2353,0.51,48,3805.75,0
202411,MS,Mato Grosso do Sul,outras_condicoes_maternas,doencas_classificadas_em_outros_capitulos,181,2353,7.6923,602,97164.03,0
202411,MS,Mato Grosso do Sul,outras_condicoes_maternas,outras_condicoes_da_gestacao,20,2353,0.85,52,3059.93,0
202411,MS,Mato Grosso do Sul,transtornos_hipertensivos,eclampsia,6,2353,0.255,107,16580.60,0
202411,MS,Mato Grosso do Sul,transtornos_hipertensivos,hipertensao_gestacional,30,2353,1.275,103,19207.78,0
202411,MS,Mato Grosso do Sul,transtornos_hipertensivos,outros_hipertensivos,39,2353,1.6575,164,38001.03,0
202411,MS,Mato Grosso do Sul,transtornos_hipertensivos,pre_eclampsia,49,2353,2.0824,155,32970.80,0
202411,MT,Mato Grosso,complicacoes_anestesicas,anestesia_obstetrica,3,3808,0.0788,2,409.81,0
202411,MT,Mato Grosso,complicacoes_gestacao,liquido_membranas_ou_placenta,79,3808,2.0746,200,52405.10,0
202411,MT,Mato Grosso,complicacoes_parto,trabalho_de_parto_ou_parto,333,3808,8.7447,809,208918.13,0
202411,MT,Mato Grosso,complicacoes_puerperais,outras_complicacoes_puerperais,18,3808,0.4727,48,4220.45,0
202411,MT,Mato Grosso,complicacoes_vasculares,complicacoes_venosas,6,3808,0.1576,16,807.44,0
202411,MT,Mato Grosso,desfecho_abortivo,gestacao_com_desfecho_abortivo,402,3808,10.5567,732,102131.73,0
202411,MT,Mato Grosso,disturbios_metabolicos,diabetes_na_gestacao,115,3808,3.02,260,48242.78,0
202411,MT,Mato Grosso,hemorragias,hemorragia_pos_parto,2,3808,0.0525,3,465.42,0
202411,MT,Mato Grosso,hemorragias,outras_hemorragias_obstetricas,91,3808,2.3897,160,19965.94,0
202411,MT,Mato Grosso,infeccoes,infeccao_geniturinaria_gestacao,87,3808,2.2847,300,17448.00,0
202411,MT,Mato Grosso,infeccoes,infeccao_puerperal,33,3808,0.8666,122,8187.04,0
202411,MT,Mato Grosso,outras_condicoes_maternas,anemia_complicando_gestacao,2,3808,0.0525,15,564.97,0
202411,MT,Mato Grosso,outras_condicoes_maternas,doencas_classificadas_em_outros_capitulos,129,3808,3.3876,367,35756.48,0
202411,MT,Mato Grosso,outras_condicoes_maternas,edema_proteinuria_sem_hipertensao,2,3808,0.0525,3,1099.30,0
202411,MT,Mato Grosso,outras_condicoes_maternas,outras_condicoes_da_gestacao,27,3808,0.709,68,5086.93,0
202411,MT,Mato Grosso,transtornos_hipertensivos,eclampsia,9,3808,0.2363,20,3569.11,0
202411,MT,Mato Grosso,transtornos_hipertensivos,hipertensao_gestacional,39,3808,1.0242,163,25820.46,0
202411,MT,Mato Grosso,transtornos_hipertensivos,outros_hipertensivos,52,3808,1.3655,133,38024.59,0
202411,MT,Mato Grosso,transtornos_hipertensivos,pre_eclampsia,73,3808,1.917,200,50235.04,0
202411,PA,Pará,complicacoes_anestesicas,anestesia_obstetrica,5,9999,0.05,12,1351.31,0
202411,PA,Pará,complicacoes_gestacao,liquido_membranas_ou_placenta,417,9999,4.1704,1111,318010.43,0
202411,PA,Pará,complicacoes_parto,trabalho_de_parto_ou_parto,1989,9999,19.892,4875,1389300.99,1
202411,PA,Pará,complicacoes_puerperais,outras_complicacoes_puerperais,37,9999,0.37,215,22603.69,0
202411,PA,Pará,complicacoes_vasculares,complicacoes_venosas,11,9999,0.11,77,4372.07,0
202411,PA,Pará,desfecho_abortivo,gestacao_com_desfecho_abortivo,714,9999,7.1407,1167,174052.10,0
202411,PA,Pará,disturbios_metabolicos,diabetes_na_gestacao,76,9999,0.7601,281,45636.40,0
202411,PA,Pará,hemorragias,hemorragia_pos_parto,7,9999,0.07,18,4951.09,0
202411,PA,Pará,hemorragias,outras_hemorragias_obstetricas,236,9999,2.3602,638,61510.28,0
202411,PA,Pará,infeccoes,infeccao_geniturinaria_gestacao,291,9999,2.9103,959,47413.62,0
202411,PA,Pará,infeccoes,infeccao_puerperal,69,9999,0.6901,402,28853.73,1
202411,PA,Pará,outras_condicoes_maternas,anemia_complicando_gestacao,7,9999,0.07,32,1374.63,0
202411,PA,Pará,outras_condicoes_maternas,doencas_classificadas_em_outros_capitulos,312,9999,3.1203,1301,94155.49,0
202411,PA,Pará,outras_condicoes_maternas,edema_proteinuria_sem_hipertensao,2,9999,0.02,8,257.43,0
202411,PA,Pará,outras_condicoes_maternas,outras_condicoes_da_gestacao,36,9999,0.36,142,9860.68,0
202411,PA,Pará,transtornos_hipertensivos,eclampsia,22,9999,0.22,96,26884.49,0
202411,PA,Pará,transtornos_hipertensivos,hipertensao_gestacional,90,9999,0.9001,273,72043.05,0
202411,PA,Pará,transtornos_hipertensivos,outros_hipertensivos,48,9999,0.48,186,31541.64,0
202411,PA,Pará,transtornos_hipertensivos,pre_eclampsia,313,9999,3.1303,1084,264675.49,0
202411,PB,Paraíba,complicacoes_anestesicas,anestesia_obstetrica,4,3629,0.1102,6,517.12,0
202411,PB,Paraíba,complicacoes_gestacao,liquido_membranas_ou_placenta,156,3629,4.2987,520,124776.67,0
202411,PB,Paraíba,complicacoes_parto,trabalho_de_parto_ou_parto,552,3629,15.2108,1503,492065.46,1
202411,PB,Paraíba,complicacoes_puerperais,outras_complicacoes_puerperais,27,3629,0.744,130,12373.19,0
202411,PB,Paraíba,complicacoes_vasculares,complicacoes_venosas,2,3629,0.0551,5,1326.68,0
202411,PB,Paraíba,complicacoes_vasculares,embolia_obstetrica,2,3629,0.0551,9,1206.70,0
202411,PB,Paraíba,desfecho_abortivo,gestacao_com_desfecho_abortivo,331,3629,9.121,584,89659.84,0
202411,PB,Paraíba,disturbios_metabolicos,diabetes_na_gestacao,234,3629,6.4481,924,201109.37,1
202411,PB,Paraíba,hemorragias,hemorragia_pos_parto,6,3629,0.1653,21,3557.61,0
202411,PB,Paraíba,hemorragias,outras_hemorragias_obstetricas,41,3629,1.1298,121,14949.29,1
202411,PB,Paraíba,infeccoes,infeccao_geniturinaria_gestacao,32,3629,0.8818,206,13236.53,0
202411,PB,Paraíba,infeccoes,infeccao_puerperal,14,3629,0.3858,95,4162.02,0
202411,PB,Paraíba,outras_condicoes_maternas,anemia_complicando_gestacao,7,3629,0.1929,37,6259.50,0
202411,PB,Paraíba,outras_condicoes_maternas,doencas_classificadas_em_outros_capitulos,142,3629,3.9129,657,53446.27,0
202411,PB,Paraíba,outras_condicoes_maternas,outras_condicoes_da_gestacao,34,3629,0.9369,122,23690.33,0
202411,PB,Paraíba,transtornos_hipertensivos,eclampsia,22,3629,0.6062,102,32509.88,0
202411,PB,Paraíba,transtornos_hipertensivos,hipertensao_gestacional,57,3629,1.5707,177,51963.37,0
202411,PB,Paraíba,transtornos_hipertensivos,outros_hipertensivos,68,3629,1.8738,169,61418.07,0
202411,PB,Paraíba,transtornos_hipertensivos,pre_eclampsia,187,3629,5.1529,885,228269.86,0
202411,PE,Pernambuco,complicacoes_anestesicas,anestesia_obstetrica,6,7876,0.0762,14,987.80,0
202411,PE,Pernambuco,complicacoes_gestacao,liquido_membranas_ou_placenta,526,7876,6.6785,1379,370951.24,0
202411,PE,Pernambuco,complicacoes_parto,trabalho_de_parto_ou_parto,591,7876,7.5038,1724,292543.12,0
202411,PE,Pernambuco,complicacoes_puerperais,outras_complicacoes_puerperais,44,7876,0.5587,141,9609.66,0
202411,PE,Pernambuco,complicacoes_vasculares,complicacoes_venosas,8,7876,0.1016,37,2411.17,0
202411,PE,Pernambuco,desfecho_abortivo,gestacao_com_desfecho_abortivo,758,7876,9.6242,1439,192216.53,0
202411,PE,Pernambuco,disturbios_metabolicos,diabetes_na_gestacao,281,7876,3.5678,1174,226585.62,0
202411,PE,Pernambuco,hemorragias,hemorragia_pos_parto,20,7876,0.2539,65,7058.23,0
202411,PE,Pernambuco,hemorragias,outras_hemorragias_obstetricas,34,7876,0.4317,98,18070.91,0
202411,PE,Pernambuco,infeccoes,infeccao_geniturinaria_gestacao,87,7876,1.1046,412,18096.19,0
202411,PE,Pernambuco,infeccoes,infeccao_puerperal,80,7876,1.0157,474,29883.59,1
202411,PE,Pernambuco,outras_condicoes_maternas,anemia_complicando_gestacao,6,7876,0.0762,18,949.23,0
202411,PE,Pernambuco,outras_condicoes_maternas,doencas_classificadas_em_outros_capitulos,156,7876,1.9807,759,70668.98,0
202411,PE,Pernambuco,outras_condicoes_maternas,outras_condicoes_da_gestacao,17,7876,0.2158,54,5997.67,0
202411,PE,Pernambuco,transtornos_hipertensivos,eclampsia,8,7876,0.1016,29,8826.48,0
202411,PE,Pernambuco,transtornos_hipertensivos,hipertensao_gestacional,178,7876,2.26,610,138338.85,0
202411,PE,Pernambuco,transtornos_hipertensivos,outros_hipertensivos,198,7876,2.514,664,181433.42,0
202411,PE,Pernambuco,transtornos_hipertensivos,pre_eclampsia,357,7876,4.5328,1601,317925.40,1
202411,PI,Piauí,complicacoes_anestesicas,anestesia_obstetrica,1,3452,0.029,3,154.30,0
202411,PI,Piauí,complicacoes_gestacao,liquido_membranas_ou_placenta,134,3452,3.8818,438,111423.47,0
202411,PI,Piauí,complicacoes_parto,trabalho_de_parto_ou_parto,525,3452,15.2086,1406,326699.18,0
202411,PI,Piauí,complicacoes_puerperais,outras_complicacoes_puerperais,51,3452,1.4774,315,17742.17,0
202411,PI,Piauí,complicacoes_vasculares,complicacoes_venosas,1,3452,0.029,3,156.28,0
202411,PI,Piauí,complicacoes_vasculares,embolia_obstetrica,1,3452,0.029,2,277.18,0
202411,PI,Piauí,desfecho_abortivo,gestacao_com_desfecho_abortivo,290,3452,8.4009,588,72490.41,1
202411,PI,Piauí,disturbios_metabolicos,diabetes_na_gestacao,66,3452,1.9119,396,60350.75,0
202411,PI,Piauí,hemorragias,hemorragia_pos_parto,6,3452,0.1738,50,10243.06,0
202411,PI,Piauí,hemorragias,outras_hemorragias_obstetricas,61,3452,1.7671,135,16929.51,0
202411,PI,Piauí,infeccoes,infeccao_geniturinaria_gestacao,47,3452,1.3615,211,7133.06,0
202411,PI,Piauí,infeccoes,infeccao_puerperal,20,3452,0.5794,122,5013.17,0
202411,PI,Piauí,outras_condicoes_maternas,anemia_complicando_gestacao,1,3452,0.029,3,133.44,0
202411,PI,Piauí,outras_condicoes_maternas,doencas_classificadas_em_outros_capitulos,216,3452,6.2572,1267,87131.61,0
202411,PI,Piauí,outras_condicoes_maternas,outras_condicoes_da_gestacao,24,3452,0.6952,78,3346.81,0
202411,PI,Piauí,transtornos_hipertensivos,eclampsia,1,3452,0.029,0,123.99,0
202411,PI,Piauí,transtornos_hipertensivos,hipertensao_gestacional,18,3452,0.5214,95,11203.54,0
202411,PI,Piauí,transtornos_hipertensivos,outros_hipertensivos,39,3452,1.1298,181,37635.55,0
202411,PI,Piauí,transtornos_hipertensivos,pre_eclampsia,212,3452,6.1414,1010,212784.79,0
202411,PR,Paraná,complicacoes_anestesicas,anestesia_obstetrica,3,8974,0.0334,4,406.82,0
202411,PR,Paraná,complicacoes_gestacao,liquido_membranas_ou_placenta,148,8974,1.6492,390,114010.35,0
202411,PR,Paraná,complicacoes_parto,trabalho_de_parto_ou_parto,1129,8974,12.5808,2746,774038.70,0
202411,PR,Paraná,complicacoes_puerperais,outras_complicacoes_puerperais,68,8974,0.7577,163,14138.22,0
202411,PR,Paraná,complicacoes_vasculares,complicacoes_venosas,12,8974,0.1337,18,3605.00,0
202411,PR,Paraná,desfecho_abortivo,gestacao_com_desfecho_abortivo,738,8974,8.2238,886,214995.29,0
202411,PR,Paraná,disturbios_metabolicos,diabetes_na_gestacao,132,8974,1.4709,403,102968.80,0
202411,PR,Paraná,hemorragias,hemorragia_pos_parto,20,8974,0.2229,76,8453.53,0
202411,PR,Paraná,hemorragias,outras_hemorragias_obstetricas,281,8974,3.1313,424,48220.28,0
202411,PR,Paraná,infeccoes,infeccao_geniturinaria_gestacao,85,8974,0.9472,228,20231.92,0
202411,PR,Paraná,infeccoes,infeccao_puerperal,34,8974,0.3789,153,17447.18,0
202411,PR,Paraná,outras_condicoes_maternas,anemia_complicando_gestacao,3,8974,0.0334,5,458.62,0
202411,PR,Paraná,outras_condicoes_maternas,doencas_classificadas_em_outros_capitulos,703,8974,7.8337,1572,281608.77,2
202411,PR,Paraná,outras_condicoes_maternas,edema_proteinuria_sem_hipertensao,2,8974,0.0223,4,837.13,0
202411,PR,Paraná,outras_condicoes_maternas,outras_condicoes_da_gestacao,125,8974,1.3929,327,39599.61,0
202411,PR,Paraná,transtornos_hipertensivos,eclampsia,20,8974,0.2229,58,10677.22,0
202411,PR,Paraná,transtornos_hipertensivos,hipertensao_gestacional,57,8974,0.6352,185,36615.42,0
202411,PR,Paraná,transtornos_hipertensivos,outros_hipertensivos,149,8974,1.6604,477,120812.40,0
202411,PR,Paraná,transtornos_hipertensivos,pre_eclampsia,87,8974,0.9695,341,71829.31,0
202411,RJ,Rio de Janeiro,complicacoes_anestesicas,anestesia_obstetrica,13,11156,0.1165,42,2851.94,0
202411,RJ,Rio de Janeiro,complicacoes_gestacao,liquido_membranas_ou_placenta,645,11156,5.7816,2264,483662.30,0
202411,RJ,Rio de Janeiro,complicacoes_parto,trabalho_de_parto_ou_parto,1201,11156,10.7655,3556,855062.42,2
202411,RJ,Rio de Janeiro,complicacoes_puerperais,outras_complicacoes_puerperais,70,11156,0.6275,252,38713.24,0
202411,RJ,Rio de Janeiro,complicacoes_vasculares,complicacoes_venosas,10,11156,0.0896,52,1755.15,0
202411,RJ,Rio de Janeiro,desfecho_abortivo,gestacao_com_desfecho_abortivo,1099,11156,9.8512,2281,420713.80,1
202411,RJ,Rio de Janeiro,disturbios_metabolicos,diabetes_na_gestacao,450,11156,4.0337,2211,267916.67,0
202411,RJ,Rio de Janeiro,hemorragias,hemorragia_pos_parto,14,11156,0.1255,46,7233.65,0
202411,RJ,Rio de Janeiro,hemorragias,outras_hemorragias_obstetricas,169,11156,1.5149,397,50801.67,0
202411,RJ,Rio de Janeiro,infeccoes,infeccao_geniturinaria_gestacao,216,11156,1.9362,1055,48985.92,0
202411,RJ,Rio de Janeiro,infeccoes,infeccao_puerperal,115,11156,1.0308,747,65696.06,0
202411,RJ,Rio de Janeiro,outras_condicoes_maternas,anemia_complicando_gestacao,15,11156,0.1345,53,5360.79,0
202411,RJ,Rio de Janeiro,outras_condicoes_maternas,doencas_classificadas_em_outros_capitulos,362,11156,3.2449,1533,150682.64,0
202411,RJ,Rio de Janeiro,outras_condicoes_maternas,outras_condicoes_da_gestacao,112,11156,1.0039,482,21455.12,0
202411,RJ,Rio de Janeiro,transtornos_hipertensivos,eclampsia,55,11156,0.493,247,49495.39,0
202411,RJ,Rio de Janeiro,transtornos_hipertensivos,hipertensao_gestacional,204,11156,1.8286,833,138598.29,0
202411,RJ,Rio de Janeiro,transtornos_hipertensivos,outros_hipertensivos,352,11156,3.1553,1479,214479.33,0
202411,RJ,Rio de Janeiro,transtornos_hipertensivos,pre_eclampsia,340,11156,3.0477,1554,300835.10,0
202411,RN,Rio Grande do Norte,complicacoes_anestesicas,anestesia_obstetrica,1,3085,0.0324,2,795.69,0
202411,RN,Rio Grande do Norte,complicacoes_gestacao,liquido_membranas_ou_placenta,48,3085,1.5559,150,34615.79,0
202411,RN,Rio Grande do Norte,complicacoes_parto,trabalho_de_parto_ou_parto,528,3085,17.1151,1266,340163.41,0
202411,RN,Rio Grande do Norte,complicacoes_puerperais,outras_complicacoes_puerperais,41,3085,1.329,182,20724.26,0
202411,RN,Rio Grande do Norte,complicacoes_vasculares,complicacoes_venosas,4,3085,0.1297,21,2892.12,0
202411,RN,Rio Grande do Norte,complicacoes_vasculares,embolia_obstetrica,1,3085,0.0324,2,775.09,0
202411,RN,Rio Grande do Norte,desfecho_abortivo,gestacao_com_desfecho_abortivo,300,3085,9.7245,411,71308.11,0
202411,RN,Rio Grande do Norte,disturbios_metabolicos,diabetes_na_gestacao,114,3085,3.6953,479,85408.70,0
202411,RN,Rio Grande do Norte,hemorragias,hemorragia_pos_parto,13,3085,0.4214,24,2594.61,0
202411,RN,Rio Grande do Norte,hemorragias,outras_hemorragias_obstetricas,13,3085,0.4214,23,6500.86,0
202411,RN,Rio Grande do Norte,infeccoes,infeccao_geniturinaria_gestacao,17,3085,0.5511,68,4647.17,0
202411,RN,Rio Grande do Norte,infeccoes,infeccao_puerperal,29,3085,0.94,196,13582.10,0
202411,RN,Rio Grande do Norte,outras_condicoes_maternas,anemia_complicando_gestacao,1,3085,0.0324,5,729.74,0
202411,RN,Rio Grande do Norte,outras_condicoes_maternas,doencas_classificadas_em_outros_capitulos,12,3085,0.389,54,6513.41,0
202411,RN,Rio Grande do Norte,outras_condicoes_maternas,outras_condicoes_da_gestacao,9,3085,0.2917,36,4165.77,0
202411,RN,Rio Grande do Norte,transtornos_hipertensivos,eclampsia,9,3085,0.2917,22,4050.79,0
202411,RN,Rio Grande do Norte,transtornos_hipertensivos,hipertensao_gestacional,195,3085,6.3209,844,156757.98,0
202411,RN,Rio Grande do Norte,transtornos_hipertensivos,outros_hipertensivos,87,3085,2.8201,352,61204.79,0
202411,RN,Rio Grande do Norte,transtornos_hipertensivos,pre_eclampsia,213,3085,6.9044,718,216852.35,0
202411,RO,Rondônia,complicacoes_anestesicas,anestesia_obstetrica,3,1958,0.1532,4,507.93,0
202411,RO,Rondônia,complicacoes_gestacao,liquido_membranas_ou_placenta,39,1958,1.9918,119,44584.51,0
202411,RO,Rondônia,complicacoes_parto,trabalho_de_parto_ou_parto,187,1958,9.5506,455,130487.33,0
202411,RO,Rondônia,complicacoes_puerperais,outras_complicacoes_puerperais,6,1958,0.3064,15,2246.92,0
202411,RO,Rondônia,complicacoes_vasculares,embolia_obstetrica,1,1958,0.0511,5,2004.67,0
202411,RO,Rondônia,desfecho_abortivo,gestacao_com_desfecho_abortivo,174,1958,8.8866,202,35765.58,0
202411,RO,Rondônia,disturbios_metabolicos,diabetes_na_gestacao,141,1958,7.2012,530,79650.24,0
202411,RO,Rondônia,hemorragias,outras_hemorragias_obstetricas,62,1958,3.1665,125,13904.42,0
202411,RO,Rondônia,infeccoes,infeccao_geniturinaria_gestacao,89,1958,4.5455,237,13499.03,0
202411,RO,Rondônia,infeccoes,infeccao_puerperal,5,1958,0.2554,32,5586.79,0
202411,RO,Rondônia,outras_condicoes_maternas,anemia_complicando_gestacao,2,1958,0.1021,7,298.41,0
202411,RO,Rondônia,outras_condicoes_maternas,doencas_classificadas_em_outros_capitulos,100,1958,5.1073,243,20570.95,0
202411,RO,Rondônia,outras_condicoes_maternas,edema_proteinuria_sem_hipertensao,1,1958,0.0511,2,889.67,0
202411,RO,Rondônia,outras_condicoes_maternas,outras_condicoes_da_gestacao,28,1958,1.43,71,7181.62,0
202411,RO,Rondônia,transtornos_hipertensivos,eclampsia,3,1958,0.1532,10,2286.24,0
202411,RO,Rondônia,transtornos_hipertensivos,hipertensao_gestacional,12,1958,0.6129,39,9146.70,0
202411,RO,Rondônia,transtornos_hipertensivos,outros_hipertensivos,29,1958,1.4811,69,9630.81,0
202411,RO,Rondônia,transtornos_hipertensivos,pre_eclampsia,17,1958,0.8682,55,15449.26,0
202411,RR,Roraima,complicacoes_anestesicas,anestesia_obstetrica,4,856,0.4673,12,3481.57,0
202411,RR,Roraima,complicacoes_gestacao,liquido_membranas_ou_placenta,23,856,2.6869,71,22429.94,0
202411,RR,Roraima,complicacoes_parto,trabalho_de_parto_ou_parto,86,856,10.0467,319,88004.22,0
202411,RR,Roraima,complicacoes_puerperais,outras_complicacoes_puerperais,6,856,0.7009,22,1244.40,0
202411,RR,Roraima,desfecho_abortivo,gestacao_com_desfecho_abortivo,61,856,7.1262,132,14689.82,0
202411,RR,Roraima,disturbios_metabolicos,diabetes_na_gestacao,75,856,8.7617,373,60378.34,0
202411,RR,Roraima,hemorragias,outras_hemorragias_obstetricas,34,856,3.972,109,10776.21,0
202411,RR,Roraima,infeccoes,infeccao_geniturinaria_gestacao,30,856,3.5047,179,5194.51,0
202411,RR,Roraima,infeccoes,infeccao_puerperal,11,856,1.285,78,2698.60,0
202411,RR,Roraima,outras_condicoes_maternas,anemia_complicando_gestacao,2,856,0.2336,18,398.72,0
202411,RR,Roraima,outras_condicoes_maternas,doencas_classificadas_em_outros_capitulos,27,856,3.1542,130,6486.88,0
202411,RR,Roraima,outras_condicoes_maternas,outras_condicoes_da_gestacao,1,856,0.1168,9,217.48,0
202411,RR,Roraima,transtornos_hipertensivos,eclampsia,1,856,0.1168,4,1129.94,0
202411,RR,Roraima,transtornos_hipertensivos,hipertensao_gestacional,7,856,0.8178,47,1235.93,0
202411,RR,Roraima,transtornos_hipertensivos,outros_hipertensivos,11,856,1.285,46,12445.34,0
202411,RR,Roraima,transtornos_hipertensivos,pre_eclampsia,28,856,3.271,123,27672.12,0
202411,RS,Rio Grande do Sul,complicacoes_anestesicas,anestesia_obstetrica,2,7171,0.0279,5,153.46,0
202411,RS,Rio Grande do Sul,complicacoes_gestacao,liquido_membranas_ou_placenta,286,7171,3.9883,835,220578.14,0
202411,RS,Rio Grande do Sul,complicacoes_parto,trabalho_de_parto_ou_parto,920,7171,12.8295,2670,651027.27,0
202411,RS,Rio Grande do Sul,complicacoes_puerperais,outras_complicacoes_puerperais,19,7171,0.265,79,8252.33,0
202411,RS,Rio Grande do Sul,complicacoes_vasculares,complicacoes_venosas,8,7171,0.1116,44,2618.11,0
202411,RS,Rio Grande do Sul,desfecho_abortivo,gestacao_com_desfecho_abortivo,571,7171,7.9626,879,157934.45,0
202411,RS,Rio Grande do Sul,disturbios_metabolicos,diabetes_na_gestacao,195,7171,2.7193,792,90121.83,0
202411,RS,Rio Grande do Sul,hemorragias,hemorragia_pos_parto,3,7171,0.0418,11,1823.08,0
202411,RS,Rio Grande do Sul,hemorragias,outras_hemorragias_obstetricas,89,7171,1.2411,204,23474.13,0
202411,RS,Rio Grande do Sul,infeccoes,infeccao_geniturinaria_gestacao,87,7171,1.2132,428,26613.03,0
202411,RS,Rio Grande do Sul,infeccoes,infeccao_puerperal,33,7171,0.4602,147,8227.67,0
202411,RS,Rio Grande do Sul,outras_condicoes_maternas,anemia_complicando_gestacao,7,7171,0.0976,18,1157.80,0
202411,RS,Rio Grande do Sul,outras_condicoes_maternas,doencas_classificadas_em_outros_capitulos,310,7171,4.323,1474,96561.46,0
202411,RS,Rio Grande do Sul,outras_condicoes_maternas,edema_proteinuria_sem_hipertensao,4,7171,0.0558,19,1408.59,0
202411,RS,Rio Grande do Sul,outras_condicoes_maternas,outras_condicoes_da_gestacao,52,7171,0.7251,146,16008.74,0
202411,RS,Rio Grande do Sul,transtornos_hipertensivos,eclampsia,25,7171,0.3486,139,12766.97,0
202411,RS,Rio Grande do Sul,transtornos_hipertensivos,hipertensao_gestacional,80,7171,1.1156,327,45702.44,0
202411,RS,Rio Grande do Sul,transtornos_hipertensivos,outros_hipertensivos,91,7171,1.269,433,63082.53,0
202411,RS,Rio Grande do Sul,transtornos_hipertensivos,pre_eclampsia,260,7171,3.6257,1569,159096.53,0
202411,SC,Santa Catarina,complicacoes_anestesicas,anestesia_obstetrica,4,6539,0.0612,2,415.26,0
202411,SC,Santa Catarina,complicacoes_gestacao,liquido_membranas_ou_placenta,170,6539,2.5998,468,132930.23,0
202411,SC,Santa Catarina,complicacoes_parto,trabalho_de_parto_ou_parto,818,6539,12.5096,2264,570817.27,0
202411,SC,Santa Catarina,complicacoes_puerperais,outras_complicacoes_puerperais,30,6539,0.4588,86,11805.91,0
202411,SC,Santa Catarina,complicacoes_vasculares,complicacoes_venosas,9,6539,0.1376,18,1518.28,0
202411,SC,Santa Catarina,desfecho_abortivo,gestacao_com_desfecho_abortivo,672,6539,10.2768,807,191851.43,0
202411,SC,Santa Catarina,disturbios_metabolicos,diabetes_na_gestacao,251,6539,3.8385,759,143712.95,0
202411,SC,Santa Catarina,hemorragias,hemorragia_pos_parto,14,6539,0.2141,22,5392.72,1
202411,SC,Santa Catarina,hemorragias,outras_hemorragias_obstetricas,109,6539,1.6669,229,44559.21,1
202411,SC,Santa Catarina,infeccoes,infeccao_geniturinaria_gestacao,130,6539,1.9881,491,27013.57,0
202411,SC,Santa Catarina,infeccoes,infeccao_puerperal,37,6539,0.5658,123,14050.86,0
202411,SC,Santa Catarina,outras_condicoes_maternas,doencas_classificadas_em_outros_capitulos,184,6539,2.8139,579,61537.52,0
202411,SC,Santa Catarina,outras_condicoes_maternas,edema_proteinuria_sem_hipertensao,4,6539,0.0612,14,1756.42,0
202411,SC,Santa Catarina,outras_condicoes_maternas,outras_condicoes_da_gestacao,56,6539,0.8564,170,10843.22,0
202411,SC,Santa Catarina,transtornos_hipertensivos,eclampsia,11,6539,0.1682,40,5691.31,0
202411,SC,Santa Catarina,transtornos_hipertensivos,hipertensao_gestacional,57,6539,0.8717,196,44214.71,0
202411,SC,Santa Catarina,transtornos_hipertensivos,outros_hipertensivos,71,6539,1.0858,184,47502.68,0
202411,SC,Santa Catarina,transtornos_hipertensivos,pre_eclampsia,131,6539,2.0034,482,97657.15,0
202411,SE,Sergipe,complicacoes_anestesicas,anestesia_obstetrica,1,1786,0.056,1,162.30,0
202411,SE,Sergipe,complicacoes_gestacao,liquido_membranas_ou_placenta,35,1786,1.9597,105,26472.52,0
202411,SE,Sergipe,complicacoes_parto,trabalho_de_parto_ou_parto,299,1786,16.7413,617,168982.72,0
202411,SE,Sergipe,complicacoes_puerperais,outras_complicacoes_puerperais,15,1786,0.8399,48,3781.53,0
202411,SE,Sergipe,complicacoes_vasculares,complicacoes_venosas,2,1786,0.112,10,533.74,0
202411,SE,Sergipe,desfecho_abortivo,gestacao_com_desfecho_abortivo,164,1786,9.1825,239,42094.58,0
202411,SE,Sergipe,disturbios_metabolicos,diabetes_na_gestacao,31,1786,1.7357,115,18641.30,0
202411,SE,Sergipe,hemorragias,hemorragia_pos_parto,4,1786,0.224,8,962.72,0
202411,SE,Sergipe,hemorragias,outras_hemorragias_obstetricas,8,1786,0.4479,21,4521.99,0
202411,SE,Sergipe,infeccoes,infeccao_geniturinaria_gestacao,9,1786,0.5039,60,2104.43,0
202411,SE,Sergipe,infeccoes,infeccao_puerperal,19,1786,1.0638,116,3915.35,0
202411,SE,Sergipe,outras_condicoes_maternas,doencas_classificadas_em_outros_capitulos,8,1786,0.4479,37,2460.94,0
202411,SE,Sergipe,outras_condicoes_maternas,edema_proteinuria_sem_hipertensao,1,1786,0.056,2,168.14,0
202411,SE,Sergipe,outras_condicoes_maternas,outras_condicoes_da_gestacao,4,1786,0.224,17,680.49,0
202411,SE,Sergipe,transtornos_hipertensivos,eclampsia,4,1786,0.224,17,3768.09,0
202411,SE,Sergipe,transtornos_hipertensivos,hipertensao_gestacional,15,1786,0.8399,61,9526.78,0
202411,SE,Sergipe,transtornos_hipertensivos,outros_hipertensivos,26,1786,1.4558,105,14974.89,0
202411,SE,Sergipe,transtornos_hipertensivos,pre_eclampsia,37,1786,2.0717,168,33144.05,0
202411,SP,São Paulo,complicacoes_anestesicas,anestesia_obstetrica,23,27468,0.0837,39,6395.32,0
202411,SP,São Paulo,complicacoes_gestacao,liquido_membranas_ou_placenta,901,27468,3.2802,2892,673250.03,0
202411,SP,São Paulo,complicacoes_parto,trabalho_de_parto_ou_parto,3206,27468,11.6718,9119,2172225.76,1
202411,SP,São Paulo,complicacoes_puerperais,outras_complicacoes_puerperais,98,27468,0.3568,363,40811.94,0
202411,SP,São Paulo,complicacoes_vasculares,complicacoes_venosas,29,27468,0.1056,79,5400.16,0
202411,SP,São Paulo,desfecho_abortivo,gestacao_com_desfecho_abortivo,2301,27468,8.377,3676,654442.40,0
202411,SP,São Paulo,disturbios_metabolicos,diabetes_na_gestacao,1117,27468,4.0666,4143,644478.72,0
202411,SP,São Paulo,hemorragias,hemorragia_pos_parto,44,27468,0.1602,139,45019.72,0
202411,SP,São Paulo,hemorragias,outras_hemorragias_obstetricas,812,27468,2.9562,1353,206109.12,0
202411,SP,São Paulo,infeccoes,infeccao_geniturinaria_gestacao,375,27468,1.3652,1521,96397.16,0
202411,SP,São Paulo,infeccoes,infeccao_puerperal,174,27468,0.6335,825,70719.21,0
202411,SP,São Paulo,outras_condicoes_maternas,anemia_complicando_gestacao,17,27468,0.0619,57,6564.62,0
202411,SP,São Paulo,outras_condicoes_maternas,doencas_classificadas_em_outros_capitulos,596,27468,2.1698,1903,240530.77,0
202411,SP,São Paulo,outras_condicoes_maternas,edema_proteinuria_sem_hipertensao,1,27468,0.0036,1,203.21,0
202411,SP,São Paulo,outras_condicoes_maternas,outras_condicoes_da_gestacao,387,27468,1.4089,1385,165403.14,0
202411,SP,São Paulo,transtornos_hipertensivos,eclampsia,107,27468,0.3895,458,81713.44,1
202411,SP,São Paulo,transtornos_hipertensivos,hipertensao_gestacional,435,27468,1.5837,1420,267222.25,0
202411,SP,São Paulo,transtornos_hipertensivos,outros_hipertensivos,291,27468,1.0594,990,225889.26,0
202411,SP,São Paulo,transtornos_hipertensivos,pre_eclampsia,596,27468,2.1698,2363,562390.49,0
202411,TO,Tocantins,complicacoes_anestesicas,anestesia_obstetrica,4,1640,0.2439,8,641.20,0
202411,TO,Tocantins,complicacoes_gestacao,liquido_membranas_ou_placenta,44,1640,2.6829,158,35410.38,0
202411,TO,Tocantins,complicacoes_parto,trabalho_de_parto_ou_parto,253,1640,15.4268,757,191698.14,0
202411,TO,Tocantins,complicacoes_puerperais,outras_complicacoes_puerperais,20,1640,1.2195,89,3915.34,0
202411,TO,Tocantins,complicacoes_vasculares,embolia_obstetrica,1,1640,0.061,0,154.30,1
202411,TO,Tocantins,desfecho_abortivo,gestacao_com_desfecho_abortivo,128,1640,7.8049,279,36355.69,0
202411,TO,Tocantins,disturbios_metabolicos,diabetes_na_gestacao,52,1640,3.1707,199,30694.13,0
202411,TO,Tocantins,hemorragias,hemorragia_pos_parto,1,1640,0.061,11,376.16,0
202411,TO,Tocantins,hemorragias,outras_hemorragias_obstetricas,36,1640,2.1951,87,9017.78,0
202411,TO,Tocantins,infeccoes,infeccao_geniturinaria_gestacao,24,1640,1.4634,93,4282.26,0
202411,TO,Tocantins,infeccoes,infeccao_puerperal,13,1640,0.7927,77,11918.57,0
202411,TO,Tocantins,outras_condicoes_maternas,doencas_classificadas_em_outros_capitulos,70,1640,4.2683,333,30360.00,0
202411,TO,Tocantins,outras_condicoes_maternas,outras_condicoes_da_gestacao,14,1640,0.8537,34,8357.72,0
202411,TO,Tocantins,transtornos_hipertensivos,eclampsia,10,1640,0.6098,48,5639.54,0
202411,TO,Tocantins,transtornos_hipertensivos,hipertensao_gestacional,26,1640,1.5854,69,13401.93,0
202411,TO,Tocantins,transtornos_hipertensivos,outros_hipertensivos,14,1640,0.8537,38,11258.70,0
202411,TO,Tocantins,transtornos_hipertensivos,pre_eclampsia,62,1640,3.7805,228,57126.11,0
202412,AC,Acre,complicacoes_gestacao,liquido_membranas_ou_placenta,31,883,3.5108,143,26456.26,0
202412,AC,Acre,complicacoes_parto,trabalho_de_parto_ou_parto,117,883,13.2503,418,88686.99,0
202412,AC,Acre,complicacoes_puerperais,outras_complicacoes_puerperais,1,883,0.1133,6,265.45,0
202412,AC,Acre,desfecho_abortivo,gestacao_com_desfecho_abortivo,50,883,5.6625,117,11344.81,0
202412,AC,Acre,disturbios_metabolicos,diabetes_na_gestacao,10,883,1.1325,66,10241.84,0
202412,AC,Acre,hemorragias,hemorragia_pos_parto,1,883,0.1133,2,220.82,0
202412,AC,Acre,hemorragias,outras_hemorragias_obstetricas,16,883,1.812,39,2688.99,0
202412,AC,Acre,infeccoes,infeccao_geniturinaria_gestacao,20,883,2.265,51,2711.15,0
202412,AC,Acre,infeccoes,infeccao_puerperal,22,883,2.4915,94,3823.27,0
202412,AC,Acre,outras_condicoes_maternas,anemia_complicando_gestacao,1,883,0.1133,2,149.44,0
202412,AC,Acre,outras_condicoes_maternas,doencas_classificadas_em_outros_capitulos,15,883,1.6988,65,3190.02,0
202412,AC,Acre,outras_condicoes_maternas,outras_condicoes_da_gestacao,4,883,0.453,12,578.22,0
202412,AC,Acre,transtornos_hipertensivos,eclampsia,3,883,0.3398,9,2864.35,0
202412,AC,Acre,transtornos_hipertensivos,hipertensao_gestacional,11,883,1.2458,32,6011.90,0
202412,AC,Acre,transtornos_hipertensivos,outros_hipertensivos,2,883,0.2265,18,2275.68,0
202412,AC,Acre,transtornos_hipertensivos,pre_eclampsia,26,883,2.9445,131,22540.47,0
202412,AL,Alagoas,complicacoes_anestesicas,anestesia_obstetrica,3,3386,0.0886,8,958.94,0
202412,AL,Alagoas,complicacoes_gestacao,liquido_membranas_ou_placenta,211,3386,6.2315,523,165359.79,0
202412,AL,Alagoas,complicacoes_parto,trabalho_de_parto_ou_parto,356,3386,10.5139,1006,264127.21,0
202412,AL,Alagoas,complicacoes_puerperais,outras_complicacoes_puerperais,39,3386,1.1518,156,6105.81,0
202412,AL,Alagoas,complicacoes_vasculares,complicacoes_venosas,7,3386,0.2067,35,1619.85,0
202412,AL,Alagoas,desfecho_abortivo,gestacao_com_desfecho_abortivo,290,3386,8.5647,521,71823.05,0
202412,AL,Alagoas,disturbios_metabolicos,diabetes_na_gestacao,49,3386,1.4471,235,38092.28,0
202412,AL,Alagoas,hemorragias,hemorragia_pos_parto,2,3386,0.0591,4,880.40,0
202412,AL,Alagoas,hemorragias,outras_hemorragias_obstetricas,70,3386,2.0673,145,28598.64,0
202412,AL,Alagoas,infeccoes,infeccao_geniturinaria_gestacao,42,3386,1.2404,302,12468.23,0
202412,AL,Alagoas,infeccoes,infeccao_puerperal,31,3386,0.9155,159,11831.01,0
202412,AL,Alagoas,outras_condicoes_maternas,anemia_complicando_gestacao,3,3386,0.0886,15,1906.88,0
202412,AL,Alagoas,outras_condicoes_maternas,doencas_classificadas_em_outros_capitulos,65,3386,1.9197,303,18589.11,0
202412,AL,Alagoas,outras_condicoes_maternas,edema_proteinuria_sem_hipertensao,3,3386,0.0886,41,1073.94,0
202412,AL,Alagoas,outras_condicoes_maternas,outras_condicoes_da_gestacao,19,3386,0.5611,39,2294.79,0
202412,AL,Alagoas,transtornos_hipertensivos,eclampsia,4,3386,0.1181,11,4261.36,0
202412,AL,Alagoas,transtornos_hipertensivos,hipertensao_gestacional,14,3386,0.4135,47,9861.51,0
202412,AL,Alagoas,transtornos_hipertensivos,outros_hipertensivos,43,3386,1.2699,165,33945.23,0
202412,AL,Alagoas,transtornos_hipertensivos,pre_eclampsia,88,3386,2.5989,306,83179.68,0
202412,AM,Amazonas,complicacoes_gestacao,liquido_membranas_ou_placenta,100,5030,1.9881,401,91809.56,0
202412,AM,Amazonas,complicacoes_parto,trabalho_de_parto_ou_parto,466,5030,9.2644,1414,374224.52,0
202412,AM,Amazonas,complicacoes_puerperais,outras_complicacoes_puerperais,26,5030,0.5169,118,7447.46,0
202412,AM,Amazonas,complicacoes_vasculares,complicacoes_venosas,2,5030,0.0398,7,267.68,0
202412,AM,Amazonas,desfecho_abortivo,gestacao_com_desfecho_abortivo,434,5030,8.6282,882,103116.18,0
202412,AM,Amazonas,disturbios_metabolicos,diabetes_na_gestacao,12,5030,0.2386,64,11452.09,0
202412,AM,Amazonas,hemorragias,hemorragia_pos_parto,2,5030,0.0398,4,375.24,0
202412,AM,Amazonas,hemorragias,outras_hemorragias_obstetricas,93,5030,1.8489,271,28791.51,0
202412,AM,Amazonas,infeccoes,infeccao_geniturinaria_gestacao,224,5030,4.4533,804,34697.97,0
202412,AM,Amazonas,infeccoes,infeccao_puerperal,43,5030,0.8549,181,11606.89,0
202412,AM,Amazonas,outras_condicoes_maternas,anemia_complicando_gestacao,1,5030,0.0199,2,149.44,0
202412,AM,Amazonas,outras_condicoes_maternas,doencas_classificadas_em_outros_capitulos,54,5030,1.0736,247,16124.81,0
202412,AM,Amazonas,outras_condicoes_maternas,edema_proteinuria_sem_hipertensao,1,5030,0.0199,2,125.24,0
202412,AM,Amazonas,outras_condicoes_maternas,outras_condicoes_da_gestacao,9,5030,0.1789,38,1823.26,0
202412,AM,Amazonas,transtornos_hipertensivos,eclampsia,8,5030,0.159,16,3917.07,0
202412,AM,Amazonas,transtornos_hipertensivos,hipertensao_gestacional,31,5030,0.6163,98,19389.46,0
202412,AM,Amazonas,transtornos_hipertensivos,outros_hipertensivos,20,5030,0.3976,74,16063.91,0
202412,AM,Amazonas,transtornos_hipertensivos,pre_eclampsia,81,5030,1.6103,287,63406.61,0
202412,AP,Amapá,complicacoes_anestesicas,anestesia_obstetrica,3,1104,0.2717,8,544.99,0
202412,AP,Amapá,complicacoes_gestacao,liquido_membranas_ou_placenta,26,1104,2.3551,99,18728.39,0
202412,AP,Amapá,complicacoes_parto,trabalho_de_parto_ou_parto,107,1104,9.692,404,68667.59,0
202412,AP,Amapá,complicacoes_puerperais,outras_complicacoes_puerperais,12,1104,1.087,31,2168.76,0
202412,AP,Amapá,desfecho_abortivo,gestacao_com_desfecho_abortivo,102,1104,9.2391,212,28455.35,0
202412,AP,Amapá,disturbios_metabolicos,diabetes_na_gestacao,27,1104,2.4457,112,11999.13,0
202412,AP,Amapá,hemorragias,hemorragia_pos_parto,1,1104,0.0906,7,277.86,0
202412,AP,Amapá,hemorragias,outras_hemorragias_obstetricas,19,1104,1.721,64,8920.28,0
202412,AP,Amapá,infeccoes,infeccao_geniturinaria_gestacao,16,1104,1.4493,111,4151.06,0
202412,AP,Amapá,infeccoes,infeccao_puerperal,11,1104,0.9964,79,4816.84,0
202412,AP,Amapá,outras_condicoes_maternas,anemia_complicando_gestacao,3,1104,0.2717,13,554.15,0
202412,AP,Amapá,outras_condicoes_maternas,doencas_classificadas_em_outros_capitulos,21,1104,1.9022,118,3185.33,0
202412,AP,Amapá,outras_condicoes_maternas,outras_condicoes_da_gestacao,3,1104,0.2717,17,1068.54,0
202412,AP,Amapá,transtornos_hipertensivos,eclampsia,2,1104,0.1812,5,1239.11,0
202412,AP,Amapá,transtornos_hipertensivos,hipertensao_gestacional,19,1104,1.721,87,11745.07,0
202412,AP,Amapá,transtornos_hipertensivos,outros_hipertensivos,18,1104,1.6304,75,9824.09,0
202412,AP,Amapá,transtornos_hipertensivos,pre_eclampsia,20,1104,1.8116,145,14391.90,0
202412,BA,Bahia,complicacoes_anestesicas,anestesia_obstetrica,13,11681,0.1113,44,2040.57,0
202412,BA,Bahia,complicacoes_gestacao,liquido_membranas_ou_placenta,271,11681,2.32,781,187162.00,0
202412,BA,Bahia,complicacoes_parto,trabalho_de_parto_ou_parto,1064,11681,9.1088,2756,620416.02,1
202412,BA,Bahia,complicacoes_puerperais,outras_complicacoes_puerperais,136,11681,1.1643,686,67371.98,0
202412,BA,Bahia,complicacoes_vasculares,complicacoes_venosas,25,11681,0.214,137,6203.40,0
202412,BA,Bahia,desfecho_abortivo,gestacao_com_desfecho_abortivo,1363,11681,11.6685,2701,308142.79,0
202412,BA,Bahia,disturbios_metabolicos,diabetes_na_gestacao,291,11681,2.4912,1349,167355.22,0
202412,BA,Bahia,hemorragias,hemorragia_pos_parto,16,11681,0.137,54,4287.71,0
202412,BA,Bahia,hemorragias,outras_hemorragias_obstetricas,267,11681,2.2858,578,51288.06,0
202412,BA,Bahia,infeccoes,infeccao_geniturinaria_gestacao,183,11681,1.5666,831,38958.24,0
202412,BA,Bahia,infeccoes,infeccao_puerperal,112,11681,0.9588,662,37449.49,0
202412,BA,Bahia,outras_condicoes_maternas,anemia_complicando_gestacao,11,11681,0.0942,41,3373.01,0
202412,BA,Bahia,outras_condicoes_maternas,doencas_classificadas_em_outros_capitulos,625,11681,5.3506,2617,227372.90,0
202412,BA,Bahia,outras_condicoes_maternas,edema_proteinuria_sem_hipertensao,3,11681,0.0257,10,416.47,0
202412,BA,Bahia,outras_condicoes_maternas,outras_condicoes_da_gestacao,75,11681,0.6421,278,11366.69,0
202412,BA,Bahia,transtornos_hipertensivos,eclampsia,23,11681,0.1969,90,13862.71,0
202412,BA,Bahia,transtornos_hipertensivos,hipertensao_gestacional,158,11681,1.3526,562,84086.79,0
202412,BA,Bahia,transtornos_hipertensivos,outros_hipertensivos,188,11681,1.6095,742,132129.34,0
202412,BA,Bahia,transtornos_hipertensivos,pre_eclampsia,218,11681,1.8663,884,147979.70,0
202412,CE,Ceará,complicacoes_anestesicas,anestesia_obstetrica,9,7917,0.1137,22,1773.80,0
202412,CE,Ceará,complicacoes_gestacao,liquido_membranas_ou_placenta,445,7917,5.6208,1198,323602.18,0
202412,CE,Ceará,complicacoes_parto,trabalho_de_parto_ou_parto,754,7917,9.5238,1980,468504.64,1
202412,CE,Ceará,complicacoes_puerperais,outras_complicacoes_puerperais,25,7917,0.3158,81,5878.64,0
202412,CE,Ceará,complicacoes_vasculares,complicacoes_venosas,35,7917,0.4421,134,17887.78,0
202412,CE,Ceará,desfecho_abortivo,gestacao_com_desfecho_abortivo,753,7917,9.5112,1253,180927.49,0
202412,CE,Ceará,disturbios_metabolicos,diabetes_na_gestacao,333,7917,4.2061,1578,202170.64,0
202412,CE,Ceará,hemorragias,hemorragia_pos_parto,5,7917,0.0632,18,5642.93,0
202412,CE,Ceará,hemorragias,outras_hemorragias_obstetricas,131,7917,1.6547,229,48340.99,0
202412,CE,Ceará,infeccoes,infeccao_geniturinaria_gestacao,156,7917,1.9704,811,33420.38,0
202412,CE,Ceará,infeccoes,infeccao_puerperal,57,7917,0.72,317,15474.05,0
202412,CE,Ceará,outras_condicoes_maternas,anemia_complicando_gestacao,7,7917,0.0884,27,5474.14,0
202412,CE,Ceará,outras_condicoes_maternas,doencas_classificadas_em_outros_capitulos,374,7917,4.724,1527,105708.78,0
202412,CE,Ceará,outras_condicoes_maternas,edema_proteinuria_sem_hipertensao,4,7917,0.0505,6,2743.26,0
202412,CE,Ceará,outras_condicoes_maternas,outras_condicoes_da_gestacao,69,7917,0.8715,171,19499.50,0
202412,CE,Ceará,transtornos_hipertensivos,eclampsia,30,7917,0.3789,144,21480.28,0
202412,CE,Ceará,transtornos_hipertensivos,hipertensao_gestacional,102,7917,1.2884,341,60882.80,0
202412,CE,Ceará,transtornos_hipertensivos,outros_hipertensivos,94,7917,1.1873,311,60282.80,0
202412,CE,Ceará,transtornos_hipertensivos,pre_eclampsia,545,7917,6.8839,2453,418909.12,0
202412,DF,Distrito Federal,complicacoes_anestesicas,anestesia_obstetrica,10,2491,0.4014,32,2015.74,0
202412,DF,Distrito Federal,complicacoes_gestacao,liquido_membranas_ou_placenta,92,2491,3.6933,344,64753.19,0
202412,DF,Distrito Federal,complicacoes_parto,trabalho_de_parto_ou_parto,575,2491,23.0831,1677,279472.97,0
202412,DF,Distrito Federal,complicacoes_puerperais,outras_complicacoes_puerperais,43,2491,1.7262,199,9047.21,0
202412,DF,Distrito Federal,complicacoes_vasculares,complicacoes_venosas,6,2491,0.2409,30,1198.88,0
202412,DF,Distrito Federal,desfecho_abortivo,gestacao_com_desfecho_abortivo,209,2491,8.3902,275,42200.07,0
202412,DF,Distrito Federal,disturbios_metabolicos,diabetes_na_gestacao,61,2491,2.4488,278,31979.09,0
202412,DF,Distrito Federal,hemorragias,hemorragia_pos_parto,2,2491,0.0803,2,280.84,0
202412,DF,Distrito Federal,hemorragias,outras_hemorragias_obstetricas,50,2491,2.0072,90,13785.43,0
202412,DF,Distrito Federal,infeccoes,infeccao_geniturinaria_gestacao,26,2491,1.0438,85,7251.77,0
202412,DF,Distrito Federal,infeccoes,infeccao_puerperal,27,2491,1.0839,140,9158.08,0
202412,DF,Distrito Federal,outras_condicoes_maternas,doencas_classificadas_em_outros_capitulos,90,2491,3.613,320,31314.88,0
202412,DF,Distrito Federal,outras_condicoes_maternas,outras_condicoes_da_gestacao,27,2491,1.0839,91,4388.74,0
202412,DF,Distrito Federal,transtornos_hipertensivos,eclampsia,4,2491,0.1606,28,9166.06,0
202412,DF,Distrito Federal,transtornos_hipertensivos,hipertensao_gestacional,72,2491,2.8904,335,34424.05,0
202412,DF,Distrito Federal,transtornos_hipertensivos,outros_hipertensivos,25,2491,1.0036,90,18778.29,0
202412,DF,Distrito Federal,transtornos_hipertensivos,pre_eclampsia,55,2491,2.2079,272,49354.34,0
202412,ES,Espírito Santo,complicacoes_anestesicas,anestesia_obstetrica,4,3227,0.124,4,611.01,0
202412,ES,Espírito Santo,complicacoes_gestacao,liquido_membranas_ou_placenta,161,3227,4.9892,450,117634.92,0
202412,ES,Espírito Santo,complicacoes_parto,trabalho_de_parto_ou_parto,440,3227,13.635,1055,270833.36,0
202412,ES,Espírito Santo,complicacoes_puerperais,outras_complicacoes_puerperais,10,3227,0.3099,41,6170.67,0
202412,ES,Espírito Santo,complicacoes_vasculares,complicacoes_venosas,3,3227,0.093,21,858.86,0
202412,ES,Espírito Santo,desfecho_abortivo,gestacao_com_desfecho_abortivo,275,3227,8.5218,483,72531.09,0
202412,ES,Espírito Santo,disturbios_metabolicos,diabetes_na_gestacao,172,3227,5.33,663,128472.23,0
202412,ES,Espírito Santo,hemorragias,hemorragia_pos_parto,3,3227,0.093,11,2140.11,0
202412,ES,Espírito Santo,hemorragias,outras_hemorragias_obstetricas,48,3227,1.4874,88,22259.56,0
202412,ES,Espírito Santo,infeccoes,infeccao_geniturinaria_gestacao,58,3227,1.7973,246,20124.58,0
202412,ES,Espírito Santo,infeccoes,infeccao_puerperal,48,3227,1.4874,195,16884.80,0
202412,ES,Espírito Santo,outras_condicoes_maternas,anemia_complicando_gestacao,6,3227,0.1859,27,4441.22,0
202412,ES,Espírito Santo,outras_condicoes_maternas,doencas_classificadas_em_outros_capitulos,84,3227,2.603,372,49745.12,0
202412,ES,Espírito Santo,outras_condicoes_maternas,outras_condicoes_da_gestacao,43,3227,1.3325,135,7543.09,0
202412,ES,Espírito Santo,transtornos_hipertensivos,eclampsia,6,3227,0.1859,20,8482.19,0
202412,ES,Espírito Santo,transtornos_hipertensivos,hipertensao_gestacional,43,3227,1.3325,158,30642.40,0
202412,ES,Espírito Santo,transtornos_hipertensivos,outros_hipertensivos,197,3227,6.1047,559,219273.93,0
202412,ES,Espírito Santo,transtornos_hipertensivos,pre_eclampsia,39,3227,1.2086,152,41338.35,0
202412,GO,Goiás,complicacoes_anestesicas,anestesia_obstetrica,5,5428,0.0921,10,566.22,0
202412,GO,Goiás,complicacoes_gestacao,liquido_membranas_ou_placenta,152,5428,2.8003,396,105781.97,0
202412,GO,Goiás,complicacoes_parto,trabalho_de_parto_ou_parto,623,5428,11.4775,1644,369986.98,0
202412,GO,Goiás,complicacoes_puerperais,outras_complicacoes_puerperais,52,5428,0.958,224,15857.81,0
202412,GO,Goiás,complicacoes_vasculares,complicacoes_venosas,3,5428,0.0553,9,598.67,0
202412,GO,Goiás,desfecho_abortivo,gestacao_com_desfecho_abortivo,382,5428,7.0376,636,112663.24,0
202412,GO,Goiás,disturbios_metabolicos,diabetes_na_gestacao,128,5428,2.3581,477,74492.42,0
202412,GO,Goiás,hemorragias,hemorragia_pos_parto,7,5428,0.129,18,6156.98,0
202412,GO,Goiás,hemorragias,outras_hemorragias_obstetricas,104,5428,1.916,224,24016.59,0
202412,GO,Goiás,infeccoes,infeccao_geniturinaria_gestacao,92,5428,1.6949,283,18796.14,0
202412,GO,Goiás,infeccoes,infeccao_puerperal,26,5428,0.479,139,17741.53,0
202412,GO,Goiás,outras_condicoes_maternas,doencas_classificadas_em_outros_capitulos,325,5428,5.9875,1204,146174.85,0
202412,GO,Goiás,outras_condicoes_maternas,edema_proteinuria_sem_hipertensao,2,5428,0.0368,8,1100.67,0
202412,GO,Goiás,outras_condicoes_maternas,outras_condicoes_da_gestacao,56,5428,1.0317,154,14473.96,0
202412,GO,Goiás,transtornos_hipertensivos,eclampsia,13,5428,0.2395,37,7878.71,0
202412,GO,Goiás,transtornos_hipertensivos,hipertensao_gestacional,48,5428,0.8843,148,24288.01,0
202412,GO,Goiás,transtornos_hipertensivos,outros_hipertensivos,97,5428,1.787,406,78797.55,0
202412,GO,Goiás,transtornos_hipertensivos,pre_eclampsia,117,5428,2.1555,390,92267.09,0
202412,MA,Maranhão,complicacoes_anestesicas,anestesia_obstetrica,7,6917,0.1012,15,1826.45,0
202412,MA,Maranhão,complicacoes_gestacao,liquido_membranas_ou_placenta,273,6917,3.9468,1004,204278.80,0
202412,MA,Maranhão,complicacoes_parto,trabalho_de_parto_ou_parto,967,6917,13.98,2582,662966.68,0
202412,MA,Maranhão,complicacoes_puerperais,outras_complicacoes_puerperais,15,6917,0.2169,65,4274.33,0
202412,MA,Maranhão,complicacoes_vasculares,complicacoes_venosas,4,6917,0.0578,10,1189.92,0
202412,MA,Maranhão,complicacoes_vasculares,embolia_obstetrica,1,6917,0.0145,11,182.42,0
202412,MA,Maranhão,desfecho_abortivo,gestacao_com_desfecho_abortivo,546,6917,7.8936,1079,128012.59,0
202412,MA,Maranhão,disturbios_metabolicos,diabetes_na_gestacao,113,6917,1.6337,592,89113.16,0
202412,MA,Maranhão,hemorragias,hemorragia_pos_parto,4,6917,0.0578,20,1420.72,0
202412,MA,Maranhão,hemorragias,outras_hemorragias_obstetricas,122,6917,1.7638,304,58420.10,0
202412,MA,Maranhão,infeccoes,infeccao_geniturinaria_gestacao,62,6917,0.8963,272,12627.18,0
202412,MA,Maranhão,infeccoes,infeccao_puerperal,53,6917,0.7662,277,14330.61,0
202412,MA,Maranhão,outras_condicoes_maternas,anemia_complicando_gestacao,2,6917,0.0289,6,2844.24,0
202412,MA,Maranhão,outras_condicoes_maternas,doencas_classificadas_em_outros_capitulos,45,6917,0.6506,233,14111.42,0
202412,MA,Maranhão,outras_condicoes_maternas,outras_condicoes_da_gestacao,46,6917,0.665,118,10650.45,0
202412,MA,Maranhão,transtornos_hipertensivos,eclampsia,10,6917,0.1446,71,31897.58,0
202412,MA,Maranhão,transtornos_hipertensivos,hipertensao_gestacional,52,6917,0.7518,248,38397.17,1
202412,MA,Maranhão,transtornos_hipertensivos,outros_hipertensivos,107,6917,1.5469,509,93092.76,0
202412,MA,Maranhão,transtornos_hipertensivos,pre_eclampsia,170,6917,2.4577,730,131940.97,2
202412,MG,Minas Gerais,complicacoes_anestesicas,anestesia_obstetrica,2,13704,0.0146,7,881.97,0
202412,MG,Minas Gerais,complicacoes_gestacao,liquido_membranas_ou_placenta,351,13704,2.5613,940,271761.14,0
202412,MG,Minas Gerais,complicacoes_parto,trabalho_de_parto_ou_parto,984,13704,7.1804,2335,603038.22,0
202412,MG,Minas Gerais,complicacoes_puerperais,outras_complicacoes_puerperais,45,13704,0.3284,142,21316.66,0
202412,MG,Minas Gerais,complicacoes_vasculares,complicacoes_venosas,24,13704,0.1751,109,8391.09,0
202412,MG,Minas Gerais,complicacoes_vasculares,embolia_obstetrica,2,13704,0.0146,3,1049.30,0
202412,MG,Minas Gerais,desfecho_abortivo,gestacao_com_desfecho_abortivo,1236,13704,9.0193,1671,381787.75,0
202412,MG,Minas Gerais,disturbios_metabolicos,diabetes_na_gestacao,352,13704,2.5686,1133,227139.62,0
202412,MG,Minas Gerais,hemorragias,hemorragia_pos_parto,34,13704,0.2481,76,20275.68,0
202412,MG,Minas Gerais,hemorragias,outras_hemorragias_obstetricas,298,13704,2.1745,468,77755.41,0
202412,MG,Minas Gerais,infeccoes,infeccao_geniturinaria_gestacao,183,13704,1.3354,619,36517.54,0
202412,MG,Minas Gerais,infeccoes,infeccao_puerperal,73,13704,0.5327,296,38675.85,0
202412,MG,Minas Gerais,outras_condicoes_maternas,anemia_complicando_gestacao,8,13704,0.0584,19,1643.35,0
202412,MG,Minas Gerais,outras_condicoes_maternas,doencas_classificadas_em_outros_capitulos,297,13704,2.1673,795,99536.07,0
202412,MG,Minas Gerais,outras_condicoes_maternas,edema_proteinuria_sem_hipertensao,1,13704,0.0073,2,167.98,0
202412,MG,Minas Gerais,outras_condicoes_maternas,outras_condicoes_da_gestacao,142,13704,1.0362,497,34278.22,0
202412,MG,Minas Gerais,transtornos_hipertensivos,eclampsia,36,13704,0.2627,151,24270.54,0
202412,MG,Minas Gerais,transtornos_hipertensivos,hipertensao_gestacional,131,13704,0.9559,420,65066.67,0
202412,MG,Minas Gerais,transtornos_hipertensivos,outros_hipertensivos,268,13704,1.9556,864,211330.93,0
202412,MG,Minas Gerais,transtornos_hipertensivos,pre_eclampsia,263,13704,1.9191,949,180299.95,0
202412,MS,Mato Grosso do Sul,complicacoes_anestesicas,anestesia_obstetrica,2,2788,0.0717,5,353.63,0
202412,MS,Mato Grosso do Sul,complicacoes_gestacao,liquido_membranas_ou_placenta,132,2788,4.7346,409,92595.42,0
202412,MS,Mato Grosso do Sul,complicacoes_parto,trabalho_de_parto_ou_parto,411,2788,14.7418,1011,214841.35,0
202412,MS,Mato Grosso do Sul,complicacoes_puerperais,outras_complicacoes_puerperais,5,2788,0.1793,19,2920.34,0
202412,MS,Mato Grosso do Sul,complicacoes_vasculares,complicacoes_venosas,5,2788,0.1793,14,1394.41,0
202412,MS,Mato Grosso do Sul,desfecho_abortivo,gestacao_com_desfecho_abortivo,183,2788,6.5638,317,50814.65,0
202412,MS,Mato Grosso do Sul,disturbios_metabolicos,diabetes_na_gestacao,63,2788,2.2597,237,43756.99,0
202412,MS,Mato Grosso do Sul,hemorragias,hemorragia_pos_parto,5,2788,0.1793,20,7657.16,0
202412,MS,Mato Grosso do Sul,hemorragias,outras_hemorragias_obstetricas,83,2788,2.977,181,18337.18,0
202412,MS,Mato Grosso do Sul,infeccoes,infeccao_geniturinaria_gestacao,93,2788,3.3357,326,15138.16,0
202412,MS,Mato Grosso do Sul,infeccoes,infeccao_puerperal,17,2788,0.6098,100,12046.03,0
202412,MS,Mato Grosso do Sul,outras_condicoes_maternas,doencas_classificadas_em_outros_capitulos,246,2788,8.8235,857,129938.65,0
202412,MS,Mato Grosso do Sul,outras_condicoes_maternas,outras_condicoes_da_gestacao,15,2788,0.538,53,2859.54,0
202412,MS,Mato Grosso do Sul,transtornos_hipertensivos,eclampsia,5,2788,0.1793,20,3831.72,0
202412,MS,Mato Grosso do Sul,transtornos_hipertensivos,hipertensao_gestacional,50,2788,1.7934,170,31419.19,0
202412,MS,Mato Grosso do Sul,transtornos_hipertensivos,outros_hipertensivos,52,2788,1.8651,172,41079.66,0
202412,MS,Mato Grosso do Sul,transtornos_hipertensivos,pre_eclampsia,55,2788,1.9727,253,53781.92,0
202412,MT,Mato Grosso,complicacoes_anestesicas,anestesia_obstetrica,2,3896,0.0513,5,332.57,0
202412,MT,Mato Grosso,complicacoes_gestacao,liquido_membranas_ou_placenta,92,3896,2.3614,207,66756.60,0
202412,MT,Mato Grosso,complicacoes_parto,trabalho_de_parto_ou_parto,388,3896,9.9589,907,227920.18,0
202412,MT,Mato Grosso,complicacoes_puerperais,outras_complicacoes_puerperais,16,3896,0.4107,30,3096.80,0
202412,MT,Mato Grosso,complicacoes_vasculares,complicacoes_venosas,3,3896,0.077,14,597.28,0
202412,MT,Mato Grosso,desfecho_abortivo,gestacao_com_desfecho_abortivo,322,3896,8.2649,635,120656.46,0
202412,MT,Mato Grosso,disturbios_metabolicos,diabetes_na_gestacao,116,3896,2.9774,258,50000.93,0
202412,MT,Mato Grosso,hemorragias,hemorragia_pos_parto,3,3896,0.077,9,4008.43,0
202412,MT,Mato Grosso,hemorragias,outras_hemorragias_obstetricas,94,3896,2.4127,230,17495.67,0
202412,MT,Mato Grosso,infeccoes,infeccao_geniturinaria_gestacao,94,3896,2.4127,297,15747.37,0
202412,MT,Mato Grosso,infeccoes,infeccao_puerperal,30,3896,0.77,129,12165.83,1
202412,MT,Mato Grosso,outras_condicoes_maternas,anemia_complicando_gestacao,1,3896,0.0257,4,133.44,0
202412,MT,Mato Grosso,outras_condicoes_maternas,doencas_classificadas_em_outros_capitulos,170,3896,4.3634,554,42806.12,0
202412,MT,Mato Grosso,outras_condicoes_maternas,outras_condicoes_da_gestacao,25,3896,0.6417,54,4456.43,0
202412,MT,Mato Grosso,transtornos_hipertensivos,eclampsia,10,3896,0.2567,29,8953.41,0
202412,MT,Mato Grosso,transtornos_hipertensivos,hipertensao_gestacional,56,3896,1.4374,174,36475.49,0
202412,MT,Mato Grosso,transtornos_hipertensivos,outros_hipertensivos,46,3896,1.1807,168,33779.42,0
202412,MT,Mato Grosso,transtornos_hipertensivos,pre_eclampsia,65,3896,1.6684,230,50407.10,0
202412,PA,Pará,complicacoes_anestesicas,anestesia_obstetrica,11,9874,0.1114,23,2301.20,0
202412,PA,Pará,complicacoes_gestacao,liquido_membranas_ou_placenta,384,9874,3.889,1212,288502.74,0
202412,PA,Pará,complicacoes_parto,trabalho_de_parto_ou_parto,1805,9874,18.2803,4303,1258554.28,2
202412,PA,Pará,complicacoes_puerperais,outras_complicacoes_puerperais,49,9874,0.4963,273,18291.18,0
202412,PA,Pará,complicacoes_vasculares,complicacoes_venosas,4,9874,0.0405,10,2067.79,0
202412,PA,Pará,desfecho_abortivo,gestacao_com_desfecho_abortivo,720,9874,7.2919,1135,182529.73,0
202412,PA,Pará,disturbios_metabolicos,diabetes_na_gestacao,93,9874,0.9419,397,55708.34,0
202412,PA,Pará,hemorragias,hemorragia_pos_parto,5,9874,0.0506,16,1221.45,0
202412,PA,Pará,hemorragias,outras_hemorragias_obstetricas,222,9874,2.2483,417,52762.71,0
202412,PA,Pará,infeccoes,infeccao_geniturinaria_gestacao,258,9874,2.6129,862,38670.23,0
202412,PA,Pará,infeccoes,infeccao_puerperal,63,9874,0.638,307,17185.30,0
202412,PA,Pará,outras_condicoes_maternas,anemia_complicando_gestacao,4,9874,0.0405,28,1281.16,0
202412,PA,Pará,outras_condicoes_maternas,doencas_classificadas_em_outros_capitulos,222,9874,2.2483,810,72022.29,1
202412,PA,Pará,outras_condicoes_maternas,outras_condicoes_da_gestacao,35,9874,0.3545,110,12546.39,0
202412,PA,Pará,transtornos_hipertensivos,eclampsia,27,9874,0.2734,85,18071.37,0
202412,PA,Pará,transtornos_hipertensivos,hipertensao_gestacional,88,9874,0.8912,309,67098.85,0
202412,PA,Pará,transtornos_hipertensivos,outros_hipertensivos,59,9874,0.5975,239,43730.23,0
202412,PA,Pará,transtornos_hipertensivos,pre_eclampsia,270,9874,2.7345,984,237488.85,0
202412,PB,Paraíba,complicacoes_anestesicas,anestesia_obstetrica,3,3711,0.0808,3,1009.92,0
202412,PB,Paraíba,complicacoes_gestacao,liquido_membranas_ou_placenta,130,3711,3.5031,340,102027.09,0
202412,PB,Paraíba,complicacoes_parto,trabalho_de_parto_ou_parto,580,3711,15.6292,1483,480842.92,0
202412,PB,Paraíba,complicacoes_puerperais,outras_complicacoes_puerperais,25,3711,0.6737,96,12825.01,0
202412,PB,Paraíba,complicacoes_vasculares,complicacoes_venosas,3,3711,0.0808,17,1170.97,0
202412,PB,Paraíba,desfecho_abortivo,gestacao_com_desfecho_abortivo,320,3711,8.623,500,77231.00,0
202412,PB,Paraíba,disturbios_metabolicos,diabetes_na_gestacao,256,3711,6.8984,1200,206650.49,0
202412,PB,Paraíba,hemorragias,hemorragia_pos_parto,1,3711,0.0269,0,179.62,0
202412,PB,Paraíba,hemorragias,outras_hemorragias_obstetricas,44,3711,1.1857,144,24232.07,0
202412,PB,Paraíba,infeccoes,infeccao_geniturinaria_gestacao,41,3711,1.1048,270,12647.59,0
202412,PB,Paraíba,infeccoes,infeccao_puerperal,24,3711,0.6467,176,10365.96,0
202412,PB,Paraíba,outras_condicoes_maternas,anemia_complicando_gestacao,10,3711,0.2695,69,3389.00,0
202412,PB,Paraíba,outras_condicoes_maternas,doencas_classificadas_em_outros_capitulos,145,3711,3.9073,849,70904.36,1
202412,PB,Paraíba,outras_condicoes_maternas,outras_condicoes_da_gestacao,13,3711,0.3503,45,4208.17,0
202412,PB,Paraíba,transtornos_hipertensivos,eclampsia,14,3711,0.3773,70,18671.07,0
202412,PB,Paraíba,transtornos_hipertensivos,hipertensao_gestacional,77,3711,2.0749,285,70849.75,0
202412,PB,Paraíba,transtornos_hipertensivos,outros_hipertensivos,65,3711,1.7515,171,60148.97,0
202412,PB,Paraíba,transtornos_hipertensivos,pre_eclampsia,179,3711,4.8235,781,244850.74,1
202412,PE,Pernambuco,complicacoes_anestesicas,anestesia_obstetrica,11,8146,0.135,25,2078.49,0
202412,PE,Pernambuco,complicacoes_gestacao,liquido_membranas_ou_placenta,465,8146,5.7083,1209,326924.67,0
202412,PE,Pernambuco,complicacoes_parto,trabalho_de_parto_ou_parto,586,8146,7.1937,1424,292640.33,0
202412,PE,Pernambuco,complicacoes_puerperais,outras_complicacoes_puerperais,38,8146,0.4665,140,18500.99,0
202412,PE,Pernambuco,complicacoes_vasculares,complicacoes_venosas,5,8146,0.0614,23,2961.73,0
202412,PE,Pernambuco,desfecho_abortivo,gestacao_com_desfecho_abortivo,703,8146,8.63,1538,171214.69,0
202412,PE,Pernambuco,disturbios_metabolicos,diabetes_na_gestacao,266,8146,3.2654,1030,188498.80,0
202412,PE,Pernambuco,hemorragias,hemorragia_pos_parto,24,8146,0.2946,93,10825.63,0
202412,PE,Pernambuco,hemorragias,outras_hemorragias_obstetricas,54,8146,0.6629,133,24865.16,0
202412,PE,Pernambuco,infeccoes,infeccao_geniturinaria_gestacao,106,8146,1.3013,522,23816.44,0
202412,PE,Pernambuco,infeccoes,infeccao_puerperal,80,8146,0.9821,551,31716.53,0
202412,PE,Pernambuco,outras_condicoes_maternas,anemia_complicando_gestacao,3,8146,0.0368,7,419.82,0
202412,PE,Pernambuco,outras_condicoes_maternas,doencas_classificadas_em_outros_capitulos,121,8146,1.4854,594,60667.58,0
202412,PE,Pernambuco,outras_condicoes_maternas,edema_proteinuria_sem_hipertensao,1,8146,0.0123,2,1101.69,0
202412,PE,Pernambuco,outras_condicoes_maternas,outras_condicoes_da_gestacao,22,8146,0.2701,71,10392.67,0
202412,PE,Pernambuco,transtornos_hipertensivos,eclampsia,17,8146,0.2087,110,17796.52,0
202412,PE,Pernambuco,transtornos_hipertensivos,hipertensao_gestacional,242,8146,2.9708,706,190350.61,0
202412,PE,Pernambuco,transtornos_hipertensivos,outros_hipertensivos,173,8146,2.1237,533,150049.78,0
202412,PE,Pernambuco,transtornos_hipertensivos,pre_eclampsia,405,8146,4.9718,1791,351882.56,0
202412,PI,Piauí,complicacoes_anestesicas,anestesia_obstetrica,2,3149,0.0635,3,161.46,0
202412,PI,Piauí,complicacoes_gestacao,liquido_membranas_ou_placenta,110,3149,3.4932,391,98744.32,0
202412,PI,Piauí,complicacoes_parto,trabalho_de_parto_ou_parto,415,3149,13.1788,1154,244096.77,0
202412,PI,Piauí,complicacoes_puerperais,outras_complicacoes_puerperais,47,3149,1.4925,262,28431.13,0
202412,PI,Piauí,complicacoes_vasculares,complicacoes_venosas,1,3149,0.0318,2,358.38,0
202412,PI,Piauí,desfecho_abortivo,gestacao_com_desfecho_abortivo,287,3149,9.114,575,64947.92,0
202412,PI,Piauí,disturbios_metabolicos,diabetes_na_gestacao,66,3149,2.0959,391,57066.62,0
202412,PI,Piauí,hemorragias,hemorragia_pos_parto,1,3149,0.0318,3,2268.41,0
202412,PI,Piauí,hemorragias,outras_hemorragias_obstetricas,65,3149,2.0641,164,15866.35,0
202412,PI,Piauí,infeccoes,infeccao_geniturinaria_gestacao,32,3149,1.0162,131,5128.34,0
202412,PI,Piauí,infeccoes,infeccao_puerperal,21,3149,0.6669,170,5918.67,0
202412,PI,Piauí,outras_condicoes_maternas,doencas_classificadas_em_outros_capitulos,237,3149,7.5262,1667,116458.94,0
202412,PI,Piauí,outras_condicoes_maternas,outras_condicoes_da_gestacao,15,3149,0.4763,35,2037.58,0
202412,PI,Piauí,transtornos_hipertensivos,eclampsia,4,3149,0.127,18,4152.57,0
202412,PI,Piauí,transtornos_hipertensivos,hipertensao_gestacional,18,3149,0.5716,61,10963.02,0
202412,PI,Piauí,transtornos_hipertensivos,outros_hipertensivos,57,3149,1.8101,272,60026.24,0
202412,PI,Piauí,transtornos_hipertensivos,pre_eclampsia,194,3149,6.1607,1020,198347.52,0
202412,PR,Paraná,complicacoes_anestesicas,anestesia_obstetrica,2,8338,0.024,3,998.20,0
202412,PR,Paraná,complicacoes_gestacao,liquido_membranas_ou_placenta,158,8338,1.8949,433,120828.94,0
202412,PR,Paraná,complicacoes_parto,trabalho_de_parto_ou_parto,1056,8338,12.6649,2521,665871.63,0
202412,PR,Paraná,complicacoes_puerperais,outras_complicacoes_puerperais,54,8338,0.6476,165,22464.98,0
202412,PR,Paraná,complicacoes_vasculares,complicacoes_venosas,13,8338,0.1559,40,3822.51,0
202412,PR,Paraná,desfecho_abortivo,gestacao_com_desfecho_abortivo,662,8338,7.9396,834,198783.33,0
202412,PR,Paraná,disturbios_metabolicos,diabetes_na_gestacao,161,8338,1.9309,503,107623.44,0
202412,PR,Paraná,hemorragias,hemorragia_pos_parto,20,8338,0.2399,28,6436.41,0
202412,PR,Paraná,hemorragias,outras_hemorragias_obstetricas,335,8338,4.0178,499,64112.44,0
202412,PR,Paraná,infeccoes,infeccao_geniturinaria_gestacao,69,8338,0.8275,221,18228.46,0
202412,PR,Paraná,infeccoes,infeccao_puerperal,41,8338,0.4917,168,22509.32,0
202412,PR,Paraná,outras_condicoes_maternas,anemia_complicando_gestacao,3,8338,0.036,4,653.46,0
202412,PR,Paraná,outras_condicoes_maternas,doencas_classificadas_em_outros_capitulos,569,8338,6.8242,1393,208180.12,0
202412,PR,Paraná,outras_condicoes_maternas,edema_proteinuria_sem_hipertensao,1,8338,0.012,2,157.64,0
202412,PR,Paraná,outras_condicoes_maternas,outras_condicoes_da_gestacao,114,8338,1.3672,282,44151.46,0
202412,PR,Paraná,transtornos_hipertensivos,eclampsia,18,8338,0.2159,34,6242.26,0
202412,PR,Paraná,transtornos_hipertensivos,hipertensao_gestacional,91,8338,1.0914,274,56169.59,0
202412,PR,Paraná,transtornos_hipertensivos,outros_hipertensivos,107,8338,1.2833,322,89631.63,0
202412,PR,Paraná,transtornos_hipertensivos,pre_eclampsia,100,8338,1.1993,334,62142.57,0
202412,RJ,Rio de Janeiro,complicacoes_anestesicas,anestesia_obstetrica,19,10650,0.1784,62,12245.47,0
202412,RJ,Rio de Janeiro,complicacoes_gestacao,liquido_membranas_ou_placenta,588,10650,5.5211,1972,439641.15,1
202412,RJ,Rio de Janeiro,complicacoes_parto,trabalho_de_parto_ou_parto,1078,10650,10.1221,3480,757047.57,0
202412,RJ,Rio de Janeiro,complicacoes_puerperais,outras_complicacoes_puerperais,57,10650,0.5352,228,34801.64,0
202412,RJ,Rio de Janeiro,complicacoes_vasculares,complicacoes_venosas,24,10650,0.2254,167,13696.93,0
202412,RJ,Rio de Janeiro,desfecho_abortivo,gestacao_com_desfecho_abortivo,1027,10650,9.6432,2014,265724.34,0
202412,RJ,Rio de Janeiro,disturbios_metabolicos,diabetes_na_gestacao,436,10650,4.0939,2091,238014.47,0
202412,RJ,Rio de Janeiro,hemorragias,hemorragia_pos_parto,8,10650,0.0751,23,6500.72,0
202412,RJ,Rio de Janeiro,hemorragias,outras_hemorragias_obstetricas,187,10650,1.7559,404,58357.91,0
202412,RJ,Rio de Janeiro,infeccoes,infeccao_geniturinaria_gestacao,197,10650,1.8498,882,37427.38,0
202412,RJ,Rio de Janeiro,infeccoes,infeccao_puerperal,120,10650,1.1268,684,62327.88,0
202412,RJ,Rio de Janeiro,outras_condicoes_maternas,anemia_complicando_gestacao,22,10650,0.2066,106,10149.01,0
202412,RJ,Rio de Janeiro,outras_condicoes_maternas,doencas_classificadas_em_outros_capitulos,313,10650,2.939,1404,132016.20,0
202412,RJ,Rio de Janeiro,outras_condicoes_maternas,edema_proteinuria_sem_hipertensao,5,10650,0.0469,12,1466.98,0
202412,RJ,Rio de Janeiro,outras_condicoes_maternas,outras_condicoes_da_gestacao,113,10650,1.061,362,24018.83,1
202412,RJ,Rio de Janeiro,transtornos_hipertensivos,eclampsia,54,10650,0.507,258,65433.47,0
202412,RJ,Rio de Janeiro,transtornos_hipertensivos,hipertensao_gestacional,162,10650,1.5211,601,91879.46,0
202412,RJ,Rio de Janeiro,transtornos_hipertensivos,outros_hipertensivos,352,10650,3.3052,1385,252949.63,0
202412,RJ,Rio de Janeiro,transtornos_hipertensivos,pre_eclampsia,297,10650,2.7887,1283,241053.62,0
202412,RN,Rio Grande do Norte,complicacoes_gestacao,liquido_membranas_ou_placenta,71,2882,2.4636,213,54997.02,0
202412,RN,Rio Grande do Norte,complicacoes_parto,trabalho_de_parto_ou_parto,507,2882,17.592,1349,297183.83,0
202412,RN,Rio Grande do Norte,complicacoes_puerperais,outras_complicacoes_puerperais,20,2882,0.694,89,5175.48,0
202412,RN,Rio Grande do Norte,complicacoes_vasculares,complicacoes_venosas,5,2882,0.1735,24,3277.90,0
202412,RN,Rio Grande do Norte,desfecho_abortivo,gestacao_com_desfecho_abortivo,270,2882,9.3685,360,70842.53,0
202412,RN,Rio Grande do Norte,disturbios_metabolicos,diabetes_na_gestacao,109,2882,3.7821,447,77836.00,0
202412,RN,Rio Grande do Norte,hemorragias,hemorragia_pos_parto,18,2882,0.6246,34,5082.35,0
202412,RN,Rio Grande do Norte,hemorragias,outras_hemorragias_obstetricas,12,2882,0.4164,29,3990.90,0
202412,RN,Rio Grande do Norte,infeccoes,infeccao_geniturinaria_gestacao,25,2882,0.8675,121,6288.27,0
202412,RN,Rio Grande do Norte,infeccoes,infeccao_puerperal,32,2882,1.1103,170,8135.89,0
202412,RN,Rio Grande do Norte,outras_condicoes_maternas,anemia_complicando_gestacao,3,2882,0.1041,9,3320.26,0
202412,RN,Rio Grande do Norte,outras_condicoes_maternas,doencas_classificadas_em_outros_capitulos,18,2882,0.6246,100,13316.74,0
202412,RN,Rio Grande do Norte,outras_condicoes_maternas,edema_proteinuria_sem_hipertensao,1,2882,0.0347,4,155.99,0
202412,RN,Rio Grande do Norte,outras_condicoes_maternas,outras_condicoes_da_gestacao,5,2882,0.1735,22,1346.65,0
202412,RN,Rio Grande do Norte,transtornos_hipertensivos,eclampsia,11,2882,0.3817,47,8182.19,0
202412,RN,Rio Grande do Norte,transtornos_hipertensivos,hipertensao_gestacional,168,2882,5.8293,649,148904.07,0
202412,RN,Rio Grande do Norte,transtornos_hipertensivos,outros_hipertensivos,35,2882,1.2144,196,33874.15,0
202412,RN,Rio Grande do Norte,transtornos_hipertensivos,pre_eclampsia,186,2882,6.4539,629,195811.20,0
202412,RO,Rondônia,complicacoes_anestesicas,anestesia_obstetrica,2,1745,0.1146,2,271.54,0
202412,RO,Rondônia,complicacoes_gestacao,liquido_membranas_ou_placenta,36,1745,2.063,83,35344.18,0
202412,RO,Rondônia,complicacoes_parto,trabalho_de_parto_ou_parto,159,1745,9.1117,342,95544.60,0
202412,RO,Rondônia,complicacoes_puerperais,outras_complicacoes_puerperais,7,1745,0.4011,22,1535.75,0
202412,RO,Rondônia,complicacoes_vasculares,complicacoes_venosas,3,1745,0.1719,7,421.87,0
202412,RO,Rondônia,desfecho_abortivo,gestacao_com_desfecho_abortivo,140,1745,8.0229,190,35653.51,0
202412,RO,Rondônia,disturbios_metabolicos,diabetes_na_gestacao,130,1745,7.4499,485,65275.63,0
202412,RO,Rondônia,hemorragias,outras_hemorragias_obstetricas,54,1745,3.0946,119,13922.25,0
202412,RO,Rondônia,infeccoes,infeccao_geniturinaria_gestacao,83,1745,4.7564,198,12810.00,0
202412,RO,Rondônia,infeccoes,infeccao_puerperal,10,1745,0.5731,25,1830.33,0
202412,RO,Rondônia,outras_condicoes_maternas,anemia_complicando_gestacao,4,1745,0.2292,14,828.49,0
202412,RO,Rondônia,outras_condicoes_maternas,doencas_classificadas_em_outros_capitulos,75,1745,4.298,213,18556.87,0
202412,RO,Rondônia,outras_condicoes_maternas,outras_condicoes_da_gestacao,17,1745,0.9742,37,2118.86,0
202412,RO,Rondônia,transtornos_hipertensivos,eclampsia,5,1745,0.2865,18,5804.96,0
202412,RO,Rondônia,transtornos_hipertensivos,hipertensao_gestacional,12,1745,0.6877,47,7280.03,0
202412,RO,Rondônia,transtornos_hipertensivos,outros_hipertensivos,29,1745,1.6619,91,11447.38,0
202412,RO,Rondônia,transtornos_hipertensivos,pre_eclampsia,17,1745,0.9742,66,13794.87,0
202412,RR,Roraima,complicacoes_gestacao,liquido_membranas_ou_placenta,6,531,1.1299,21,6747.64,0
202412,RR,Roraima,complicacoes_parto,trabalho_de_parto_ou_parto,71,531,13.371,226,67335.69,0
202412,RR,Roraima,complicacoes_puerperais,outras_complicacoes_puerperais,6,531,1.1299,30,5566.41,0
202412,RR,Roraima,complicacoes_vasculares,embolia_obstetrica,1,531,0.1883,2,514.60,0
202412,RR,Roraima,desfecho_abortivo,gestacao_com_desfecho_abortivo,27,531,5.0847,58,7311.44,0
202412,RR,Roraima,disturbios_metabolicos,diabetes_na_gestacao,45,531,8.4746,216,44397.68,0
202412,RR,Roraima,hemorragias,outras_hemorragias_obstetricas,10,531,1.8832,329,6340.30,0
202412,RR,Roraima,infeccoes,infeccao_geniturinaria_gestacao,5,531,0.9416,28,914.60,0
202412,RR,Roraima,infeccoes,infeccao_puerperal,5,531,0.9416,29,1194.55,0
202412,RR,Roraima,outras_condicoes_maternas,anemia_complicando_gestacao,1,531,0.1883,13,246.28,0
202412,RR,Roraima,outras_condicoes_maternas,doencas_classificadas_em_outros_capitulos,9,531,1.6949,37,1506.12,0
202412,RR,Roraima,outras_condicoes_maternas,outras_condicoes_da_gestacao,3,531,0.565,12,472.20,0
202412,RR,Roraima,transtornos_hipertensivos,eclampsia,5,531,0.9416,17,3233.97,0
202412,RR,Roraima,transtornos_hipertensivos,hipertensao_gestacional,4,531,0.7533,16,615.96,0
202412,RR,Roraima,transtornos_hipertensivos,outros_hipertensivos,14,531,2.6365,60,15819.16,0
202412,RR,Roraima,transtornos_hipertensivos,pre_eclampsia,14,531,2.6365,53,12797.11,0
202412,RS,Rio Grande do Sul,complicacoes_anestesicas,anestesia_obstetrica,4,6991,0.0572,10,2021.98,0
202412,RS,Rio Grande do Sul,complicacoes_gestacao,liquido_membranas_ou_placenta,309,6991,4.42,914,239773.19,0
202412,RS,Rio Grande do Sul,complicacoes_parto,trabalho_de_parto_ou_parto,843,6991,12.0584,2540,598458.10,0
202412,RS,Rio Grande do Sul,complicacoes_puerperais,outras_complicacoes_puerperais,18,6991,0.2575,59,6273.90,0
202412,RS,Rio Grande do Sul,complicacoes_vasculares,complicacoes_venosas,13,6991,0.186,41,2907.78,0
202412,RS,Rio Grande do Sul,complicacoes_vasculares,embolia_obstetrica,1,6991,0.0143,4,382.57,0
202412,RS,Rio Grande do Sul,desfecho_abortivo,gestacao_com_desfecho_abortivo,677,6991,9.6839,769,182869.13,0
202412,RS,Rio Grande do Sul,disturbios_metabolicos,diabetes_na_gestacao,186,6991,2.6606,801,86997.55,0
202412,RS,Rio Grande do Sul,hemorragias,hemorragia_pos_parto,9,6991,0.1287,21,4677.12,0
202412,RS,Rio Grande do Sul,hemorragias,outras_hemorragias_obstetricas,89,6991,1.2731,194,41096.48,0
202412,RS,Rio Grande do Sul,infeccoes,infeccao_geniturinaria_gestacao,101,6991,1.4447,442,21430.61,0
202412,RS,Rio Grande do Sul,infeccoes,infeccao_puerperal,33,6991,0.472,121,10865.22,0
202412,RS,Rio Grande do Sul,outras_condicoes_maternas,anemia_complicando_gestacao,3,6991,0.0429,18,594.28,0
202412,RS,Rio Grande do Sul,outras_condicoes_maternas,doencas_classificadas_em_outros_capitulos,335,6991,4.7919,1256,82089.32,0
202412,RS,Rio Grande do Sul,outras_condicoes_maternas,edema_proteinuria_sem_hipertensao,7,6991,0.1001,22,1139.48,0
202412,RS,Rio Grande do Sul,outras_condicoes_maternas,outras_condicoes_da_gestacao,53,6991,0.7581,199,12283.99,0
202412,RS,Rio Grande do Sul,transtornos_hipertensivos,eclampsia,33,6991,0.472,149,34219.38,1
202412,RS,Rio Grande do Sul,transtornos_hipertensivos,hipertensao_gestacional,53,6991,0.7581,125,24835.65,0
202412,RS,Rio Grande do Sul,transtornos_hipertensivos,outros_hipertensivos,90,6991,1.2874,341,64680.01,0
202412,RS,Rio Grande do Sul,transtornos_hipertensivos,pre_eclampsia,229,6991,3.2756,1468,126621.85,0
202412,SC,Santa Catarina,complicacoes_anestesicas,anestesia_obstetrica,1,6065,0.0165,0,44.22,0
202412,SC,Santa Catarina,complicacoes_gestacao,liquido_membranas_ou_placenta,147,6065,2.4237,454,112760.43,0
202412,SC,Santa Catarina,complicacoes_parto,trabalho_de_parto_ou_parto,771,6065,12.7123,2011,573091.37,0
202412,SC,Santa Catarina,complicacoes_puerperais,outras_complicacoes_puerperais,25,6065,0.4122,58,7937.32,0
202412,SC,Santa Catarina,complicacoes_vasculares,complicacoes_venosas,12,6065,0.1979,42,4017.88,0
202412,SC,Santa Catarina,desfecho_abortivo,gestacao_com_desfecho_abortivo,584,6065,9.629,649,198766.28,0
202412,SC,Santa Catarina,disturbios_metabolicos,diabetes_na_gestacao,224,6065,3.6933,685,122029.79,0
202412,SC,Santa Catarina,hemorragias,hemorragia_pos_parto,6,6065,0.0989,14,2437.21,0
202412,SC,Santa Catarina,hemorragias,outras_hemorragias_obstetricas,78,6065,1.2861,172,29372.05,0
202412,SC,Santa Catarina,infeccoes,infeccao_geniturinaria_gestacao,119,6065,1.9621,442,29408.13,0
202412,SC,Santa Catarina,infeccoes,infeccao_puerperal,40,6065,0.6595,145,10656.18,0
202412,SC,Santa Catarina,outras_condicoes_maternas,anemia_complicando_gestacao,5,6065,0.0824,8,1112.52,0
202412,SC,Santa Catarina,outras_condicoes_maternas,doencas_classificadas_em_outros_capitulos,187,6065,3.0833,617,64213.68,0
202412,SC,Santa Catarina,outras_condicoes_maternas,edema_proteinuria_sem_hipertensao,7,6065,0.1154,12,1766.99,0
202412,SC,Santa Catarina,outras_condicoes_maternas,outras_condicoes_da_gestacao,77,6065,1.2696,220,22496.35,0
202412,SC,Santa Catarina,transtornos_hipertensivos,eclampsia,14,6065,0.2308,46,11634.41,0
202412,SC,Santa Catarina,transtornos_hipertensivos,hipertensao_gestacional,63,6065,1.0387,164,28798.65,0
202412,SC,Santa Catarina,transtornos_hipertensivos,outros_hipertensivos,77,6065,1.2696,241,55583.54,0
202412,SC,Santa Catarina,transtornos_hipertensivos,pre_eclampsia,149,6065,2.4567,806,118054.23,0
202412,SE,Sergipe,complicacoes_anestesicas,anestesia_obstetrica,1,1496,0.0668,2,155.30,0
202412,SE,Sergipe,complicacoes_gestacao,liquido_membranas_ou_placenta,29,1496,1.9385,66,20245.03,0
202412,SE,Sergipe,complicacoes_parto,trabalho_de_parto_ou_parto,337,1496,22.5267,611,163539.32,0
202412,SE,Sergipe,complicacoes_puerperais,outras_complicacoes_puerperais,6,1496,0.4011,25,1024.47,0
202412,SE,Sergipe,complicacoes_vasculares,complicacoes_venosas,1,1496,0.0668,7,185.30,0
202412,SE,Sergipe,desfecho_abortivo,gestacao_com_desfecho_abortivo,135,1496,9.0241,195,37190.22,0
202412,SE,Sergipe,disturbios_metabolicos,diabetes_na_gestacao,4,1496,0.2674,14,3120.00,0
202412,SE,Sergipe,hemorragias,hemorragia_pos_parto,1,1496,0.0668,2,179.62,0
202412,SE,Sergipe,hemorragias,outras_hemorragias_obstetricas,8,1496,0.5348,51,17119.07,0
202412,SE,Sergipe,infeccoes,infeccao_geniturinaria_gestacao,15,1496,1.0027,94,2963.69,0
202412,SE,Sergipe,infeccoes,infeccao_puerperal,12,1496,0.8021,65,2537.73,0
202412,SE,Sergipe,outras_condicoes_maternas,doencas_classificadas_em_outros_capitulos,11,1496,0.7353,46,7837.40,1
202412,SE,Sergipe,outras_condicoes_maternas,outras_condicoes_da_gestacao,2,1496,0.1337,6,274.68,0
202412,SE,Sergipe,transtornos_hipertensivos,eclampsia,2,1496,0.1337,14,4187.06,0
202412,SE,Sergipe,transtornos_hipertensivos,hipertensao_gestacional,2,1496,0.1337,5,1378.22,0
202412,SE,Sergipe,transtornos_hipertensivos,outros_hipertensivos,1,1496,0.0668,3,1077.74,0
202412,SE,Sergipe,transtornos_hipertensivos,pre_eclampsia,3,1496,0.2005,8,3168.12,0
202412,SP,São Paulo,complicacoes_anestesicas,anestesia_obstetrica,14,28406,0.0493,34,4032.31,0
202412,SP,São Paulo,complicacoes_gestacao,liquido_membranas_ou_placenta,931,28406,3.2775,2824,665455.96,0
202412,SP,São Paulo,complicacoes_parto,trabalho_de_parto_ou_parto,3226,28406,11.3568,8995,2141186.50,1
202412,SP,São Paulo,complicacoes_puerperais,outras_complicacoes_puerperais,119,28406,0.4189,357,42118.94,1
202412,SP,São Paulo,complicacoes_vasculares,complicacoes_venosas,26,28406,0.0915,82,16456.65,0
202412,SP,São Paulo,desfecho_abortivo,gestacao_com_desfecho_abortivo,2442,28406,8.5968,3847,701413.16,0
202412,SP,São Paulo,disturbios_metabolicos,diabetes_na_gestacao,1145,28406,4.0308,4042,605019.24,0
202412,SP,São Paulo,hemorragias,hemorragia_pos_parto,46,28406,0.1619,123,39990.92,0
202412,SP,São Paulo,hemorragias,outras_hemorragias_obstetricas,864,28406,3.0416,1610,255977.99,1
202412,SP,São Paulo,infeccoes,infeccao_geniturinaria_gestacao,413,28406,1.4539,1605,108061.63,0
202412,SP,São Paulo,infeccoes,infeccao_puerperal,149,28406,0.5245,742,69259.28,1
202412,SP,São Paulo,outras_condicoes_maternas,anemia_complicando_gestacao,23,28406,0.081,68,8112.46,0
202412,SP,São Paulo,outras_condicoes_maternas,doencas_classificadas_em_outros_capitulos,664,28406,2.3375,2375,260914.11,0
202412,SP,São Paulo,outras_condicoes_maternas,edema_proteinuria_sem_hipertensao,2,28406,0.007,8,1379.24,0
202412,SP,São Paulo,outras_condicoes_maternas,outras_condicoes_da_gestacao,435,28406,1.5314,1559,228378.58,0
202412,SP,São Paulo,transtornos_hipertensivos,eclampsia,113,28406,0.3978,575,72420.56,1
202412,SP,São Paulo,transtornos_hipertensivos,hipertensao_gestacional,390,28406,1.3729,1203,243002.12,0
202412,SP,São Paulo,transtornos_hipertensivos,outros_hipertensivos,295,28406,1.0385,1046,204307.25,0
202412,SP,São Paulo,transtornos_hipertensivos,pre_eclampsia,590,28406,2.077,2405,516984.59,2
202412,TO,Tocantins,complicacoes_anestesicas,anestesia_obstetrica,1,1741,0.0574,1,160.65,0
202412,TO,Tocantins,complicacoes_gestacao,liquido_membranas_ou_placenta,41,1741,2.355,134,34960.88,0
202412,TO,Tocantins,complicacoes_parto,trabalho_de_parto_ou_parto,255,1741,14.6468,761,227045.61,1
202412,TO,Tocantins,complicacoes_puerperais,outras_complicacoes_puerperais,18,1741,1.0339,65,3593.92,0
202412,TO,Tocantins,complicacoes_vasculares,complicacoes_venosas,2,1741,0.1149,5,860.17,0
202412,TO,Tocantins,desfecho_abortivo,gestacao_com_desfecho_abortivo,115,1741,6.6054,241,27830.90,0
202412,TO,Tocantins,disturbios_metabolicos,diabetes_na_gestacao,49,1741,2.8145,154,31450.78,0
202412,TO,Tocantins,hemorragias,hemorragia_pos_parto,2,1741,0.1149,2,359.24,0
202412,TO,Tocantins,hemorragias,outras_hemorragias_obstetricas,35,1741,2.0103,115,9710.36,0
202412,TO,Tocantins,infeccoes,infeccao_geniturinaria_gestacao,29,1741,1.6657,118,10277.26,0
202412,TO,Tocantins,infeccoes,infeccao_puerperal,15,1741,0.8616,97,7554.08,0
202412,TO,Tocantins,outras_condicoes_maternas,doencas_classificadas_em_outros_capitulos,111,1741,6.3756,474,38619.99,0
202412,TO,Tocantins,outras_condicoes_maternas,outras_condicoes_da_gestacao,19,1741,1.0913,51,6233.45,0
202412,TO,Tocantins,transtornos_hipertensivos,eclampsia,9,1741,0.5169,35,4012.85,0
202412,TO,Tocantins,transtornos_hipertensivos,hipertensao_gestacional,24,1741,1.3785,94,13595.76,0
202412,TO,Tocantins,transtornos_hipertensivos,outros_hipertensivos,12,1741,0.6893,50,9036.01,0
202412,TO,Tocantins,transtornos_hipertensivos,pre_eclampsia,62,1741,3.5612,196,52718.83,0
