competencia,codigo_territorio,territorio,grupo_morbidade,subgrupo,registros_aih,denominador_aih_obstetricas,proporcao_aih_obstetricas_pct,dias_permanencia,valor_total,obitos_hospitalares
202401,1,Norte,complicacoes_anestesicas,anestesia_obstetrica,17,21733,0.0782,36,2710.63,0
202401,1,Norte,complicacoes_gestacao,liquido_membranas_ou_placenta,591,21733,2.7194,1771,480274.61,0
202401,1,Norte,complicacoes_parto,trabalho_de_parto_ou_parto,3438,21733,15.8193,8961,2468959.20,1
202401,1,Norte,complicacoes_puerperais,outras_complicacoes_puerperais,118,21733,0.543,498,29168.23,0
202401,1,Norte,complicacoes_vasculares,complicacoes_venosas,15,21733,0.069,68,9869.30,0
202401,1,Norte,complicacoes_vasculares,embolia_obstetrica,1,21733,0.0046,5,513.08,0
202401,1,Norte,desfecho_abortivo,gestacao_com_desfecho_abortivo,1573,21733,7.2378,2759,375028.45,0
202401,1,Norte,disturbios_metabolicos,diabetes_na_gestacao,251,21733,1.1549,1007,163397.80,0
202401,1,Norte,hemorragias,hemorragia_pos_parto,14,21733,0.0644,50,4096.57,0
202401,1,Norte,hemorragias,outras_hemorragias_obstetricas,432,21733,1.9878,1040,120011.97,0
202401,1,Norte,infeccoes,infeccao_geniturinaria_gestacao,632,21733,2.908,2047,101049.08,0
202401,1,Norte,infeccoes,infeccao_puerperal,170,21733,0.7822,835,48546.09,1
202401,1,Norte,outras_condicoes_maternas,anemia_complicando_gestacao,12,21733,0.0552,72,2065.38,0
202401,1,Norte,outras_condicoes_maternas,doencas_classificadas_em_outros_capitulos,460,21733,2.1166,1918,120007.34,1
202401,1,Norte,outras_condicoes_maternas,edema_proteinuria_sem_hipertensao,5,21733,0.023,12,1044.19,0
202401,1,Norte,outras_condicoes_maternas,outras_condicoes_da_gestacao,94,21733,0.4325,327,21396.05,0
202401,1,Norte,transtornos_hipertensivos,eclampsia,61,21733,0.2807,211,55365.20,0
202401,1,Norte,transtornos_hipertensivos,hipertensao_gestacional,199,21733,0.9157,777,118081.56,1
202401,1,Norte,transtornos_hipertensivos,outros_hipertensivos,125,21733,0.5752,531,85862.99,0
202401,1,Norte,transtornos_hipertensivos,pre_eclampsia,536,21733,2.4663,1900,457342.03,0
202401,2,Nordeste,complicacoes_anestesicas,anestesia_obstetrica,64,54890,0.1166,165,18010.01,0
202401,2,Nordeste,complicacoes_gestacao,liquido_membranas_ou_placenta,2454,54890,4.4708,6917,1824023.77,2
202401,2,Nordeste,complicacoes_parto,trabalho_de_parto_ou_parto,6409,54890,11.6761,17123,4316414.09,1
202401,2,Nordeste,complicacoes_puerperais,outras_complicacoes_puerperais,337,54890,0.614,1396,129638.85,0
202401,2,Nordeste,complicacoes_vasculares,complicacoes_venosas,84,54890,0.153,451,45412.81,1
202401,2,Nordeste,complicacoes_vasculares,embolia_obstetrica,4,54890,0.0073,9,1621.44,0
202401,2,Nordeste,desfecho_abortivo,gestacao_com_desfecho_abortivo,4891,54890,8.9105,8998,1226596.52,4
202401,2,Nordeste,disturbios_metabolicos,diabetes_na_gestacao,1433,54890,2.6107,6128,970414.63,0
202401,2,Nordeste,hemorragias,hemorragia_pos_parto,73,54890,0.133,164,25151.26,0
202401,2,Nordeste,hemorragias,outras_hemorragias_obstetricas,761,54890,1.3864,1961,277931.99,1
202401,2,Nordeste,infeccoes,infeccao_geniturinaria_gestacao,739,54890,1.3463,3293,170976.65,0
202401,2,Nordeste,infeccoes,infeccao_puerperal,453,54890,0.8253,2599,152546.63,0
202401,2,Nordeste,outras_condicoes_maternas,anemia_complicando_gestacao,28,54890,0.051,112,12463.59,0
202401,2,Nordeste,outras_condicoes_maternas,doencas_classificadas_em_outros_capitulos,1481,54890,2.6981,6786,533617.69,0
202401,2,Nordeste,outras_condicoes_maternas,edema_proteinuria_sem_hipertensao,8,54890,0.0146,27,2462.43,0
202401,2,Nordeste,outras_condicoes_maternas,outras_condicoes_da_gestacao,303,54890,0.552,1121,84293.65,0
202401,2,Nordeste,transtornos_hipertensivos,eclampsia,122,54890,0.2223,449,110268.46,1
202401,2,Nordeste,transtornos_hipertensivos,hipertensao_gestacional,918,54890,1.6724,3334,649743.65,2
202401,2,Nordeste,transtornos_hipertensivos,outros_hipertensivos,928,54890,1.6907,3289,714385.83,0
202401,2,Nordeste,transtornos_hipertensivos,pre_eclampsia,2000,54890,3.6437,8976,1800328.85,0
202401,3,Sudeste,complicacoes_anestesicas,anestesia_obstetrica,62,63543,0.0976,115,10667.77,0
202401,3,Sudeste,complicacoes_gestacao,liquido_membranas_ou_placenta,2401,63543,3.7785,7179,1819448.38,1
202401,3,Sudeste,complicacoes_parto,trabalho_de_parto_ou_parto,6697,63543,10.5393,18579,4513876.91,3
202401,3,Sudeste,complicacoes_puerperais,outras_complicacoes_puerperais,244,63543,0.384,943,112016.09,1
202401,3,Sudeste,complicacoes_vasculares,complicacoes_venosas,76,63543,0.1196,355,18383.51,0
202401,3,Sudeste,complicacoes_vasculares,embolia_obstetrica,4,63543,0.0063,21,1628.00,0
202401,3,Sudeste,desfecho_abortivo,gestacao_com_desfecho_abortivo,4891,63543,7.6971,7924,1425720.13,0
202401,3,Sudeste,disturbios_metabolicos,diabetes_na_gestacao,2105,63543,3.3127,7517,1166958.60,0
202401,3,Sudeste,hemorragias,hemorragia_pos_parto,81,63543,0.1275,250,70184.75,2
202401,3,Sudeste,hemorragias,outras_hemorragias_obstetricas,1393,63543,2.1922,2692,414820.40,0
202401,3,Sudeste,infeccoes,infeccao_geniturinaria_gestacao,996,63543,1.5674,4220,222619.66,0
202401,3,Sudeste,infeccoes,infeccao_puerperal,427,63543,0.672,2314,238833.90,1
202401,3,Sudeste,outras_condicoes_maternas,anemia_complicando_gestacao,46,63543,0.0724,206,32243.90,0
202401,3,Sudeste,outras_condicoes_maternas,doencas_classificadas_em_outros_capitulos,1509,63543,2.3748,5519,544557.47,1
202401,3,Sudeste,outras_condicoes_maternas,edema_proteinuria_sem_hipertensao,16,63543,0.0252,53,8610.63,0
202401,3,Sudeste,outras_condicoes_maternas,outras_condicoes_da_gestacao,525,63543,0.8262,1736,142884.19,0
202401,3,Sudeste,transtornos_hipertensivos,eclampsia,213,63543,0.3352,846,156932.32,1
202401,3,Sudeste,transtornos_hipertensivos,hipertensao_gestacional,834,63543,1.3125,2703,487038.31,0
202401,3,Sudeste,transtornos_hipertensivos,outros_hipertensivos,1000,63543,1.5737,3236,804609.04,1
202401,3,Sudeste,transtornos_hipertensivos,pre_eclampsia,1378,63543,2.1686,5907,1215683.23,1
202401,4,Sul,complicacoes_anestesicas,anestesia_obstetrica,10,24150,0.0414,14,1911.20,0
202401,4,Sul,complicacoes_gestacao,liquido_membranas_ou_placenta,750,24150,3.1056,2137,580148.38,1
202401,4,Sul,complicacoes_parto,trabalho_de_parto_ou_parto,2802,24150,11.6025,7493,1989815.90,0
202401,4,Sul,complicacoes_puerperais,outras_complicacoes_puerperais,105,24150,0.4348,288,70109.63,0
202401,4,Sul,complicacoes_vasculares,complicacoes_venosas,29,24150,0.1201,141,12569.90,0
202401,4,Sul,desfecho_abortivo,gestacao_com_desfecho_abortivo,1826,24150,7.5611,2261,554646.05,0
202401,4,Sul,disturbios_metabolicos,diabetes_na_gestacao,669,24150,2.7702,2152,360388.18,1
202401,4,Sul,hemorragias,hemorragia_pos_parto,40,24150,0.1656,88,23271.00,1
202401,4,Sul,hemorragias,outras_hemorragias_obstetricas,538,24150,2.2277,996,159886.71,0
202401,4,Sul,infeccoes,infeccao_geniturinaria_gestacao,353,24150,1.4617,1115,77159.41,0
202401,4,Sul,infeccoes,infeccao_puerperal,112,24150,0.4638,441,35474.47,0
202401,4,Sul,outras_condicoes_maternas,anemia_complicando_gestacao,12,24150,0.0497,27,6996.68,0
202401,4,Sul,outras_condicoes_maternas,doencas_classificadas_em_outros_capitulos,1204,24150,4.9855,3944,457540.40,0
202401,4,Sul,outras_condicoes_maternas,edema_proteinuria_sem_hipertensao,11,24150,0.0455,28,3961.68,0
202401,4,Sul,outras_condicoes_maternas,outras_condicoes_da_gestacao,181,24150,0.7495,503,59678.16,0
202401,4,Sul,transtornos_hipertensivos,eclampsia,70,24150,0.2899,278,43344.00,0
202401,4,Sul,transtornos_hipertensivos,hipertensao_gestacional,170,24150,0.7039,456,94015.80,0
202401,4,Sul,transtornos_hipertensivos,outros_hipertensivos,314,24150,1.3002,1055,249419.36,0
202401,4,Sul,transtornos_hipertensivos,pre_eclampsia,491,24150,2.0331,2187,316236.51,1
202401,5,Centro-Oeste,complicacoes_anestesicas,anestesia_obstetrica,37,15545,0.238,113,14885.79,0
202401,5,Centro-Oeste,complicacoes_gestacao,liquido_membranas_ou_placenta,496,15545,3.1907,1654,355957.17,0
202401,5,Centro-Oeste,complicacoes_parto,trabalho_de_parto_ou_parto,2201,15545,14.1589,5860,1223459.54,1
202401,5,Centro-Oeste,complicacoes_puerperais,outras_complicacoes_puerperais,145,15545,0.9328,607,53031.99,0
202401,5,Centro-Oeste,complicacoes_vasculares,complicacoes_venosas,14,15545,0.0901,54,3100.14,0
202401,5,Centro-Oeste,complicacoes_vasculares,embolia_obstetrica,1,15545,0.0064,7,231.44,0
202401,5,Centro-Oeste,desfecho_abortivo,gestacao_com_desfecho_abortivo,1154,15545,7.4236,1830,320322.96,0
202401,5,Centro-Oeste,disturbios_metabolicos,diabetes_na_gestacao,346,15545,2.2258,1198,178962.59,0
202401,5,Centro-Oeste,hemorragias,hemorragia_pos_parto,16,15545,0.1029,31,6095.32,0
202401,5,Centro-Oeste,hemorragias,outras_hemorragias_obstetricas,343,15545,2.2065,781,90132.70,0
202401,5,Centro-Oeste,infeccoes,infeccao_geniturinaria_gestacao,293,15545,1.8849,1028,54788.79,0
202401,5,Centro-Oeste,infeccoes,infeccao_puerperal,104,15545,0.669,430,33870.29,0
202401,5,Centro-Oeste,outras_condicoes_maternas,anemia_complicando_gestacao,7,15545,0.045,32,2462.18,0
202401,5,Centro-Oeste,outras_condicoes_maternas,doencas_classificadas_em_outros_capitulos,705,15545,4.5352,2831,307888.62,2
202401,5,Centro-Oeste,outras_condicoes_maternas,edema_proteinuria_sem_hipertensao,5,15545,0.0322,20,1050.49,0
202401,5,Centro-Oeste,outras_condicoes_maternas,outras_condicoes_da_gestacao,113,15545,0.7269,368,29813.06,0
202401,5,Centro-Oeste,transtornos_hipertensivos,eclampsia,49,15545,0.3152,208,52621.18,1
202401,5,Centro-Oeste,transtornos_hipertensivos,hipertensao_gestacional,237,15545,1.5246,791,134956.90,0
202401,5,Centro-Oeste,transtornos_hipertensivos,outros_hipertensivos,238,15545,1.531,930,173945.23,1
202401,5,Centro-Oeste,transtornos_hipertensivos,pre_eclampsia,351,15545,2.258,1242,270691.32,1
202402,1,Norte,complicacoes_anestesicas,anestesia_obstetrica,20,21531,0.0929,55,5165.36,0
202402,1,Norte,complicacoes_gestacao,liquido_membranas_ou_placenta,614,21531,2.8517,1748,504819.49,0
202402,1,Norte,complicacoes_parto,trabalho_de_parto_ou_parto,3821,21531,17.7465,11368,2792987.79,3
202402,1,Norte,complicacoes_puerperais,outras_complicacoes_puerperais,107,21531,0.497,501,34814.00,0
202402,1,Norte,complicacoes_vasculares,complicacoes_venosas,24,21531,0.1115,55,17541.96,0
202402,1,Norte,desfecho_abortivo,gestacao_com_desfecho_abortivo,1808,21531,8.3972,3361,456942.62,1
202402,1,Norte,disturbios_metabolicos,diabetes_na_gestacao,305,21531,1.4166,1396,191912.50,0
202402,1,Norte,hemorragias,hemorragia_pos_parto,14,21531,0.065,39,5249.08,0
202402,1,Norte,hemorragias,outras_hemorragias_obstetricas,484,21531,2.2479,1215,146247.88,0
202402,1,Norte,infeccoes,infeccao_geniturinaria_gestacao,682,21531,3.1675,2190,99914.07,0
202402,1,Norte,infeccoes,infeccao_puerperal,219,21531,1.0171,1243,88571.37,0
202402,1,Norte,outras_condicoes_maternas,anemia_complicando_gestacao,16,21531,0.0743,56,2559.49,0
202402,1,Norte,outras_condicoes_maternas,doencas_classificadas_em_outros_capitulos,528,21531,2.4523,2222,136361.17,0
202402,1,Norte,outras_condicoes_maternas,edema_proteinuria_sem_hipertensao,3,21531,0.0139,7,358.47,0
202402,1,Norte,outras_condicoes_maternas,outras_condicoes_da_gestacao,104,21531,0.483,361,25290.72,0
202402,1,Norte,transtornos_hipertensivos,eclampsia,62,21531,0.288,265,64863.32,0
202402,1,Norte,transtornos_hipertensivos,hipertensao_gestacional,188,21531,0.8732,669,107435.00,0
202402,1,Norte,transtornos_hipertensivos,outros_hipertensivos,145,21531,0.6734,572,94841.23,1
202402,1,Norte,transtornos_hipertensivos,pre_eclampsia,509,21531,2.364,2080,471818.93,0
202402,2,Nordeste,complicacoes_anestesicas,anestesia_obstetrica,44,52410,0.084,121,28300.43,1
202402,2,Nordeste,complicacoes_gestacao,liquido_membranas_ou_placenta,2216,52410,4.2282,6189,1628783.35,0
202402,2,Nordeste,complicacoes_parto,trabalho_de_parto_ou_parto,6068,52410,11.5779,16195,3999776.28,0
202402,2,Nordeste,complicacoes_puerperais,outras_complicacoes_puerperais,322,52410,0.6144,1362,161049.27,0
202402,2,Nordeste,complicacoes_vasculares,complicacoes_venosas,85,52410,0.1622,510,36655.80,0
202402,2,Nordeste,complicacoes_vasculares,embolia_obstetrica,6,52410,0.0114,22,8008.11,1
202402,2,Nordeste,desfecho_abortivo,gestacao_com_desfecho_abortivo,4575,52410,8.7293,7910,1106318.51,3
202402,2,Nordeste,disturbios_metabolicos,diabetes_na_gestacao,1407,52410,2.6846,6234,961508.00,1
202402,2,Nordeste,hemorragias,hemorragia_pos_parto,67,52410,0.1278,181,39574.82,0
202402,2,Nordeste,hemorragias,outras_hemorragias_obstetricas,710,52410,1.3547,1908,243724.16,0
202402,2,Nordeste,infeccoes,infeccao_geniturinaria_gestacao,703,52410,1.3413,3342,151689.81,0
202402,2,Nordeste,infeccoes,infeccao_puerperal,414,52410,0.7899,2258,149944.03,1
202402,2,Nordeste,outras_condicoes_maternas,anemia_complicando_gestacao,44,52410,0.084,250,34181.45,0
202402,2,Nordeste,outras_condicoes_maternas,doencas_classificadas_em_outros_capitulos,1391,52410,2.6541,6113,592235.26,3
202402,2,Nordeste,outras_condicoes_maternas,edema_proteinuria_sem_hipertensao,8,52410,0.0153,12,4625.75,0
202402,2,Nordeste,outras_condicoes_maternas,outras_condicoes_da_gestacao,308,52410,0.5877,1005,84959.52,0
202402,2,Nordeste,transtornos_hipertensivos,eclampsia,149,52410,0.2843,679,173683.41,0
202402,2,Nordeste,transtornos_hipertensivos,hipertensao_gestacional,936,52410,1.7859,3406,672386.62,0
202402,2,Nordeste,transtornos_hipertensivos,outros_hipertensivos,866,52410,1.6524,2990,668561.20,1
202402,2,Nordeste,transtornos_hipertensivos,pre_eclampsia,1943,52410,3.7073,8675,1698369.89,0
202402,3,Sudeste,complicacoes_anestesicas,anestesia_obstetrica,57,61144,0.0932,155,14006.65,0
202402,3,Sudeste,complicacoes_gestacao,liquido_membranas_ou_placenta,2121,61144,3.4689,6767,1581419.80,1
202402,3,Sudeste,complicacoes_parto,trabalho_de_parto_ou_parto,6404,61144,10.4736,18001,4315318.61,5
202402,3,Sudeste,complicacoes_puerperais,outras_complicacoes_puerperais,247,61144,0.404,1180,100324.59,0
202402,3,Sudeste,complicacoes_vasculares,complicacoes_venosas,77,61144,0.1259,366,24281.21,0
202402,3,Sudeste,complicacoes_vasculares,embolia_obstetrica,4,61144,0.0065,46,1434.84,0
202402,3,Sudeste,desfecho_abortivo,gestacao_com_desfecho_abortivo,4373,61144,7.152,7661,1283843.13,2
202402,3,Sudeste,disturbios_metabolicos,diabetes_na_gestacao,1971,61144,3.2235,7334,1088871.45,0
202402,3,Sudeste,hemorragias,hemorragia_pos_parto,85,61144,0.139,220,48343.92,1
202402,3,Sudeste,hemorragias,outras_hemorragias_obstetricas,1310,61144,2.1425,2544,436448.15,1
202402,3,Sudeste,infeccoes,infeccao_geniturinaria_gestacao,966,61144,1.5799,4049,220949.14,0
202402,3,Sudeste,infeccoes,infeccao_puerperal,448,61144,0.7327,2240,224754.72,0
202402,3,Sudeste,outras_condicoes_maternas,anemia_complicando_gestacao,48,61144,0.0785,225,20262.47,0
202402,3,Sudeste,outras_condicoes_maternas,doencas_classificadas_em_outros_capitulos,1563,61144,2.5563,5266,584850.20,1
202402,3,Sudeste,outras_condicoes_maternas,edema_proteinuria_sem_hipertensao,14,61144,0.0229,62,4226.67,0
202402,3,Sudeste,outras_condicoes_maternas,outras_condicoes_da_gestacao,493,61144,0.8063,1802,119385.73,2
202402,3,Sudeste,transtornos_hipertensivos,eclampsia,206,61144,0.3369,961,163707.75,0
202402,3,Sudeste,transtornos_hipertensivos,hipertensao_gestacional,839,61144,1.3722,2770,526113.27,1
202402,3,Sudeste,transtornos_hipertensivos,outros_hipertensivos,1000,61144,1.6355,3593,843777.88,0
202402,3,Sudeste,transtornos_hipertensivos,pre_eclampsia,1367,61144,2.2357,5527,1239943.13,1
202402,4,Sul,complicacoes_anestesicas,anestesia_obstetrica,12,24236,0.0495,22,2944.46,0
202402,4,Sul,complicacoes_gestacao,liquido_membranas_ou_placenta,709,24236,2.9254,1943,545053.36,0
202402,4,Sul,complicacoes_parto,trabalho_de_parto_ou_parto,2964,24236,12.2297,7871,2059914.90,1
202402,4,Sul,complicacoes_puerperais,outras_complicacoes_puerperais,145,24236,0.5983,425,42658.81,0
202402,4,Sul,complicacoes_vasculares,complicacoes_venosas,28,24236,0.1155,163,9865.21,0
202402,4,Sul,desfecho_abortivo,gestacao_com_desfecho_abortivo,1839,24236,7.5879,2248,523145.61,1
202402,4,Sul,disturbios_metabolicos,diabetes_na_gestacao,628,24236,2.5912,2234,368817.98,0
202402,4,Sul,hemorragias,hemorragia_pos_parto,36,24236,0.1485,91,15064.12,0
202402,4,Sul,hemorragias,outras_hemorragias_obstetricas,534,24236,2.2033,1000,151089.25,0
202402,4,Sul,infeccoes,infeccao_geniturinaria_gestacao,373,24236,1.539,1298,88902.66,1
202402,4,Sul,infeccoes,infeccao_puerperal,124,24236,0.5116,497,56725.56,0
202402,4,Sul,outras_condicoes_maternas,anemia_complicando_gestacao,15,24236,0.0619,33,3151.41,0
202402,4,Sul,outras_condicoes_maternas,doencas_classificadas_em_outros_capitulos,1237,24236,5.104,3938,421797.17,1
202402,4,Sul,outras_condicoes_maternas,edema_proteinuria_sem_hipertensao,17,24236,0.0701,54,2960.65,0
202402,4,Sul,outras_condicoes_maternas,outras_condicoes_da_gestacao,167,24236,0.6891,506,40908.81,0
202402,4,Sul,transtornos_hipertensivos,eclampsia,86,24236,0.3548,369,54973.91,0
202402,4,Sul,transtornos_hipertensivos,hipertensao_gestacional,182,24236,0.7509,618,92491.22,0
202402,4,Sul,transtornos_hipertensivos,outros_hipertensivos,282,24236,1.1636,933,208571.39,0
202402,4,Sul,transtornos_hipertensivos,pre_eclampsia,478,24236,1.9723,2273,340365.22,0
202402,5,Centro-Oeste,complicacoes_anestesicas,anestesia_obstetrica,28,15071,0.1858,71,5929.57,0
202402,5,Centro-Oeste,complicacoes_gestacao,liquido_membranas_ou_placenta,466,15071,3.092,1267,326110.07,4
202402,5,Centro-Oeste,complicacoes_parto,trabalho_de_parto_ou_parto,2073,15071,13.7549,5375,1132479.68,2
202402,5,Centro-Oeste,complicacoes_puerperais,outras_complicacoes_puerperais,115,15071,0.7631,469,62769.82,0
202402,5,Centro-Oeste,complicacoes_vasculares,complicacoes_venosas,30,15071,0.1991,104,6427.26,0
202402,5,Centro-Oeste,complicacoes_vasculares,embolia_obstetrica,1,15071,0.0066,5,3449.00,0
202402,5,Centro-Oeste,desfecho_abortivo,gestacao_com_desfecho_abortivo,1111,15071,7.3718,1821,313372.28,0
202402,5,Centro-Oeste,disturbios_metabolicos,diabetes_na_gestacao,358,15071,2.3754,1225,203475.76,2
202402,5,Centro-Oeste,hemorragias,hemorragia_pos_parto,14,15071,0.0929,43,16310.29,0
202402,5,Centro-Oeste,hemorragias,outras_hemorragias_obstetricas,305,15071,2.0238,717,82564.14,0
202402,5,Centro-Oeste,infeccoes,infeccao_geniturinaria_gestacao,280,15071,1.8579,1024,51382.42,0
202402,5,Centro-Oeste,infeccoes,infeccao_puerperal,119,15071,0.7896,619,38262.69,1
202402,5,Centro-Oeste,outras_condicoes_maternas,anemia_complicando_gestacao,5,15071,0.0332,7,780.99,0
202402,5,Centro-Oeste,outras_condicoes_maternas,doencas_classificadas_em_outros_capitulos,654,15071,4.3395,2455,279363.08,0
202402,5,Centro-Oeste,outras_condicoes_maternas,edema_proteinuria_sem_hipertensao,1,15071,0.0066,8,228.11,0
202402,5,Centro-Oeste,outras_condicoes_maternas,outras_condicoes_da_gestacao,121,15071,0.8029,310,23591.11,0
202402,5,Centro-Oeste,transtornos_hipertensivos,eclampsia,36,15071,0.2389,161,36876.89,2
202402,5,Centro-Oeste,transtornos_hipertensivos,hipertensao_gestacional,202,15071,1.3403,661,122380.21,1
202402,5,Centro-Oeste,transtornos_hipertensivos,outros_hipertensivos,198,15071,1.3138,739,151495.68,1
202402,5,Centro-Oeste,transtornos_hipertensivos,pre_eclampsia,335,15071,2.2228,1141,254222.79,3
202403,1,Norte,complicacoes_anestesicas,anestesia_obstetrica,26,22619,0.1149,59,4033.56,0
202403,1,Norte,complicacoes_gestacao,liquido_membranas_ou_placenta,700,22619,3.0947,2120,570783.24,0
202403,1,Norte,complicacoes_parto,trabalho_de_parto_ou_parto,3758,22619,16.6144,11068,2734523.69,1
202403,1,Norte,complicacoes_puerperais,outras_complicacoes_puerperais,107,22619,0.4731,472,47517.59,1
202403,1,Norte,complicacoes_vasculares,complicacoes_venosas,28,22619,0.1238,107,21598.78,0
202403,1,Norte,complicacoes_vasculares,embolia_obstetrica,1,22619,0.0044,1,220.02,0
202403,1,Norte,desfecho_abortivo,gestacao_com_desfecho_abortivo,1839,22619,8.1303,3348,471396.08,0
202403,1,Norte,disturbios_metabolicos,diabetes_na_gestacao,378,22619,1.6712,1544,219967.57,0
202403,1,Norte,hemorragias,hemorragia_pos_parto,10,22619,0.0442,20,2715.52,0
202403,1,Norte,hemorragias,outras_hemorragias_obstetricas,472,22619,2.0867,1141,136173.43,0
202403,1,Norte,infeccoes,infeccao_geniturinaria_gestacao,652,22619,2.8825,2300,101221.50,0
202403,1,Norte,infeccoes,infeccao_puerperal,190,22619,0.84,1016,55043.93,1
202403,1,Norte,outras_condicoes_maternas,anemia_complicando_gestacao,15,22619,0.0663,46,3236.47,0
202403,1,Norte,outras_condicoes_maternas,doencas_classificadas_em_outros_capitulos,514,22619,2.2724,2269,166159.80,1
202403,1,Norte,outras_condicoes_maternas,edema_proteinuria_sem_hipertensao,3,22619,0.0133,6,358.47,0
202403,1,Norte,outras_condicoes_maternas,outras_condicoes_da_gestacao,103,22619,0.4554,344,21216.07,0
202403,1,Norte,transtornos_hipertensivos,eclampsia,49,22619,0.2166,169,34325.66,1
202403,1,Norte,transtornos_hipertensivos,hipertensao_gestacional,176,22619,0.7781,632,98465.94,0
202403,1,Norte,transtornos_hipertensivos,outros_hipertensivos,162,22619,0.7162,574,104148.30,0
202403,1,Norte,transtornos_hipertensivos,pre_eclampsia,578,22619,2.5554,2273,507108.98,2
202403,2,Nordeste,complicacoes_anestesicas,anestesia_obstetrica,42,57315,0.0733,115,9010.59,0
202403,2,Nordeste,complicacoes_gestacao,liquido_membranas_ou_placenta,2588,57315,4.5154,7212,1898336.91,2
202403,2,Nordeste,complicacoes_parto,trabalho_de_parto_ou_parto,6656,57315,11.613,17650,4450170.20,3
202403,2,Nordeste,complicacoes_puerperais,outras_complicacoes_puerperais,377,57315,0.6578,1657,141856.20,2
202403,2,Nordeste,complicacoes_vasculares,complicacoes_venosas,59,57315,0.1029,472,25573.85,0
202403,2,Nordeste,complicacoes_vasculares,embolia_obstetrica,3,57315,0.0052,2,1884.00,0
202403,2,Nordeste,desfecho_abortivo,gestacao_com_desfecho_abortivo,4646,57315,8.1061,8467,1122804.28,0
202403,2,Nordeste,disturbios_metabolicos,diabetes_na_gestacao,1597,57315,2.7864,7019,1081037.18,0
202403,2,Nordeste,hemorragias,hemorragia_pos_parto,76,57315,0.1326,287,93303.98,2
202403,2,Nordeste,hemorragias,outras_hemorragias_obstetricas,813,57315,1.4185,2368,351216.21,2
202403,2,Nordeste,infeccoes,infeccao_geniturinaria_gestacao,722,57315,1.2597,3403,159543.51,0
202403,2,Nordeste,infeccoes,infeccao_puerperal,470,57315,0.82,2894,169808.10,0
202403,2,Nordeste,outras_condicoes_maternas,anemia_complicando_gestacao,43,57315,0.075,198,24768.21,0
202403,2,Nordeste,outras_condicoes_maternas,doencas_classificadas_em_outros_capitulos,1530,57315,2.6695,6649,668164.38,0
202403,2,Nordeste,outras_condicoes_maternas,edema_proteinuria_sem_hipertensao,9,57315,0.0157,22,4522.43,0
202403,2,Nordeste,outras_condicoes_maternas,outras_condicoes_da_gestacao,282,57315,0.492,1081,102691.60,0
202403,2,Nordeste,transtornos_hipertensivos,eclampsia,157,57315,0.2739,737,181519.23,1
202403,2,Nordeste,transtornos_hipertensivos,hipertensao_gestacional,1070,57315,1.8669,4187,767210.24,0
202403,2,Nordeste,transtornos_hipertensivos,outros_hipertensivos,1019,57315,1.7779,3555,833848.61,0
202403,2,Nordeste,transtornos_hipertensivos,pre_eclampsia,2291,57315,3.9972,9950,2009612.91,1
202403,3,Sudeste,complicacoes_anestesicas,anestesia_obstetrica,57,66130,0.0862,151,18649.98,0
202403,3,Sudeste,complicacoes_gestacao,liquido_membranas_ou_placenta,2293,66130,3.4674,7245,1734996.98,1
202403,3,Sudeste,complicacoes_parto,trabalho_de_parto_ou_parto,7024,66130,10.6215,19988,4749413.73,3
202403,3,Sudeste,complicacoes_puerperais,outras_complicacoes_puerperais,255,66130,0.3856,1007,139919.98,1
202403,3,Sudeste,complicacoes_vasculares,complicacoes_venosas,128,66130,0.1936,663,46970.76,0
202403,3,Sudeste,complicacoes_vasculares,embolia_obstetrica,1,66130,0.0015,4,382.77,0
202403,3,Sudeste,desfecho_abortivo,gestacao_com_desfecho_abortivo,4565,66130,6.9031,7916,1342984.24,0
202403,3,Sudeste,disturbios_metabolicos,diabetes_na_gestacao,1991,66130,3.0107,7518,1104138.27,0
202403,3,Sudeste,hemorragias,hemorragia_pos_parto,107,66130,0.1618,265,78632.26,4
202403,3,Sudeste,hemorragias,outras_hemorragias_obstetricas,1281,66130,1.9371,2595,437562.85,0
202403,3,Sudeste,infeccoes,infeccao_geniturinaria_gestacao,910,66130,1.3761,3874,213171.78,0
202403,3,Sudeste,infeccoes,infeccao_puerperal,429,66130,0.6487,2104,176147.73,0
202403,3,Sudeste,outras_condicoes_maternas,anemia_complicando_gestacao,76,66130,0.1149,356,37616.09,0
202403,3,Sudeste,outras_condicoes_maternas,doencas_classificadas_em_outros_capitulos,1575,66130,2.3817,5796,603591.11,0
202403,3,Sudeste,outras_condicoes_maternas,edema_proteinuria_sem_hipertensao,10,66130,0.0151,29,3251.14,0
202403,3,Sudeste,outras_condicoes_maternas,outras_condicoes_da_gestacao,632,66130,0.9557,2303,218985.80,0
202403,3,Sudeste,transtornos_hipertensivos,eclampsia,210,66130,0.3176,955,170361.93,0
202403,3,Sudeste,transtornos_hipertensivos,hipertensao_gestacional,840,66130,1.2702,2928,508864.40,0
202403,3,Sudeste,transtornos_hipertensivos,outros_hipertensivos,1033,66130,1.5621,3683,859437.87,2
202403,3,Sudeste,transtornos_hipertensivos,pre_eclampsia,1408,66130,2.1291,5952,1296252.23,0
202403,4,Sul,complicacoes_anestesicas,anestesia_obstetrica,5,25044,0.02,5,770.53,0
202403,4,Sul,complicacoes_gestacao,liquido_membranas_ou_placenta,778,25044,3.1065,2401,606100.87,1
202403,4,Sul,complicacoes_parto,trabalho_de_parto_ou_parto,3038,25044,12.1307,8008,2157543.52,2
202403,4,Sul,complicacoes_puerperais,outras_complicacoes_puerperais,133,25044,0.5311,396,33245.06,0
202403,4,Sul,complicacoes_vasculares,complicacoes_venosas,33,25044,0.1318,121,11881.03,0
202403,4,Sul,complicacoes_vasculares,embolia_obstetrica,1,25044,0.004,3,888.54,0
202403,4,Sul,desfecho_abortivo,gestacao_com_desfecho_abortivo,1775,25044,7.0875,2253,515037.11,0
202403,4,Sul,disturbios_metabolicos,diabetes_na_gestacao,721,25044,2.8789,2353,401832.05,0
202403,4,Sul,hemorragias,hemorragia_pos_parto,35,25044,0.1398,84,14106.05,0
202403,4,Sul,hemorragias,outras_hemorragias_obstetricas,546,25044,2.1802,1084,166108.39,0
202403,4,Sul,infeccoes,infeccao_geniturinaria_gestacao,324,25044,1.2937,1128,60031.94,0
202403,4,Sul,infeccoes,infeccao_puerperal,121,25044,0.4831,446,34478.46,0
202403,4,Sul,outras_condicoes_maternas,anemia_complicando_gestacao,11,25044,0.0439,23,2919.10,0
202403,4,Sul,outras_condicoes_maternas,doencas_classificadas_em_outros_capitulos,1335,25044,5.3306,4446,472189.68,0
202403,4,Sul,outras_condicoes_maternas,edema_proteinuria_sem_hipertensao,28,25044,0.1118,105,8166.55,0
202403,4,Sul,outras_condicoes_maternas,outras_condicoes_da_gestacao,202,25044,0.8066,546,40486.88,0
202403,4,Sul,transtornos_hipertensivos,eclampsia,83,25044,0.3314,359,67463.71,0
202403,4,Sul,transtornos_hipertensivos,hipertensao_gestacional,171,25044,0.6828,518,86723.42,0
202403,4,Sul,transtornos_hipertensivos,outros_hipertensivos,338,25044,1.3496,1093,274446.97,0
202403,4,Sul,transtornos_hipertensivos,pre_eclampsia,502,25044,2.0045,2144,329771.81,0
202403,5,Centro-Oeste,complicacoes_anestesicas,anestesia_obstetrica,34,16469,0.2064,100,8179.31,0
202403,5,Centro-Oeste,complicacoes_gestacao,liquido_membranas_ou_placenta,482,16469,2.9267,1484,353871.94,13
202403,5,Centro-Oeste,complicacoes_parto,trabalho_de_parto_ou_parto,2218,16469,13.4677,5795,1210520.80,17
202403,5,Centro-Oeste,complicacoes_puerperais,outras_complicacoes_puerperais,137,16469,0.8319,574,48215.18,0
202403,5,Centro-Oeste,complicacoes_vasculares,complicacoes_venosas,16,16469,0.0972,50,2376.80,0
202403,5,Centro-Oeste,desfecho_abortivo,gestacao_com_desfecho_abortivo,1181,16469,7.171,1970,338203.92,3
202403,5,Centro-Oeste,disturbios_metabolicos,diabetes_na_gestacao,390,16469,2.3681,1502,221608.81,2
202403,5,Centro-Oeste,hemorragias,hemorragia_pos_parto,26,16469,0.1579,68,13402.77,0
202403,5,Centro-Oeste,hemorragias,outras_hemorragias_obstetricas,349,16469,2.1191,761,93508.60,2
202403,5,Centro-Oeste,infeccoes,infeccao_geniturinaria_gestacao,330,16469,2.0038,1265,56505.23,0
202403,5,Centro-Oeste,infeccoes,infeccao_puerperal,128,16469,0.7772,582,42382.04,1
202403,5,Centro-Oeste,outras_condicoes_maternas,anemia_complicando_gestacao,11,16469,0.0668,30,1828.83,0
202403,5,Centro-Oeste,outras_condicoes_maternas,doencas_classificadas_em_outros_capitulos,707,16469,4.2929,2591,298249.66,1
202403,5,Centro-Oeste,outras_condicoes_maternas,edema_proteinuria_sem_hipertensao,5,16469,0.0304,32,2065.19,1
202403,5,Centro-Oeste,outras_condicoes_maternas,outras_condicoes_da_gestacao,99,16469,0.6011,220,23558.22,0
202403,5,Centro-Oeste,transtornos_hipertensivos,eclampsia,40,16469,0.2429,157,36604.74,1
202403,5,Centro-Oeste,transtornos_hipertensivos,hipertensao_gestacional,241,16469,1.4634,851,140298.48,3
202403,5,Centro-Oeste,transtornos_hipertensivos,outros_hipertensivos,277,16469,1.6819,1060,206844.57,5
202403,5,Centro-Oeste,transtornos_hipertensivos,pre_eclampsia,367,16469,2.2284,1389,290159.75,0
202404,1,Norte,complicacoes_anestesicas,anestesia_obstetrica,24,21597,0.1111,64,6133.59,0
202404,1,Norte,complicacoes_gestacao,liquido_membranas_ou_placenta,660,21597,3.056,2035,540976.09,0
202404,1,Norte,complicacoes_parto,trabalho_de_parto_ou_parto,3320,21597,15.3725,9218,2460498.10,2
202404,1,Norte,complicacoes_puerperais,outras_complicacoes_puerperais,98,21597,0.4538,463,61792.92,1
202404,1,Norte,complicacoes_vasculares,complicacoes_venosas,27,21597,0.125,84,22632.82,0
202404,1,Norte,complicacoes_vasculares,embolia_obstetrica,1,21597,0.0046,4,154.30,0
202404,1,Norte,desfecho_abortivo,gestacao_com_desfecho_abortivo,1735,21597,8.0335,3025,412958.71,0
202404,1,Norte,disturbios_metabolicos,diabetes_na_gestacao,376,21597,1.741,1520,196640.90,0
202404,1,Norte,hemorragias,hemorragia_pos_parto,10,21597,0.0463,38,2664.98,0
202404,1,Norte,hemorragias,outras_hemorragias_obstetricas,447,21597,2.0697,1305,131187.62,0
202404,1,Norte,infeccoes,infeccao_geniturinaria_gestacao,649,21597,3.005,2268,98905.71,0
202404,1,Norte,infeccoes,infeccao_puerperal,243,21597,1.1252,1313,77360.73,1
202404,1,Norte,outras_condicoes_maternas,anemia_complicando_gestacao,19,21597,0.088,83,5324.70,0
202404,1,Norte,outras_condicoes_maternas,doencas_classificadas_em_outros_capitulos,565,21597,2.6161,2132,164079.75,0
202404,1,Norte,outras_condicoes_maternas,edema_proteinuria_sem_hipertensao,4,21597,0.0185,6,1195.25,0
202404,1,Norte,outras_condicoes_maternas,outras_condicoes_da_gestacao,94,21597,0.4352,354,26196.82,0
202404,1,Norte,transtornos_hipertensivos,eclampsia,48,21597,0.2223,191,37877.35,1
202404,1,Norte,transtornos_hipertensivos,hipertensao_gestacional,185,21597,0.8566,707,99633.44,0
202404,1,Norte,transtornos_hipertensivos,outros_hipertensivos,134,21597,0.6205,433,81182.13,0
202404,1,Norte,transtornos_hipertensivos,pre_eclampsia,548,21597,2.5374,2233,518460.77,0
202404,2,Nordeste,complicacoes_anestesicas,anestesia_obstetrica,72,59555,0.1209,180,20125.54,0
202404,2,Nordeste,complicacoes_gestacao,liquido_membranas_ou_placenta,2630,59555,4.4161,7679,1944880.29,0
202404,2,Nordeste,complicacoes_parto,trabalho_de_parto_ou_parto,6720,59555,11.2837,18081,4479580.14,6
202404,2,Nordeste,complicacoes_puerperais,outras_complicacoes_puerperais,395,59555,0.6633,1715,192919.38,0
202404,2,Nordeste,complicacoes_vasculares,complicacoes_venosas,53,59555,0.089,345,25230.95,0
202404,2,Nordeste,complicacoes_vasculares,embolia_obstetrica,2,59555,0.0034,9,1483.47,0
202404,2,Nordeste,desfecho_abortivo,gestacao_com_desfecho_abortivo,4535,59555,7.6148,8346,1107347.39,0
202404,2,Nordeste,disturbios_metabolicos,diabetes_na_gestacao,1695,59555,2.8461,7985,1193127.58,1
202404,2,Nordeste,hemorragias,hemorragia_pos_parto,57,59555,0.0957,167,27294.86,0
202404,2,Nordeste,hemorragias,outras_hemorragias_obstetricas,765,59555,1.2845,2074,288823.81,1
202404,2,Nordeste,infeccoes,infeccao_geniturinaria_gestacao,785,59555,1.3181,3726,156946.39,0
202404,2,Nordeste,infeccoes,infeccao_puerperal,480,59555,0.806,2870,187303.49,1
202404,2,Nordeste,outras_condicoes_maternas,anemia_complicando_gestacao,61,59555,0.1024,290,37078.99,0
202404,2,Nordeste,outras_condicoes_maternas,doencas_classificadas_em_outros_capitulos,1691,59555,2.8394,8018,756974.05,3
202404,2,Nordeste,outras_condicoes_maternas,edema_proteinuria_sem_hipertensao,10,59555,0.0168,33,5683.34,0
202404,2,Nordeste,outras_condicoes_maternas,outras_condicoes_da_gestacao,296,59555,0.497,1064,90130.90,0
202404,2,Nordeste,transtornos_hipertensivos,eclampsia,121,59555,0.2032,539,126147.88,0
202404,2,Nordeste,transtornos_hipertensivos,hipertensao_gestacional,1024,59555,1.7194,3813,734823.91,0
202404,2,Nordeste,transtornos_hipertensivos,outros_hipertensivos,1026,59555,1.7228,3688,820398.75,0
202404,2,Nordeste,transtornos_hipertensivos,pre_eclampsia,2459,59555,4.129,11225,2199145.03,3
202404,3,Sudeste,complicacoes_anestesicas,anestesia_obstetrica,57,65310,0.0873,121,10313.39,0
202404,3,Sudeste,complicacoes_gestacao,liquido_membranas_ou_placenta,2478,65310,3.7942,8112,1924481.17,2
202404,3,Sudeste,complicacoes_parto,trabalho_de_parto_ou_parto,6854,65310,10.4946,19045,4666714.26,2
202404,3,Sudeste,complicacoes_puerperais,outras_complicacoes_puerperais,266,65310,0.4073,1101,130188.90,2
202404,3,Sudeste,complicacoes_vasculares,complicacoes_venosas,85,65310,0.1301,428,27593.21,0
202404,3,Sudeste,complicacoes_vasculares,embolia_obstetrica,1,65310,0.0015,26,5970.97,0
202404,3,Sudeste,desfecho_abortivo,gestacao_com_desfecho_abortivo,4415,65310,6.7601,7422,1286254.68,0
202404,3,Sudeste,disturbios_metabolicos,diabetes_na_gestacao,2000,65310,3.0623,7360,1170467.82,0
202404,3,Sudeste,hemorragias,hemorragia_pos_parto,106,65310,0.1623,322,66853.18,0
202404,3,Sudeste,hemorragias,outras_hemorragias_obstetricas,1347,65310,2.0625,2826,448641.43,2
202404,3,Sudeste,infeccoes,infeccao_geniturinaria_gestacao,842,65310,1.2892,3560,216844.66,0
202404,3,Sudeste,infeccoes,infeccao_puerperal,452,65310,0.6921,2351,195267.85,0
202404,3,Sudeste,outras_condicoes_maternas,anemia_complicando_gestacao,62,65310,0.0949,248,35781.79,0
202404,3,Sudeste,outras_condicoes_maternas,doencas_classificadas_em_outros_capitulos,1532,65310,2.3457,5836,630327.15,1
202404,3,Sudeste,outras_condicoes_maternas,edema_proteinuria_sem_hipertensao,4,65310,0.0061,10,475.91,0
202404,3,Sudeste,outras_condicoes_maternas,outras_condicoes_da_gestacao,575,65310,0.8804,2129,192116.86,0
202404,3,Sudeste,transtornos_hipertensivos,eclampsia,205,65310,0.3139,893,167493.31,1
202404,3,Sudeste,transtornos_hipertensivos,hipertensao_gestacional,899,65310,1.3765,3019,571388.97,0
202404,3,Sudeste,transtornos_hipertensivos,outros_hipertensivos,1111,65310,1.7011,3896,924464.65,0
202404,3,Sudeste,transtornos_hipertensivos,pre_eclampsia,1392,65310,2.1314,5794,1238781.40,1
202404,4,Sul,complicacoes_anestesicas,anestesia_obstetrica,14,24231,0.0578,57,4242.43,0
202404,4,Sul,complicacoes_gestacao,liquido_membranas_ou_placenta,690,24231,2.8476,1996,521303.42,1
202404,4,Sul,complicacoes_parto,trabalho_de_parto_ou_parto,3040,24231,12.5459,8045,2151561.31,1
202404,4,Sul,complicacoes_puerperais,outras_complicacoes_puerperais,131,24231,0.5406,446,66587.43,0
202404,4,Sul,complicacoes_vasculares,complicacoes_venosas,39,24231,0.161,187,13915.73,0
202404,4,Sul,complicacoes_vasculares,embolia_obstetrica,1,24231,0.0041,3,154.30,0
202404,4,Sul,desfecho_abortivo,gestacao_com_desfecho_abortivo,1573,24231,6.4917,1999,440338.37,0
202404,4,Sul,disturbios_metabolicos,diabetes_na_gestacao,646,24231,2.666,2151,363778.15,0
202404,4,Sul,hemorragias,hemorragia_pos_parto,30,24231,0.1238,62,12937.41,0
202404,4,Sul,hemorragias,outras_hemorragias_obstetricas,470,24231,1.9397,1104,146884.69,0
202404,4,Sul,infeccoes,infeccao_geniturinaria_gestacao,336,24231,1.3867,1138,58520.57,0
202404,4,Sul,infeccoes,infeccao_puerperal,112,24231,0.4622,419,31214.35,0
202404,4,Sul,outras_condicoes_maternas,anemia_complicando_gestacao,17,24231,0.0702,31,3450.79,0
202404,4,Sul,outras_condicoes_maternas,doencas_classificadas_em_outros_capitulos,1308,24231,5.398,4179,489602.80,1
202404,4,Sul,outras_condicoes_maternas,edema_proteinuria_sem_hipertensao,21,24231,0.0867,81,6282.19,0
202404,4,Sul,outras_condicoes_maternas,outras_condicoes_da_gestacao,150,24231,0.619,418,34893.56,0
202404,4,Sul,transtornos_hipertensivos,eclampsia,94,24231,0.3879,483,67088.21,0
202404,4,Sul,transtornos_hipertensivos,hipertensao_gestacional,176,24231,0.7263,592,90491.20,0
202404,4,Sul,transtornos_hipertensivos,outros_hipertensivos,303,24231,1.2505,1102,245542.83,0
202404,4,Sul,transtornos_hipertensivos,pre_eclampsia,484,24231,1.9974,2183,324880.84,1
202404,5,Centro-Oeste,complicacoes_anestesicas,anestesia_obstetrica,33,16334,0.202,93,6509.30,0
202404,5,Centro-Oeste,complicacoes_gestacao,liquido_membranas_ou_placenta,439,16334,2.6876,1261,313050.90,1
202404,5,Centro-Oeste,complicacoes_parto,trabalho_de_parto_ou_parto,2179,16334,13.3403,5768,1206193.88,14
202404,5,Centro-Oeste,complicacoes_puerperais,outras_complicacoes_puerperais,153,16334,0.9367,612,62333.75,1
202404,5,Centro-Oeste,complicacoes_vasculares,complicacoes_venosas,19,16334,0.1163,96,14758.88,0
202404,5,Centro-Oeste,desfecho_abortivo,gestacao_com_desfecho_abortivo,1125,16334,6.8875,1929,305700.71,0
202404,5,Centro-Oeste,disturbios_metabolicos,diabetes_na_gestacao,387,16334,2.3693,1391,208012.85,1
202404,5,Centro-Oeste,hemorragias,hemorragia_pos_parto,19,16334,0.1163,52,10578.82,0
202404,5,Centro-Oeste,hemorragias,outras_hemorragias_obstetricas,364,16334,2.2285,925,103666.45,0
202404,5,Centro-Oeste,infeccoes,infeccao_geniturinaria_gestacao,296,16334,1.8122,1055,45990.73,0
202404,5,Centro-Oeste,infeccoes,infeccao_puerperal,129,16334,0.7898,591,38185.18,1
202404,5,Centro-Oeste,outras_condicoes_maternas,anemia_complicando_gestacao,8,16334,0.049,23,2272.04,0
202404,5,Centro-Oeste,outras_condicoes_maternas,doencas_classificadas_em_outros_capitulos,679,16334,4.157,2507,297802.63,0
202404,5,Centro-Oeste,outras_condicoes_maternas,edema_proteinuria_sem_hipertensao,3,16334,0.0184,7,434.22,0
202404,5,Centro-Oeste,outras_condicoes_maternas,outras_condicoes_da_gestacao,103,16334,0.6306,354,32297.54,0
202404,5,Centro-Oeste,transtornos_hipertensivos,eclampsia,36,16334,0.2204,121,19700.93,0
202404,5,Centro-Oeste,transtornos_hipertensivos,hipertensao_gestacional,270,16334,1.653,943,169457.03,1
202404,5,Centro-Oeste,transtornos_hipertensivos,outros_hipertensivos,243,16334,1.4877,1006,171553.92,2
202404,5,Centro-Oeste,transtornos_hipertensivos,pre_eclampsia,335,16334,2.0509,1316,255852.08,2
202405,1,Norte,complicacoes_anestesicas,anestesia_obstetrica,23,21868,0.1052,56,5708.07,0
202405,1,Norte,complicacoes_gestacao,liquido_membranas_ou_placenta,671,21868,3.0684,2204,553820.28,1
202405,1,Norte,complicacoes_parto,trabalho_de_parto_ou_parto,3403,21868,15.5616,9212,2542146.23,2
202405,1,Norte,complicacoes_puerperais,outras_complicacoes_puerperais,127,21868,0.5808,473,31837.47,0
202405,1,Norte,complicacoes_vasculares,complicacoes_venosas,23,21868,0.1052,78,13861.31,0
202405,1,Norte,complicacoes_vasculares,embolia_obstetrica,1,21868,0.0046,2,605.66,0
202405,1,Norte,desfecho_abortivo,gestacao_com_desfecho_abortivo,1749,21868,7.998,3013,445560.90,2
202405,1,Norte,disturbios_metabolicos,diabetes_na_gestacao,361,21868,1.6508,1604,219385.31,0
202405,1,Norte,hemorragias,hemorragia_pos_parto,11,21868,0.0503,51,12358.66,0
202405,1,Norte,hemorragias,outras_hemorragias_obstetricas,466,21868,2.131,1155,130261.47,0
202405,1,Norte,infeccoes,infeccao_geniturinaria_gestacao,649,21868,2.9678,2302,110640.40,0
202405,1,Norte,infeccoes,infeccao_puerperal,198,21868,0.9054,1143,66250.68,0
202405,1,Norte,outras_condicoes_maternas,anemia_complicando_gestacao,25,21868,0.1143,161,8948.74,0
202405,1,Norte,outras_condicoes_maternas,doencas_classificadas_em_outros_capitulos,470,21868,2.1493,1923,133513.06,0
202405,1,Norte,outras_condicoes_maternas,edema_proteinuria_sem_hipertensao,1,21868,0.0046,2,109.24,0
202405,1,Norte,outras_condicoes_maternas,outras_condicoes_da_gestacao,91,21868,0.4161,388,24768.95,0
202405,1,Norte,transtornos_hipertensivos,eclampsia,59,21868,0.2698,223,38687.96,2
202405,1,Norte,transtornos_hipertensivos,hipertensao_gestacional,212,21868,0.9695,733,131261.76,0
202405,1,Norte,transtornos_hipertensivos,outros_hipertensivos,129,21868,0.5899,455,83810.27,0
202405,1,Norte,transtornos_hipertensivos,pre_eclampsia,546,21868,2.4968,2043,434484.94,1
202405,2,Nordeste,complicacoes_anestesicas,anestesia_obstetrica,59,57171,0.1032,162,14075.60,0
202405,2,Nordeste,complicacoes_gestacao,liquido_membranas_ou_placenta,2492,57171,4.3589,7083,1837767.94,0
202405,2,Nordeste,complicacoes_parto,trabalho_de_parto_ou_parto,6397,57171,11.1892,17214,4274214.40,3
202405,2,Nordeste,complicacoes_puerperais,outras_complicacoes_puerperais,431,57171,0.7539,1845,223918.36,0
202405,2,Nordeste,complicacoes_vasculares,complicacoes_venosas,54,57171,0.0945,267,24741.18,0
202405,2,Nordeste,complicacoes_vasculares,embolia_obstetrica,4,57171,0.007,9,1882.23,0
202405,2,Nordeste,desfecho_abortivo,gestacao_com_desfecho_abortivo,4164,57171,7.2834,7671,1030125.93,1
202405,2,Nordeste,disturbios_metabolicos,diabetes_na_gestacao,1469,57171,2.5695,6363,995968.06,0
202405,2,Nordeste,hemorragias,hemorragia_pos_parto,69,57171,0.1207,242,49947.84,0
202405,2,Nordeste,hemorragias,outras_hemorragias_obstetricas,730,57171,1.2769,1850,267837.03,0
202405,2,Nordeste,infeccoes,infeccao_geniturinaria_gestacao,681,57171,1.1912,2983,152585.96,0
202405,2,Nordeste,infeccoes,infeccao_puerperal,457,57171,0.7994,2635,161980.22,1
202405,2,Nordeste,outras_condicoes_maternas,anemia_complicando_gestacao,32,57171,0.056,180,28648.23,0
202405,2,Nordeste,outras_condicoes_maternas,doencas_classificadas_em_outros_capitulos,1631,57171,2.8528,7690,694248.32,1
202405,2,Nordeste,outras_condicoes_maternas,edema_proteinuria_sem_hipertensao,7,57171,0.0122,32,4058.24,0
202405,2,Nordeste,outras_condicoes_maternas,outras_condicoes_da_gestacao,242,57171,0.4233,930,71213.39,0
202405,2,Nordeste,transtornos_hipertensivos,eclampsia,154,57171,0.2694,693,171353.80,2
202405,2,Nordeste,transtornos_hipertensivos,hipertensao_gestacional,1041,57171,1.8209,3742,722417.67,0
202405,2,Nordeste,transtornos_hipertensivos,outros_hipertensivos,983,57171,1.7194,3558,790292.46,0
202405,2,Nordeste,transtornos_hipertensivos,pre_eclampsia,2187,57171,3.8254,9808,1977587.56,1
202405,3,Sudeste,complicacoes_anestesicas,anestesia_obstetrica,59,63839,0.0924,123,13170.77,0
202405,3,Sudeste,complicacoes_gestacao,liquido_membranas_ou_placenta,2379,63839,3.7266,7434,1842675.21,2
202405,3,Sudeste,complicacoes_parto,trabalho_de_parto_ou_parto,6469,63839,10.1333,17827,4362339.85,5
202405,3,Sudeste,complicacoes_puerperais,outras_complicacoes_puerperais,272,63839,0.4261,961,111400.89,0
202405,3,Sudeste,complicacoes_vasculares,complicacoes_venosas,63,63839,0.0987,279,29225.27,0
202405,3,Sudeste,complicacoes_vasculares,embolia_obstetrica,3,63839,0.0047,16,2369.28,0
202405,3,Sudeste,desfecho_abortivo,gestacao_com_desfecho_abortivo,4467,63839,6.9973,7514,1322341.59,2
202405,3,Sudeste,disturbios_metabolicos,diabetes_na_gestacao,1904,63839,2.9825,6995,1125855.67,0
202405,3,Sudeste,hemorragias,hemorragia_pos_parto,114,63839,0.1786,311,69349.84,0
202405,3,Sudeste,hemorragias,outras_hemorragias_obstetricas,1280,63839,2.005,2569,407914.37,0
202405,3,Sudeste,infeccoes,infeccao_geniturinaria_gestacao,851,63839,1.333,3704,219082.00,0
202405,3,Sudeste,infeccoes,infeccao_puerperal,455,63839,0.7127,2421,190479.52,1
202405,3,Sudeste,outras_condicoes_maternas,anemia_complicando_gestacao,56,63839,0.0877,268,21797.39,0
202405,3,Sudeste,outras_condicoes_maternas,doencas_classificadas_em_outros_capitulos,1425,63839,2.2322,5090,542083.92,0
202405,3,Sudeste,outras_condicoes_maternas,edema_proteinuria_sem_hipertensao,8,63839,0.0125,23,3918.38,0
202405,3,Sudeste,outras_condicoes_maternas,outras_condicoes_da_gestacao,575,63839,0.9007,2119,207244.27,0
202405,3,Sudeste,transtornos_hipertensivos,eclampsia,189,63839,0.2961,970,190981.97,0
202405,3,Sudeste,transtornos_hipertensivos,hipertensao_gestacional,854,63839,1.3377,2800,521476.03,0
202405,3,Sudeste,transtornos_hipertensivos,outros_hipertensivos,1096,63839,1.7168,3741,861138.15,1
202405,3,Sudeste,transtornos_hipertensivos,pre_eclampsia,1498,63839,2.3465,6070,1336955.02,4
202405,4,Sul,complicacoes_anestesicas,anestesia_obstetrica,8,24528,0.0326,23,2225.87,0
202405,4,Sul,complicacoes_gestacao,liquido_membranas_ou_placenta,768,24528,3.1311,2215,590287.32,0
202405,4,Sul,complicacoes_parto,trabalho_de_parto_ou_parto,2939,24528,11.9822,7848,2070500.61,1
202405,4,Sul,complicacoes_puerperais,outras_complicacoes_puerperais,142,24528,0.5789,484,48898.94,0
202405,4,Sul,complicacoes_vasculares,complicacoes_venosas,29,24528,0.1182,132,9000.29,0
202405,4,Sul,desfecho_abortivo,gestacao_com_desfecho_abortivo,1625,24528,6.6251,2012,471390.55,3
202405,4,Sul,disturbios_metabolicos,diabetes_na_gestacao,639,24528,2.6052,2347,374270.98,0
202405,4,Sul,hemorragias,hemorragia_pos_parto,40,24528,0.1631,86,16353.62,0
202405,4,Sul,hemorragias,outras_hemorragias_obstetricas,438,24528,1.7857,917,137103.31,0
202405,4,Sul,infeccoes,infeccao_geniturinaria_gestacao,294,24528,1.1986,985,55772.90,0
202405,4,Sul,infeccoes,infeccao_puerperal,126,24528,0.5137,503,41683.55,0
202405,4,Sul,outras_condicoes_maternas,anemia_complicando_gestacao,9,24528,0.0367,23,2807.23,0
202405,4,Sul,outras_condicoes_maternas,doencas_classificadas_em_outros_capitulos,1261,24528,5.1411,4229,443441.39,1
202405,4,Sul,outras_condicoes_maternas,edema_proteinuria_sem_hipertensao,13,24528,0.053,48,3567.23,0
202405,4,Sul,outras_condicoes_maternas,outras_condicoes_da_gestacao,158,24528,0.6442,478,40911.40,0
202405,4,Sul,transtornos_hipertensivos,eclampsia,84,24528,0.3425,371,76065.81,1
202405,4,Sul,transtornos_hipertensivos,hipertensao_gestacional,238,24528,0.9703,740,129570.56,0
202405,4,Sul,transtornos_hipertensivos,outros_hipertensivos,362,24528,1.4759,1199,285754.12,0
202405,4,Sul,transtornos_hipertensivos,pre_eclampsia,486,24528,1.9814,2322,346828.41,1
202405,5,Centro-Oeste,complicacoes_anestesicas,anestesia_obstetrica,32,16272,0.1967,101,6985.84,0
202405,5,Centro-Oeste,complicacoes_gestacao,liquido_membranas_ou_placenta,475,16272,2.9191,1387,347582.48,1
202405,5,Centro-Oeste,complicacoes_parto,trabalho_de_parto_ou_parto,2239,16272,13.7598,6042,1208747.44,0
202405,5,Centro-Oeste,complicacoes_puerperais,outras_complicacoes_puerperais,124,16272,0.762,524,48047.48,0
202405,5,Centro-Oeste,complicacoes_vasculares,complicacoes_venosas,14,16272,0.086,37,4146.59,0
202405,5,Centro-Oeste,complicacoes_vasculares,embolia_obstetrica,1,16272,0.0061,7,3979.16,0
202405,5,Centro-Oeste,desfecho_abortivo,gestacao_com_desfecho_abortivo,1102,16272,6.7724,1752,303740.50,0
202405,5,Centro-Oeste,disturbios_metabolicos,diabetes_na_gestacao,373,16272,2.2923,1326,209835.03,0
202405,5,Centro-Oeste,hemorragias,hemorragia_pos_parto,19,16272,0.1168,47,14127.37,0
202405,5,Centro-Oeste,hemorragias,outras_hemorragias_obstetricas,331,16272,2.0342,664,87910.54,0
202405,5,Centro-Oeste,infeccoes,infeccao_geniturinaria_gestacao,285,16272,1.7515,963,54284.60,0
202405,5,Centro-Oeste,infeccoes,infeccao_puerperal,118,16272,0.7252,545,42413.71,0
202405,5,Centro-Oeste,outras_condicoes_maternas,anemia_complicando_gestacao,7,16272,0.043,33,4051.11,0
202405,5,Centro-Oeste,outras_condicoes_maternas,doencas_classificadas_em_outros_capitulos,781,16272,4.7997,2932,327463.69,0
202405,5,Centro-Oeste,outras_condicoes_maternas,edema_proteinuria_sem_hipertensao,1,16272,0.0061,3,157.44,0
202405,5,Centro-Oeste,outras_condicoes_maternas,outras_condicoes_da_gestacao,100,16272,0.6146,279,26611.29,0
202405,5,Centro-Oeste,transtornos_hipertensivos,eclampsia,34,16272,0.2089,121,19994.04,0
202405,5,Centro-Oeste,transtornos_hipertensivos,hipertensao_gestacional,198,16272,1.2168,694,120467.74,0
202405,5,Centro-Oeste,transtornos_hipertensivos,outros_hipertensivos,249,16272,1.5302,1094,170642.92,0
202405,5,Centro-Oeste,transtornos_hipertensivos,pre_eclampsia,314,16272,1.9297,1141,248948.28,0
202406,1,Norte,complicacoes_anestesicas,anestesia_obstetrica,21,20468,0.1026,72,3682.26,0
202406,1,Norte,complicacoes_gestacao,liquido_membranas_ou_placenta,577,20468,2.819,1717,466153.81,0
202406,1,Norte,complicacoes_parto,trabalho_de_parto_ou_parto,3230,20468,15.7807,8481,2328668.92,1
202406,1,Norte,complicacoes_puerperais,outras_complicacoes_puerperais,100,20468,0.4886,458,34667.29,0
202406,1,Norte,complicacoes_vasculares,complicacoes_venosas,37,20468,0.1808,238,33657.56,1
202406,1,Norte,complicacoes_vasculares,embolia_obstetrica,2,20468,0.0098,4,772.01,0
202406,1,Norte,desfecho_abortivo,gestacao_com_desfecho_abortivo,1674,20468,8.1786,3031,419651.67,0
202406,1,Norte,disturbios_metabolicos,diabetes_na_gestacao,346,20468,1.6904,1486,221627.44,0
202406,1,Norte,hemorragias,hemorragia_pos_parto,11,20468,0.0537,28,3081.53,0
202406,1,Norte,hemorragias,outras_hemorragias_obstetricas,444,20468,2.1692,1175,114315.67,1
202406,1,Norte,infeccoes,infeccao_geniturinaria_gestacao,637,20468,3.1122,2298,99427.68,0
202406,1,Norte,infeccoes,infeccao_puerperal,184,20468,0.899,1091,53736.45,0
202406,1,Norte,outras_condicoes_maternas,anemia_complicando_gestacao,14,20468,0.0684,79,21504.54,0
202406,1,Norte,outras_condicoes_maternas,doencas_classificadas_em_outros_capitulos,503,20468,2.4575,2088,175819.63,1
202406,1,Norte,outras_condicoes_maternas,edema_proteinuria_sem_hipertensao,1,20468,0.0049,2,125.24,0
202406,1,Norte,outras_condicoes_maternas,outras_condicoes_da_gestacao,82,20468,0.4006,233,23158.24,0
202406,1,Norte,transtornos_hipertensivos,eclampsia,52,20468,0.2541,185,54108.75,2
202406,1,Norte,transtornos_hipertensivos,hipertensao_gestacional,162,20468,0.7915,568,101705.71,0
202406,1,Norte,transtornos_hipertensivos,outros_hipertensivos,133,20468,0.6498,501,70481.44,0
202406,1,Norte,transtornos_hipertensivos,pre_eclampsia,496,20468,2.4233,1859,435890.05,0
202406,2,Nordeste,complicacoes_anestesicas,anestesia_obstetrica,64,54769,0.1169,167,15029.58,0
202406,2,Nordeste,complicacoes_gestacao,liquido_membranas_ou_placenta,2345,54769,4.2816,6937,1748874.76,0
202406,2,Nordeste,complicacoes_parto,trabalho_de_parto_ou_parto,6324,54769,11.5467,16614,4194769.30,2
202406,2,Nordeste,complicacoes_puerperais,outras_complicacoes_puerperais,440,54769,0.8034,1826,242828.48,2
202406,2,Nordeste,complicacoes_vasculares,complicacoes_venosas,38,54769,0.0694,248,12692.34,0
202406,2,Nordeste,complicacoes_vasculares,embolia_obstetrica,2,54769,0.0037,5,1422.29,0
202406,2,Nordeste,desfecho_abortivo,gestacao_com_desfecho_abortivo,4012,54769,7.3253,7318,960840.88,0
202406,2,Nordeste,disturbios_metabolicos,diabetes_na_gestacao,1385,54769,2.5288,6159,975797.21,0
202406,2,Nordeste,hemorragias,hemorragia_pos_parto,65,54769,0.1187,189,35654.29,0
202406,2,Nordeste,hemorragias,outras_hemorragias_obstetricas,696,54769,1.2708,1795,248562.92,0
202406,2,Nordeste,infeccoes,infeccao_geniturinaria_gestacao,691,54769,1.2617,3134,148662.82,0
202406,2,Nordeste,infeccoes,infeccao_puerperal,477,54769,0.8709,2867,178608.75,1
202406,2,Nordeste,outras_condicoes_maternas,anemia_complicando_gestacao,26,54769,0.0475,127,10805.01,0
202406,2,Nordeste,outras_condicoes_maternas,doencas_classificadas_em_outros_capitulos,1598,54769,2.9177,7061,647931.61,1
202406,2,Nordeste,outras_condicoes_maternas,edema_proteinuria_sem_hipertensao,3,54769,0.0055,3,1524.84,0
202406,2,Nordeste,outras_condicoes_maternas,outras_condicoes_da_gestacao,224,54769,0.409,910,75813.63,1
202406,2,Nordeste,transtornos_hipertensivos,eclampsia,142,54769,0.2593,655,120355.20,1
202406,2,Nordeste,transtornos_hipertensivos,hipertensao_gestacional,913,54769,1.667,3324,602530.56,0
202406,2,Nordeste,transtornos_hipertensivos,outros_hipertensivos,912,54769,1.6652,3378,759749.16,0
202406,2,Nordeste,transtornos_hipertensivos,pre_eclampsia,2123,54769,3.8763,9503,1924273.83,2
202406,3,Sudeste,complicacoes_anestesicas,anestesia_obstetrica,50,60809,0.0822,114,11129.41,0
202406,3,Sudeste,complicacoes_gestacao,liquido_membranas_ou_placenta,2224,60809,3.6574,6755,1664066.25,1
202406,3,Sudeste,complicacoes_parto,trabalho_de_parto_ou_parto,6200,60809,10.1959,17140,4193905.34,1
202406,3,Sudeste,complicacoes_puerperais,outras_complicacoes_puerperais,226,60809,0.3717,869,107019.44,1
202406,3,Sudeste,complicacoes_vasculares,complicacoes_venosas,70,60809,0.1151,374,43701.82,0
202406,3,Sudeste,complicacoes_vasculares,embolia_obstetrica,2,60809,0.0033,6,2213.64,0
202406,3,Sudeste,desfecho_abortivo,gestacao_com_desfecho_abortivo,4287,60809,7.0499,7280,1255677.67,1
202406,3,Sudeste,disturbios_metabolicos,diabetes_na_gestacao,1855,60809,3.0505,6871,1108259.49,0
202406,3,Sudeste,hemorragias,hemorragia_pos_parto,112,60809,0.1842,383,86898.48,2
202406,3,Sudeste,hemorragias,outras_hemorragias_obstetricas,1158,60809,1.9043,2166,378365.31,3
202406,3,Sudeste,infeccoes,infeccao_geniturinaria_gestacao,707,60809,1.1627,2897,158032.27,0
202406,3,Sudeste,infeccoes,infeccao_puerperal,411,60809,0.6759,2042,188138.62,0
202406,3,Sudeste,outras_condicoes_maternas,anemia_complicando_gestacao,27,60809,0.0444,83,9768.43,1
202406,3,Sudeste,outras_condicoes_maternas,doencas_classificadas_em_outros_capitulos,1466,60809,2.4108,5155,580398.72,1
202406,3,Sudeste,outras_condicoes_maternas,edema_proteinuria_sem_hipertensao,10,60809,0.0164,12,3241.47,0
202406,3,Sudeste,outras_condicoes_maternas,outras_condicoes_da_gestacao,540,60809,0.888,1960,239841.92,1
202406,3,Sudeste,transtornos_hipertensivos,eclampsia,223,60809,0.3667,1022,198849.81,1
202406,3,Sudeste,transtornos_hipertensivos,hipertensao_gestacional,874,60809,1.4373,2936,549389.35,0
202406,3,Sudeste,transtornos_hipertensivos,outros_hipertensivos,1059,60809,1.7415,3563,849732.76,1
202406,3,Sudeste,transtornos_hipertensivos,pre_eclampsia,1437,60809,2.3631,5944,1327934.11,2
202406,4,Sul,complicacoes_anestesicas,anestesia_obstetrica,10,23984,0.0417,21,2967.82,0
202406,4,Sul,complicacoes_gestacao,liquido_membranas_ou_placenta,752,23984,3.1354,2182,572476.66,1
202406,4,Sul,complicacoes_parto,trabalho_de_parto_ou_parto,2895,23984,12.0705,7716,2069182.92,0
202406,4,Sul,complicacoes_puerperais,outras_complicacoes_puerperais,129,23984,0.5379,421,33890.69,2
202406,4,Sul,complicacoes_vasculares,complicacoes_venosas,44,23984,0.1835,198,16220.27,0
202406,4,Sul,desfecho_abortivo,gestacao_com_desfecho_abortivo,1567,23984,6.5335,1874,445427.74,0
202406,4,Sul,disturbios_metabolicos,diabetes_na_gestacao,633,23984,2.6393,2216,387231.65,0
202406,4,Sul,hemorragias,hemorragia_pos_parto,39,23984,0.1626,76,15731.50,0
202406,4,Sul,hemorragias,outras_hemorragias_obstetricas,413,23984,1.722,840,111297.07,0
202406,4,Sul,infeccoes,infeccao_geniturinaria_gestacao,300,23984,1.2508,1084,69505.74,0
202406,4,Sul,infeccoes,infeccao_puerperal,107,23984,0.4461,471,36080.95,0
202406,4,Sul,outras_condicoes_maternas,anemia_complicando_gestacao,15,23984,0.0625,29,3775.31,0
202406,4,Sul,outras_condicoes_maternas,doencas_classificadas_em_outros_capitulos,1162,23984,4.8449,4019,447066.59,1
202406,4,Sul,outras_condicoes_maternas,edema_proteinuria_sem_hipertensao,11,23984,0.0459,65,3086.01,0
202406,4,Sul,outras_condicoes_maternas,outras_condicoes_da_gestacao,144,23984,0.6004,377,44401.43,0
202406,4,Sul,transtornos_hipertensivos,eclampsia,86,23984,0.3586,405,67767.18,0
202406,4,Sul,transtornos_hipertensivos,hipertensao_gestacional,206,23984,0.8589,763,115541.55,1
202406,4,Sul,transtornos_hipertensivos,outros_hipertensivos,355,23984,1.4802,1312,293679.93,0
202406,4,Sul,transtornos_hipertensivos,pre_eclampsia,508,23984,2.1181,2529,365920.08,0
202406,5,Centro-Oeste,complicacoes_anestesicas,anestesia_obstetrica,31,15901,0.195,100,9249.93,0
202406,5,Centro-Oeste,complicacoes_gestacao,liquido_membranas_ou_placenta,521,15901,3.2765,1544,383786.63,0
202406,5,Centro-Oeste,complicacoes_parto,trabalho_de_parto_ou_parto,2223,15901,13.9803,5911,1211739.70,1
202406,5,Centro-Oeste,complicacoes_puerperais,outras_complicacoes_puerperais,128,15901,0.805,511,39870.11,0
202406,5,Centro-Oeste,complicacoes_vasculares,complicacoes_venosas,14,15901,0.088,54,3202.30,0
202406,5,Centro-Oeste,desfecho_abortivo,gestacao_com_desfecho_abortivo,1098,15901,6.9052,1809,303082.96,0
202406,5,Centro-Oeste,disturbios_metabolicos,diabetes_na_gestacao,372,15901,2.3395,1398,205690.40,0
202406,5,Centro-Oeste,hemorragias,hemorragia_pos_parto,11,15901,0.0692,35,4444.89,1
202406,5,Centro-Oeste,hemorragias,outras_hemorragias_obstetricas,313,15901,1.9684,842,95041.89,0
202406,5,Centro-Oeste,infeccoes,infeccao_geniturinaria_gestacao,269,15901,1.6917,967,43843.46,0
202406,5,Centro-Oeste,infeccoes,infeccao_puerperal,93,15901,0.5849,525,34283.81,0
202406,5,Centro-Oeste,outras_condicoes_maternas,anemia_complicando_gestacao,7,15901,0.044,21,2914.62,0
202406,5,Centro-Oeste,outras_condicoes_maternas,doencas_classificadas_em_outros_capitulos,733,15901,4.6098,2932,343926.87,0
202406,5,Centro-Oeste,outras_condicoes_maternas,edema_proteinuria_sem_hipertensao,1,15901,0.0063,3,200.92,0
202406,5,Centro-Oeste,outras_condicoes_maternas,outras_condicoes_da_gestacao,93,15901,0.5849,307,38766.35,0
202406,5,Centro-Oeste,transtornos_hipertensivos,eclampsia,45,15901,0.283,177,35691.25,0
202406,5,Centro-Oeste,transtornos_hipertensivos,hipertensao_gestacional,237,15901,1.4905,851,123190.38,0
202406,5,Centro-Oeste,transtornos_hipertensivos,outros_hipertensivos,227,15901,1.4276,1044,189908.76,0
202406,5,Centro-Oeste,transtornos_hipertensivos,pre_eclampsia,371,15901,2.3332,1356,264722.47,0
202407,1,Norte,complicacoes_anestesicas,anestesia_obstetrica,19,21511,0.0883,42,3745.24,0
202407,1,Norte,complicacoes_gestacao,liquido_membranas_ou_placenta,707,21511,3.2867,2355,588301.92,0
202407,1,Norte,complicacoes_parto,trabalho_de_parto_ou_parto,3225,21511,14.9923,8924,2310099.59,1
202407,1,Norte,complicacoes_puerperais,outras_complicacoes_puerperais,112,21511,0.5207,482,34363.21,0
202407,1,Norte,complicacoes_vasculares,complicacoes_venosas,25,21511,0.1162,59,16359.46,0
202407,1,Norte,complicacoes_vasculares,embolia_obstetrica,1,21511,0.0046,2,170.30,0
202407,1,Norte,desfecho_abortivo,gestacao_com_desfecho_abortivo,1799,21511,8.3632,3153,460254.87,2
202407,1,Norte,disturbios_metabolicos,diabetes_na_gestacao,371,21511,1.7247,1537,221004.42,0
202407,1,Norte,hemorragias,hemorragia_pos_parto,7,21511,0.0325,13,1488.89,0
202407,1,Norte,hemorragias,outras_hemorragias_obstetricas,478,21511,2.2221,1198,135880.26,0
202407,1,Norte,infeccoes,infeccao_geniturinaria_gestacao,629,21511,2.9241,2430,106710.43,0
202407,1,Norte,infeccoes,infeccao_puerperal,215,21511,0.9995,1311,67272.86,0
202407,1,Norte,outras_condicoes_maternas,anemia_complicando_gestacao,8,21511,0.0372,36,2561.37,0
202407,1,Norte,outras_condicoes_maternas,doencas_classificadas_em_outros_capitulos,538,21511,2.501,1923,121857.54,0
202407,1,Norte,outras_condicoes_maternas,edema_proteinuria_sem_hipertensao,7,21511,0.0325,26,2795.57,0
202407,1,Norte,outras_condicoes_maternas,outras_condicoes_da_gestacao,107,21511,0.4974,346,27645.98,0
202407,1,Norte,transtornos_hipertensivos,eclampsia,55,21511,0.2557,203,42087.76,0
202407,1,Norte,transtornos_hipertensivos,hipertensao_gestacional,209,21511,0.9716,760,141651.50,0
202407,1,Norte,transtornos_hipertensivos,outros_hipertensivos,144,21511,0.6694,558,88191.63,0
202407,1,Norte,transtornos_hipertensivos,pre_eclampsia,539,21511,2.5057,1991,454508.51,0
202407,2,Nordeste,complicacoes_anestesicas,anestesia_obstetrica,49,56686,0.0864,153,12609.54,0
202407,2,Nordeste,complicacoes_gestacao,liquido_membranas_ou_placenta,2343,56686,4.1333,6991,1744677.86,1
202407,2,Nordeste,complicacoes_parto,trabalho_de_parto_ou_parto,6675,56686,11.7754,17899,4388144.85,4
202407,2,Nordeste,complicacoes_puerperais,outras_complicacoes_puerperais,375,56686,0.6615,1672,180470.53,0
202407,2,Nordeste,complicacoes_vasculares,complicacoes_venosas,46,56686,0.0811,289,19233.54,0
202407,2,Nordeste,desfecho_abortivo,gestacao_com_desfecho_abortivo,4465,56686,7.8767,8096,1071268.47,0
202407,2,Nordeste,disturbios_metabolicos,diabetes_na_gestacao,1418,56686,2.5015,6270,986957.04,0
202407,2,Nordeste,hemorragias,hemorragia_pos_parto,73,56686,0.1288,228,31703.60,0
202407,2,Nordeste,hemorragias,outras_hemorragias_obstetricas,719,56686,1.2684,2046,254727.56,0
202407,2,Nordeste,infeccoes,infeccao_geniturinaria_gestacao,685,56686,1.2084,3133,152101.37,0
202407,2,Nordeste,infeccoes,infeccao_puerperal,503,56686,0.8873,3116,244428.35,0
202407,2,Nordeste,outras_condicoes_maternas,anemia_complicando_gestacao,29,56686,0.0512,123,11072.70,0
202407,2,Nordeste,outras_condicoes_maternas,doencas_classificadas_em_outros_capitulos,1655,56686,2.9196,8195,721154.16,5
202407,2,Nordeste,outras_condicoes_maternas,edema_proteinuria_sem_hipertensao,16,56686,0.0282,20,8762.64,0
202407,2,Nordeste,outras_condicoes_maternas,outras_condicoes_da_gestacao,252,56686,0.4446,841,66535.91,0
202407,2,Nordeste,transtornos_hipertensivos,eclampsia,137,56686,0.2417,580,135485.87,0
202407,2,Nordeste,transtornos_hipertensivos,hipertensao_gestacional,858,56686,1.5136,3148,567680.50,0
202407,2,Nordeste,transtornos_hipertensivos,outros_hipertensivos,899,56686,1.5859,3193,707072.61,0
202407,2,Nordeste,transtornos_hipertensivos,pre_eclampsia,2381,56686,4.2003,10667,2154466.41,1
202407,3,Sudeste,complicacoes_anestesicas,anestesia_obstetrica,41,59998,0.0683,127,10462.36,0
202407,3,Sudeste,complicacoes_gestacao,liquido_membranas_ou_placenta,2282,59998,3.8035,6895,1742124.16,1
202407,3,Sudeste,complicacoes_parto,trabalho_de_parto_ou_parto,6257,59998,10.4287,17168,4242250.47,1
202407,3,Sudeste,complicacoes_puerperais,outras_complicacoes_puerperais,226,59998,0.3767,885,102529.02,0
202407,3,Sudeste,complicacoes_vasculares,complicacoes_venosas,60,59998,0.1,260,18321.93,0
202407,3,Sudeste,complicacoes_vasculares,embolia_obstetrica,2,59998,0.0033,8,1179.20,0
202407,3,Sudeste,desfecho_abortivo,gestacao_com_desfecho_abortivo,4671,59998,7.7853,7814,1366199.39,1
202407,3,Sudeste,disturbios_metabolicos,diabetes_na_gestacao,1774,59998,2.9568,6825,1040575.91,0
202407,3,Sudeste,hemorragias,hemorragia_pos_parto,98,59998,0.1633,325,96494.08,1
202407,3,Sudeste,hemorragias,outras_hemorragias_obstetricas,1304,59998,2.1734,2509,429047.17,1
202407,3,Sudeste,infeccoes,infeccao_geniturinaria_gestacao,795,59998,1.325,3459,209693.96,0
202407,3,Sudeste,infeccoes,infeccao_puerperal,428,59998,0.7134,2261,172571.95,1
202407,3,Sudeste,outras_condicoes_maternas,anemia_complicando_gestacao,45,59998,0.075,187,24037.85,0
202407,3,Sudeste,outras_condicoes_maternas,doencas_classificadas_em_outros_capitulos,1354,59998,2.2567,4924,622424.69,2
202407,3,Sudeste,outras_condicoes_maternas,edema_proteinuria_sem_hipertensao,7,59998,0.0117,16,2085.32,0
202407,3,Sudeste,outras_condicoes_maternas,outras_condicoes_da_gestacao,481,59998,0.8017,1870,168968.07,1
202407,3,Sudeste,transtornos_hipertensivos,eclampsia,178,59998,0.2967,795,163022.91,1
202407,3,Sudeste,transtornos_hipertensivos,hipertensao_gestacional,835,59998,1.3917,3112,528019.03,1
202407,3,Sudeste,transtornos_hipertensivos,outros_hipertensivos,1053,59998,1.7551,3580,846316.82,0
202407,3,Sudeste,transtornos_hipertensivos,pre_eclampsia,1469,59998,2.4484,6104,1322269.39,0
202407,4,Sul,complicacoes_anestesicas,anestesia_obstetrica,10,23383,0.0428,33,1866.85,0
202407,4,Sul,complicacoes_gestacao,liquido_membranas_ou_placenta,695,23383,2.9722,2044,537909.27,1
202407,4,Sul,complicacoes_parto,trabalho_de_parto_ou_parto,2806,23383,12.0002,7290,1938653.42,2
202407,4,Sul,complicacoes_puerperais,outras_complicacoes_puerperais,113,23383,0.4833,342,34436.39,0
202407,4,Sul,complicacoes_vasculares,complicacoes_venosas,43,23383,0.1839,172,14352.17,0
202407,4,Sul,desfecho_abortivo,gestacao_com_desfecho_abortivo,1567,23383,6.7014,1967,450288.94,0
202407,4,Sul,disturbios_metabolicos,diabetes_na_gestacao,607,23383,2.5959,1988,373340.53,1
202407,4,Sul,hemorragias,hemorragia_pos_parto,46,23383,0.1967,114,23432.34,0
202407,4,Sul,hemorragias,outras_hemorragias_obstetricas,425,23383,1.8176,802,111405.93,0
202407,4,Sul,infeccoes,infeccao_geniturinaria_gestacao,273,23383,1.1675,971,58066.08,0
202407,4,Sul,infeccoes,infeccao_puerperal,109,23383,0.4662,538,67312.27,0
202407,4,Sul,outras_condicoes_maternas,anemia_complicando_gestacao,10,23383,0.0428,23,3528.71,0
202407,4,Sul,outras_condicoes_maternas,doencas_classificadas_em_outros_capitulos,1119,23383,4.7855,3522,411829.21,0
202407,4,Sul,outras_condicoes_maternas,edema_proteinuria_sem_hipertensao,17,23383,0.0727,60,3284.03,0
202407,4,Sul,outras_condicoes_maternas,outras_condicoes_da_gestacao,165,23383,0.7056,497,64819.33,0
202407,4,Sul,transtornos_hipertensivos,eclampsia,114,23383,0.4875,571,73195.43,0
202407,4,Sul,transtornos_hipertensivos,hipertensao_gestacional,237,23383,1.0136,711,133310.17,0
202407,4,Sul,transtornos_hipertensivos,outros_hipertensivos,334,23383,1.4284,1087,263854.50,0
202407,4,Sul,transtornos_hipertensivos,pre_eclampsia,548,23383,2.3436,2587,371144.08,1
202407,5,Centro-Oeste,complicacoes_anestesicas,anestesia_obstetrica,18,15026,0.1198,53,3338.56,0
202407,5,Centro-Oeste,complicacoes_gestacao,liquido_membranas_ou_placenta,448,15026,2.9815,1328,318638.29,1
202407,5,Centro-Oeste,complicacoes_parto,trabalho_de_parto_ou_parto,2006,15026,13.3502,5298,1119660.26,0
202407,5,Centro-Oeste,complicacoes_puerperais,outras_complicacoes_puerperais,128,15026,0.8519,525,64863.92,1
202407,5,Centro-Oeste,complicacoes_vasculares,complicacoes_venosas,18,15026,0.1198,91,6434.72,0
202407,5,Centro-Oeste,complicacoes_vasculares,embolia_obstetrica,1,15026,0.0067,15,3466.59,0
202407,5,Centro-Oeste,desfecho_abortivo,gestacao_com_desfecho_abortivo,1219,15026,8.1126,1943,338449.14,0
202407,5,Centro-Oeste,disturbios_metabolicos,diabetes_na_gestacao,419,15026,2.7885,1278,215530.18,0
202407,5,Centro-Oeste,hemorragias,hemorragia_pos_parto,22,15026,0.1464,85,24073.97,1
202407,5,Centro-Oeste,hemorragias,outras_hemorragias_obstetricas,358,15026,2.3825,788,79159.56,0
202407,5,Centro-Oeste,infeccoes,infeccao_geniturinaria_gestacao,266,15026,1.7703,880,48932.11,1
202407,5,Centro-Oeste,infeccoes,infeccao_puerperal,109,15026,0.7254,576,39976.54,0
202407,5,Centro-Oeste,outras_condicoes_maternas,anemia_complicando_gestacao,12,15026,0.0799,59,8097.23,0
202407,5,Centro-Oeste,outras_condicoes_maternas,doencas_classificadas_em_outros_capitulos,688,15026,4.5787,2654,306854.32,0
202407,5,Centro-Oeste,outras_condicoes_maternas,edema_proteinuria_sem_hipertensao,2,15026,0.0133,9,632.54,0
202407,5,Centro-Oeste,outras_condicoes_maternas,outras_condicoes_da_gestacao,120,15026,0.7986,297,31751.57,0
202407,5,Centro-Oeste,transtornos_hipertensivos,eclampsia,46,15026,0.3061,170,31503.36,0
202407,5,Centro-Oeste,transtornos_hipertensivos,hipertensao_gestacional,246,15026,1.6372,834,128183.96,0
202407,5,Centro-Oeste,transtornos_hipertensivos,outros_hipertensivos,206,15026,1.371,864,171685.35,1
202407,5,Centro-Oeste,transtornos_hipertensivos,pre_eclampsia,302,15026,2.0098,1255,261141.33,2
202408,1,Norte,complicacoes_anestesicas,anestesia_obstetrica,23,22070,0.1042,57,4414.87,0
202408,1,Norte,complicacoes_gestacao,liquido_membranas_ou_placenta,744,22070,3.3711,2306,596666.47,0
202408,1,Norte,complicacoes_parto,trabalho_de_parto_ou_parto,3403,22070,15.4191,9495,2462781.52,2
202408,1,Norte,complicacoes_puerperais,outras_complicacoes_puerperais,132,22070,0.5981,525,34496.76,0
202408,1,Norte,complicacoes_vasculares,complicacoes_venosas,18,22070,0.0816,80,15494.78,1
202408,1,Norte,complicacoes_vasculares,embolia_obstetrica,1,22070,0.0045,2,227.10,0
202408,1,Norte,desfecho_abortivo,gestacao_com_desfecho_abortivo,1715,22070,7.7707,2958,429075.38,1
202408,1,Norte,disturbios_metabolicos,diabetes_na_gestacao,376,22070,1.7037,1429,274400.88,1
202408,1,Norte,hemorragias,hemorragia_pos_parto,6,22070,0.0272,10,1148.88,1
202408,1,Norte,hemorragias,outras_hemorragias_obstetricas,468,22070,2.1205,1149,123603.69,0
202408,1,Norte,infeccoes,infeccao_geniturinaria_gestacao,720,22070,3.2623,2462,110207.68,1
202408,1,Norte,infeccoes,infeccao_puerperal,192,22070,0.87,1146,68994.61,0
202408,1,Norte,outras_condicoes_maternas,anemia_complicando_gestacao,14,22070,0.0634,99,5441.48,0
202408,1,Norte,outras_condicoes_maternas,doencas_classificadas_em_outros_capitulos,558,22070,2.5283,2257,187258.79,1
202408,1,Norte,outras_condicoes_maternas,edema_proteinuria_sem_hipertensao,2,22070,0.0091,5,219.48,0
202408,1,Norte,outras_condicoes_maternas,outras_condicoes_da_gestacao,97,22070,0.4395,305,26793.10,0
202408,1,Norte,transtornos_hipertensivos,eclampsia,51,22070,0.2311,215,45818.82,2
202408,1,Norte,transtornos_hipertensivos,hipertensao_gestacional,188,22070,0.8518,645,124409.03,0
202408,1,Norte,transtornos_hipertensivos,outros_hipertensivos,137,22070,0.6208,470,99018.73,0
202408,1,Norte,transtornos_hipertensivos,pre_eclampsia,577,22070,2.6144,2300,507300.02,0
202408,2,Nordeste,complicacoes_anestesicas,anestesia_obstetrica,52,54278,0.0958,126,13545.29,0
202408,2,Nordeste,complicacoes_gestacao,liquido_membranas_ou_placenta,2310,54278,4.2559,6514,1711148.67,1
202408,2,Nordeste,complicacoes_parto,trabalho_de_parto_ou_parto,6505,54278,11.9846,17473,4254408.78,1
202408,2,Nordeste,complicacoes_puerperais,outras_complicacoes_puerperais,402,54278,0.7406,1782,177099.82,1
202408,2,Nordeste,complicacoes_vasculares,complicacoes_venosas,65,54278,0.1198,511,42486.01,0
202408,2,Nordeste,complicacoes_vasculares,embolia_obstetrica,1,54278,0.0018,14,274.14,0
202408,2,Nordeste,desfecho_abortivo,gestacao_com_desfecho_abortivo,4599,54278,8.473,8655,1129050.11,2
202408,2,Nordeste,disturbios_metabolicos,diabetes_na_gestacao,1523,54278,2.8059,6973,1038901.97,0
202408,2,Nordeste,hemorragias,hemorragia_pos_parto,72,54278,0.1327,179,24756.96,0
202408,2,Nordeste,hemorragias,outras_hemorragias_obstetricas,752,54278,1.3855,1942,292710.22,0
202408,2,Nordeste,infeccoes,infeccao_geniturinaria_gestacao,638,54278,1.1754,2659,122131.18,0
202408,2,Nordeste,infeccoes,infeccao_puerperal,425,54278,0.783,2440,167739.11,0
202408,2,Nordeste,outras_condicoes_maternas,anemia_complicando_gestacao,44,54278,0.0811,179,35580.45,0
202408,2,Nordeste,outras_condicoes_maternas,doencas_classificadas_em_outros_capitulos,1599,54278,2.9459,7308,647750.40,2
202408,2,Nordeste,outras_condicoes_maternas,edema_proteinuria_sem_hipertensao,19,54278,0.035,32,9306.40,0
202408,2,Nordeste,outras_condicoes_maternas,outras_condicoes_da_gestacao,286,54278,0.5269,1010,81970.32,0
202408,2,Nordeste,transtornos_hipertensivos,eclampsia,156,54278,0.2874,633,130532.66,0
202408,2,Nordeste,transtornos_hipertensivos,hipertensao_gestacional,864,54278,1.5918,3084,581869.48,0
202408,2,Nordeste,transtornos_hipertensivos,outros_hipertensivos,877,54278,1.6158,3231,667354.00,0
202408,2,Nordeste,transtornos_hipertensivos,pre_eclampsia,2214,54278,4.079,9931,1986407.70,4
202408,3,Sudeste,complicacoes_anestesicas,anestesia_obstetrica,55,60370,0.0911,128,11932.85,0
202408,3,Sudeste,complicacoes_gestacao,liquido_membranas_ou_placenta,2176,60370,3.6044,6883,1649694.06,2
202408,3,Sudeste,complicacoes_parto,trabalho_de_parto_ou_parto,6234,60370,10.3263,17271,4252294.27,6
202408,3,Sudeste,complicacoes_puerperais,outras_complicacoes_puerperais,246,60370,0.4075,948,108762.88,1
202408,3,Sudeste,complicacoes_vasculares,complicacoes_venosas,73,60370,0.1209,390,28280.61,0
202408,3,Sudeste,desfecho_abortivo,gestacao_com_desfecho_abortivo,5047,60370,8.3601,8352,1523885.75,2
202408,3,Sudeste,disturbios_metabolicos,diabetes_na_gestacao,2050,60370,3.3957,7798,1179520.82,0
202408,3,Sudeste,hemorragias,hemorragia_pos_parto,80,60370,0.1325,220,54220.01,3
202408,3,Sudeste,hemorragias,outras_hemorragias_obstetricas,1374,60370,2.276,2431,423870.29,2
202408,3,Sudeste,infeccoes,infeccao_geniturinaria_gestacao,792,60370,1.3119,3470,170011.54,0
202408,3,Sudeste,infeccoes,infeccao_puerperal,401,60370,0.6642,2038,191032.29,0
202408,3,Sudeste,outras_condicoes_maternas,anemia_complicando_gestacao,40,60370,0.0663,152,16646.62,0
202408,3,Sudeste,outras_condicoes_maternas,doencas_classificadas_em_outros_capitulos,1331,60370,2.2047,4498,558015.57,3
202408,3,Sudeste,outras_condicoes_maternas,edema_proteinuria_sem_hipertensao,11,60370,0.0182,35,1950.70,0
202408,3,Sudeste,outras_condicoes_maternas,outras_condicoes_da_gestacao,546,60370,0.9044,2013,161935.79,0
202408,3,Sudeste,transtornos_hipertensivos,eclampsia,191,60370,0.3164,981,188217.74,0
202408,3,Sudeste,transtornos_hipertensivos,hipertensao_gestacional,900,60370,1.4908,3063,585771.00,0
202408,3,Sudeste,transtornos_hipertensivos,outros_hipertensivos,1170,60370,1.938,4239,961531.22,0
202408,3,Sudeste,transtornos_hipertensivos,pre_eclampsia,1453,60370,2.4068,5971,1313029.96,1
202408,4,Sul,complicacoes_anestesicas,anestesia_obstetrica,10,24280,0.0412,10,1689.79,0
202408,4,Sul,complicacoes_gestacao,liquido_membranas_ou_placenta,674,24280,2.7759,1975,519097.85,0
202408,4,Sul,complicacoes_parto,trabalho_de_parto_ou_parto,3057,24280,12.5906,8378,2128333.98,1
202408,4,Sul,complicacoes_puerperais,outras_complicacoes_puerperais,120,24280,0.4942,356,36709.94,0
202408,4,Sul,complicacoes_vasculares,complicacoes_venosas,32,24280,0.1318,112,11382.37,0
202408,4,Sul,desfecho_abortivo,gestacao_com_desfecho_abortivo,1903,24280,7.8377,2238,574218.33,2
202408,4,Sul,disturbios_metabolicos,diabetes_na_gestacao,626,24280,2.5783,2310,349159.06,1
202408,4,Sul,hemorragias,hemorragia_pos_parto,37,24280,0.1524,64,9949.58,0
202408,4,Sul,hemorragias,outras_hemorragias_obstetricas,456,24280,1.8781,900,118557.41,1
202408,4,Sul,infeccoes,infeccao_geniturinaria_gestacao,333,24280,1.3715,1230,70570.17,0
202408,4,Sul,infeccoes,infeccao_puerperal,134,24280,0.5519,558,50605.31,1
202408,4,Sul,outras_condicoes_maternas,anemia_complicando_gestacao,6,24280,0.0247,11,2645.02,0
202408,4,Sul,outras_condicoes_maternas,doencas_classificadas_em_outros_capitulos,1212,24280,4.9918,3652,401352.78,1
202408,4,Sul,outras_condicoes_maternas,edema_proteinuria_sem_hipertensao,14,24280,0.0577,72,5195.58,0
202408,4,Sul,outras_condicoes_maternas,outras_condicoes_da_gestacao,173,24280,0.7125,572,49960.20,0
202408,4,Sul,transtornos_hipertensivos,eclampsia,102,24280,0.4201,424,67002.66,0
202408,4,Sul,transtornos_hipertensivos,hipertensao_gestacional,268,24280,1.1038,913,155368.82,0
202408,4,Sul,transtornos_hipertensivos,outros_hipertensivos,364,24280,1.4992,1267,272455.58,0
202408,4,Sul,transtornos_hipertensivos,pre_eclampsia,551,24280,2.2694,2765,380675.44,1
202408,5,Centro-Oeste,complicacoes_anestesicas,anestesia_obstetrica,38,15167,0.2505,103,7850.67,0
202408,5,Centro-Oeste,complicacoes_gestacao,liquido_membranas_ou_placenta,438,15167,2.8878,1196,306208.03,0
202408,5,Centro-Oeste,complicacoes_parto,trabalho_de_parto_ou_parto,2072,15167,13.6612,5492,1121116.44,0
202408,5,Centro-Oeste,complicacoes_puerperais,outras_complicacoes_puerperais,107,15167,0.7055,457,32155.11,0
202408,5,Centro-Oeste,complicacoes_vasculares,complicacoes_venosas,9,15167,0.0593,37,2001.91,0
202408,5,Centro-Oeste,desfecho_abortivo,gestacao_com_desfecho_abortivo,1234,15167,8.1361,2010,343463.12,0
202408,5,Centro-Oeste,disturbios_metabolicos,diabetes_na_gestacao,378,15167,2.4923,1311,214623.25,0
202408,5,Centro-Oeste,hemorragias,hemorragia_pos_parto,24,15167,0.1582,49,23456.94,3
202408,5,Centro-Oeste,hemorragias,outras_hemorragias_obstetricas,346,15167,2.2813,677,90814.89,0
202408,5,Centro-Oeste,infeccoes,infeccao_geniturinaria_gestacao,243,15167,1.6022,853,50614.24,0
202408,5,Centro-Oeste,infeccoes,infeccao_puerperal,102,15167,0.6725,542,40502.43,0
202408,5,Centro-Oeste,outras_condicoes_maternas,anemia_complicando_gestacao,5,15167,0.033,24,912.35,0
202408,5,Centro-Oeste,outras_condicoes_maternas,doencas_classificadas_em_outros_capitulos,815,15167,5.3735,3060,329160.20,0
202408,5,Centro-Oeste,outras_condicoes_maternas,edema_proteinuria_sem_hipertensao,3,15167,0.0198,7,1141.96,0
202408,5,Centro-Oeste,outras_condicoes_maternas,outras_condicoes_da_gestacao,124,15167,0.8176,356,30700.89,0
202408,5,Centro-Oeste,transtornos_hipertensivos,eclampsia,43,15167,0.2835,177,46013.72,0
202408,5,Centro-Oeste,transtornos_hipertensivos,hipertensao_gestacional,233,15167,1.5362,810,127556.31,0
202408,5,Centro-Oeste,transtornos_hipertensivos,outros_hipertensivos,230,15167,1.5165,950,199265.31,0
202408,5,Centro-Oeste,transtornos_hipertensivos,pre_eclampsia,342,15167,2.2549,1348,251291.13,2
202409,1,Norte,complicacoes_anestesicas,anestesia_obstetrica,19,22309,0.0852,38,5700.52,0
202409,1,Norte,complicacoes_gestacao,liquido_membranas_ou_placenta,713,22309,3.196,2011,548322.82,1
202409,1,Norte,complicacoes_parto,trabalho_de_parto_ou_parto,3308,22309,14.8281,8896,2352240.33,1
202409,1,Norte,complicacoes_puerperais,outras_complicacoes_puerperais,127,22309,0.5693,652,107801.80,0
202409,1,Norte,complicacoes_vasculares,complicacoes_venosas,16,22309,0.0717,110,4225.67,0
202409,1,Norte,desfecho_abortivo,gestacao_com_desfecho_abortivo,1790,22309,8.0237,3378,439527.12,1
202409,1,Norte,disturbios_metabolicos,diabetes_na_gestacao,387,22309,1.7347,1579,210567.74,0
202409,1,Norte,hemorragias,hemorragia_pos_parto,16,22309,0.0717,33,6120.02,0
202409,1,Norte,hemorragias,outras_hemorragias_obstetricas,529,22309,2.3712,1385,144110.97,0
202409,1,Norte,infeccoes,infeccao_geniturinaria_gestacao,712,22309,3.1915,2372,101251.51,0
202409,1,Norte,infeccoes,infeccao_puerperal,174,22309,0.78,1058,67620.81,0
202409,1,Norte,outras_condicoes_maternas,anemia_complicando_gestacao,16,22309,0.0717,50,3484.06,0
202409,1,Norte,outras_condicoes_maternas,doencas_classificadas_em_outros_capitulos,594,22309,2.6626,2162,176741.38,0
202409,1,Norte,outras_condicoes_maternas,edema_proteinuria_sem_hipertensao,10,22309,0.0448,25,3711.34,0
202409,1,Norte,outras_condicoes_maternas,outras_condicoes_da_gestacao,88,22309,0.3945,364,24049.40,0
202409,1,Norte,transtornos_hipertensivos,eclampsia,41,22309,0.1838,179,25765.38,0
202409,1,Norte,transtornos_hipertensivos,hipertensao_gestacional,166,22309,0.7441,635,123304.29,0
202409,1,Norte,transtornos_hipertensivos,outros_hipertensivos,157,22309,0.7038,719,90202.19,0
202409,1,Norte,transtornos_hipertensivos,pre_eclampsia,627,22309,2.8105,2265,541639.62,1
202409,2,Nordeste,complicacoes_anestesicas,anestesia_obstetrica,49,53209,0.0921,180,11033.08,0
202409,2,Nordeste,complicacoes_gestacao,liquido_membranas_ou_placenta,2177,53209,4.0914,6408,1601268.39,0
202409,2,Nordeste,complicacoes_parto,trabalho_de_parto_ou_parto,6074,53209,11.4154,15851,3982688.02,1
202409,2,Nordeste,complicacoes_puerperais,outras_complicacoes_puerperais,449,53209,0.8438,1742,200279.24,1
202409,2,Nordeste,complicacoes_vasculares,complicacoes_venosas,57,53209,0.1071,459,56478.19,0
202409,2,Nordeste,complicacoes_vasculares,embolia_obstetrica,2,53209,0.0038,21,2759.47,0
202409,2,Nordeste,desfecho_abortivo,gestacao_com_desfecho_abortivo,4617,53209,8.6771,8493,1183806.40,0
202409,2,Nordeste,disturbios_metabolicos,diabetes_na_gestacao,1412,53209,2.6537,6436,966529.53,0
202409,2,Nordeste,hemorragias,hemorragia_pos_parto,81,53209,0.1522,240,48879.67,2
202409,2,Nordeste,hemorragias,outras_hemorragias_obstetricas,740,53209,1.3907,1833,248375.10,0
202409,2,Nordeste,infeccoes,infeccao_geniturinaria_gestacao,690,53209,1.2968,3218,152781.08,0
202409,2,Nordeste,infeccoes,infeccao_puerperal,422,53209,0.7931,2317,143827.29,2
202409,2,Nordeste,outras_condicoes_maternas,anemia_complicando_gestacao,30,53209,0.0564,164,19427.96,0
202409,2,Nordeste,outras_condicoes_maternas,doencas_classificadas_em_outros_capitulos,1628,53209,3.0596,7558,627015.56,1
202409,2,Nordeste,outras_condicoes_maternas,edema_proteinuria_sem_hipertensao,12,53209,0.0226,32,5799.98,0
202409,2,Nordeste,outras_condicoes_maternas,outras_condicoes_da_gestacao,276,53209,0.5187,857,78427.64,0
202409,2,Nordeste,transtornos_hipertensivos,eclampsia,148,53209,0.2781,534,142857.07,1
202409,2,Nordeste,transtornos_hipertensivos,hipertensao_gestacional,869,53209,1.6332,3079,552262.02,0
202409,2,Nordeste,transtornos_hipertensivos,outros_hipertensivos,902,53209,1.6952,3155,714767.58,0
202409,2,Nordeste,transtornos_hipertensivos,pre_eclampsia,2114,53209,3.973,8803,1840347.19,1
202409,3,Sudeste,complicacoes_anestesicas,anestesia_obstetrica,50,58821,0.085,113,15170.85,0
202409,3,Sudeste,complicacoes_gestacao,liquido_membranas_ou_placenta,2132,58821,3.6246,6558,1608856.58,0
202409,3,Sudeste,complicacoes_parto,trabalho_de_parto_ou_parto,5950,58821,10.1154,16300,4042576.41,3
202409,3,Sudeste,complicacoes_puerperais,outras_complicacoes_puerperais,233,58821,0.3961,743,97287.68,0
202409,3,Sudeste,complicacoes_vasculares,complicacoes_venosas,77,58821,0.1309,396,21463.93,0
202409,3,Sudeste,complicacoes_vasculares,embolia_obstetrica,2,58821,0.0034,3,1191.16,0
202409,3,Sudeste,desfecho_abortivo,gestacao_com_desfecho_abortivo,5170,58821,8.7894,8588,1509356.84,2
202409,3,Sudeste,disturbios_metabolicos,diabetes_na_gestacao,1993,58821,3.3882,7645,1155368.17,0
202409,3,Sudeste,hemorragias,hemorragia_pos_parto,96,58821,0.1632,252,48154.93,0
202409,3,Sudeste,hemorragias,outras_hemorragias_obstetricas,1422,58821,2.4175,2636,405893.57,2
202409,3,Sudeste,infeccoes,infeccao_geniturinaria_gestacao,809,58821,1.3754,3421,198131.67,0
202409,3,Sudeste,infeccoes,infeccao_puerperal,389,58821,0.6613,1966,154326.01,1
202409,3,Sudeste,outras_condicoes_maternas,anemia_complicando_gestacao,49,58821,0.0833,182,15556.48,0
202409,3,Sudeste,outras_condicoes_maternas,doencas_classificadas_em_outros_capitulos,1444,58821,2.4549,4986,571337.32,2
202409,3,Sudeste,outras_condicoes_maternas,edema_proteinuria_sem_hipertensao,14,58821,0.0238,38,5323.42,1
202409,3,Sudeste,outras_condicoes_maternas,outras_condicoes_da_gestacao,631,58821,1.0727,2094,210047.93,1
202409,3,Sudeste,transtornos_hipertensivos,eclampsia,233,58821,0.3961,1061,191789.43,0
202409,3,Sudeste,transtornos_hipertensivos,hipertensao_gestacional,778,58821,1.3227,2659,484227.52,0
202409,3,Sudeste,transtornos_hipertensivos,outros_hipertensivos,1171,58821,1.9908,3983,962102.52,1
202409,3,Sudeste,transtornos_hipertensivos,pre_eclampsia,1360,58821,2.3121,5806,1253805.37,1
202409,4,Sul,complicacoes_anestesicas,anestesia_obstetrica,6,22716,0.0264,12,1757.45,0
202409,4,Sul,complicacoes_gestacao,liquido_membranas_ou_placenta,673,22716,2.9627,2044,526593.91,0
202409,4,Sul,complicacoes_parto,trabalho_de_parto_ou_parto,2887,22716,12.7091,7910,2009121.68,3
202409,4,Sul,complicacoes_puerperais,outras_complicacoes_puerperais,100,22716,0.4402,266,23764.68,0
202409,4,Sul,complicacoes_vasculares,complicacoes_venosas,27,22716,0.1189,107,7682.42,0
202409,4,Sul,desfecho_abortivo,gestacao_com_desfecho_abortivo,1730,22716,7.6158,1996,492742.20,0
202409,4,Sul,disturbios_metabolicos,diabetes_na_gestacao,589,22716,2.5929,2055,355468.57,0
202409,4,Sul,hemorragias,hemorragia_pos_parto,41,22716,0.1805,114,24642.43,0
202409,4,Sul,hemorragias,outras_hemorragias_obstetricas,461,22716,2.0294,817,122027.22,0
202409,4,Sul,infeccoes,infeccao_geniturinaria_gestacao,281,22716,1.237,991,62452.40,0
202409,4,Sul,infeccoes,infeccao_puerperal,118,22716,0.5195,492,58576.97,0
202409,4,Sul,outras_condicoes_maternas,anemia_complicando_gestacao,5,22716,0.022,12,2771.00,0
202409,4,Sul,outras_condicoes_maternas,doencas_classificadas_em_outros_capitulos,1167,22716,5.1373,3322,376015.87,0
202409,4,Sul,outras_condicoes_maternas,edema_proteinuria_sem_hipertensao,19,22716,0.0836,82,4159.09,0
202409,4,Sul,outras_condicoes_maternas,outras_condicoes_da_gestacao,184,22716,0.81,505,55088.46,0
202409,4,Sul,transtornos_hipertensivos,eclampsia,81,22716,0.3566,324,48023.04,0
202409,4,Sul,transtornos_hipertensivos,hipertensao_gestacional,230,22716,1.0125,867,140114.72,0
202409,4,Sul,transtornos_hipertensivos,outros_hipertensivos,330,22716,1.4527,1050,255864.34,0
202409,4,Sul,transtornos_hipertensivos,pre_eclampsia,490,22716,2.1571,2365,371103.63,0
202409,5,Centro-Oeste,complicacoes_anestesicas,anestesia_obstetrica,27,15058,0.1793,84,6391.01,0
202409,5,Centro-Oeste,complicacoes_gestacao,liquido_membranas_ou_placenta,485,15058,3.2209,1486,354787.19,0
202409,5,Centro-Oeste,complicacoes_parto,trabalho_de_parto_ou_parto,1945,15058,12.9167,5185,1039955.52,0
202409,5,Centro-Oeste,complicacoes_puerperais,outras_complicacoes_puerperais,107,15058,0.7106,370,55622.27,0
202409,5,Centro-Oeste,complicacoes_vasculares,complicacoes_venosas,17,15058,0.1129,57,4881.26,0
202409,5,Centro-Oeste,desfecho_abortivo,gestacao_com_desfecho_abortivo,1245,15058,8.268,1877,320978.87,0
202409,5,Centro-Oeste,disturbios_metabolicos,diabetes_na_gestacao,371,15058,2.4638,1338,224260.30,0
202409,5,Centro-Oeste,hemorragias,hemorragia_pos_parto,9,15058,0.0598,24,2908.06,0
202409,5,Centro-Oeste,hemorragias,outras_hemorragias_obstetricas,388,15058,2.5767,952,99127.79,0
202409,5,Centro-Oeste,infeccoes,infeccao_geniturinaria_gestacao,264,15058,1.7532,881,46139.48,0
202409,5,Centro-Oeste,infeccoes,infeccao_puerperal,85,15058,0.5645,414,27675.59,0
202409,5,Centro-Oeste,outras_condicoes_maternas,anemia_complicando_gestacao,7,15058,0.0465,17,2916.56,0
202409,5,Centro-Oeste,outras_condicoes_maternas,doencas_classificadas_em_outros_capitulos,732,15058,4.8612,2672,281336.71,1
202409,5,Centro-Oeste,outras_condicoes_maternas,edema_proteinuria_sem_hipertensao,3,15058,0.0199,19,688.76,0
202409,5,Centro-Oeste,outras_condicoes_maternas,outras_condicoes_da_gestacao,106,15058,0.7039,317,31220.63,0
202409,5,Centro-Oeste,transtornos_hipertensivos,eclampsia,31,15058,0.2059,109,16951.10,0
202409,5,Centro-Oeste,transtornos_hipertensivos,hipertensao_gestacional,187,15058,1.2419,677,105279.79,0
202409,5,Centro-Oeste,transtornos_hipertensivos,outros_hipertensivos,243,15058,1.6138,931,206531.54,1
202409,5,Centro-Oeste,transtornos_hipertensivos,pre_eclampsia,313,15058,2.0786,1105,211466.35,2
202410,1,Norte,complicacoes_anestesicas,anestesia_obstetrica,23,22580,0.1019,97,5224.71,0
202410,1,Norte,complicacoes_gestacao,liquido_membranas_ou_placenta,715,22580,3.1665,2299,590421.47,0
202410,1,Norte,complicacoes_parto,trabalho_de_parto_ou_parto,3472,22580,15.3764,9915,2498050.88,2
202410,1,Norte,complicacoes_puerperais,outras_complicacoes_puerperais,133,22580,0.589,608,83452.40,1
202410,1,Norte,complicacoes_vasculares,complicacoes_venosas,15,22580,0.0664,94,18592.13,0
202410,1,Norte,complicacoes_vasculares,embolia_obstetrica,1,22580,0.0044,2,170.30,0
202410,1,Norte,desfecho_abortivo,gestacao_com_desfecho_abortivo,1886,22580,8.3525,3261,462660.07,1
202410,1,Norte,disturbios_metabolicos,diabetes_na_gestacao,314,22580,1.3906,1458,163863.61,0
202410,1,Norte,hemorragias,hemorragia_pos_parto,12,22580,0.0531,29,3565.32,0
202410,1,Norte,hemorragias,outras_hemorragias_obstetricas,566,22580,2.5066,1389,156262.26,0
202410,1,Norte,infeccoes,infeccao_geniturinaria_gestacao,708,22580,3.1355,2309,115046.37,0
202410,1,Norte,infeccoes,infeccao_puerperal,220,22580,0.9743,1189,75980.75,2
202410,1,Norte,outras_condicoes_maternas,anemia_complicando_gestacao,20,22580,0.0886,82,7157.03,0
202410,1,Norte,outras_condicoes_maternas,doencas_classificadas_em_outros_capitulos,539,22580,2.3871,1982,157198.92,0
202410,1,Norte,outras_condicoes_maternas,edema_proteinuria_sem_hipertensao,1,22580,0.0044,3,109.24,0
202410,1,Norte,outras_condicoes_maternas,outras_condicoes_da_gestacao,113,22580,0.5004,376,24444.49,0
202410,1,Norte,transtornos_hipertensivos,eclampsia,56,22580,0.248,192,51904.12,3
202410,1,Norte,transtornos_hipertensivos,hipertensao_gestacional,191,22580,0.8459,716,127591.13,0
202410,1,Norte,transtornos_hipertensivos,outros_hipertensivos,169,22580,0.7484,654,117071.71,0
202410,1,Norte,transtornos_hipertensivos,pre_eclampsia,519,22580,2.2985,1777,454672.48,1
202410,2,Nordeste,complicacoes_anestesicas,anestesia_obstetrica,44,54212,0.0812,85,13795.42,1
202410,2,Nordeste,complicacoes_gestacao,liquido_membranas_ou_placenta,2259,54212,4.167,6470,1677072.09,5
202410,2,Nordeste,complicacoes_parto,trabalho_de_parto_ou_parto,6341,54212,11.6967,17177,4142126.20,0
202410,2,Nordeste,complicacoes_puerperais,outras_complicacoes_puerperais,420,54212,0.7747,1995,262245.19,4
202410,2,Nordeste,complicacoes_vasculares,complicacoes_venosas,55,54212,0.1015,318,20544.75,0
202410,2,Nordeste,desfecho_abortivo,gestacao_com_desfecho_abortivo,5039,54212,9.295,8635,1197732.75,1
202410,2,Nordeste,disturbios_metabolicos,diabetes_na_gestacao,1488,54212,2.7448,6590,1011696.72,0
202410,2,Nordeste,hemorragias,hemorragia_pos_parto,70,54212,0.1291,217,59843.31,1
202410,2,Nordeste,hemorragias,outras_hemorragias_obstetricas,785,54212,1.448,2322,273089.07,1
202410,2,Nordeste,infeccoes,infeccao_geniturinaria_gestacao,724,54212,1.3355,3216,150349.91,0
202410,2,Nordeste,infeccoes,infeccao_puerperal,430,54212,0.7932,2581,153583.14,1
202410,2,Nordeste,outras_condicoes_maternas,anemia_complicando_gestacao,36,54212,0.0664,146,11509.54,0
202410,2,Nordeste,outras_condicoes_maternas,doencas_classificadas_em_outros_capitulos,1688,54212,3.1137,7269,642784.25,1
202410,2,Nordeste,outras_condicoes_maternas,edema_proteinuria_sem_hipertensao,11,54212,0.0203,26,5087.64,0
202410,2,Nordeste,outras_condicoes_maternas,outras_condicoes_da_gestacao,261,54212,0.4814,928,67804.72,0
202410,2,Nordeste,transtornos_hipertensivos,eclampsia,137,54212,0.2527,685,164291.22,2
202410,2,Nordeste,transtornos_hipertensivos,hipertensao_gestacional,973,54212,1.7948,3396,649996.10,0
202410,2,Nordeste,transtornos_hipertensivos,outros_hipertensivos,899,54212,1.6583,3080,690735.21,0
202410,2,Nordeste,transtornos_hipertensivos,pre_eclampsia,2244,54212,4.1393,9391,1989727.43,1
202410,3,Sudeste,complicacoes_anestesicas,anestesia_obstetrica,63,57824,0.109,133,20360.44,0
202410,3,Sudeste,complicacoes_gestacao,liquido_membranas_ou_placenta,2034,57824,3.5176,6182,1545669.84,1
202410,3,Sudeste,complicacoes_parto,trabalho_de_parto_ou_parto,5844,57824,10.1065,16069,3897649.05,1
202410,3,Sudeste,complicacoes_puerperais,outras_complicacoes_puerperais,239,57824,0.4133,959,124152.60,0
202410,3,Sudeste,complicacoes_vasculares,complicacoes_venosas,76,57824,0.1314,393,28884.40,0
202410,3,Sudeste,complicacoes_vasculares,embolia_obstetrica,2,57824,0.0035,36,8834.85,0
202410,3,Sudeste,desfecho_abortivo,gestacao_com_desfecho_abortivo,5430,57824,9.3906,8677,1619174.20,1
202410,3,Sudeste,disturbios_metabolicos,diabetes_na_gestacao,1997,57824,3.4536,7616,1105910.82,0
202410,3,Sudeste,hemorragias,hemorragia_pos_parto,98,57824,0.1695,311,44044.81,0
202410,3,Sudeste,hemorragias,outras_hemorragias_obstetricas,1504,57824,2.601,2712,432596.79,3
202410,3,Sudeste,infeccoes,infeccao_geniturinaria_gestacao,833,57824,1.4406,3670,193177.19,0
202410,3,Sudeste,infeccoes,infeccao_puerperal,408,57824,0.7056,2029,148330.70,0
202410,3,Sudeste,outras_condicoes_maternas,anemia_complicando_gestacao,44,57824,0.0761,167,18813.13,0
202410,3,Sudeste,outras_condicoes_maternas,doencas_classificadas_em_outros_capitulos,1384,57824,2.3935,4831,645073.24,1
202410,3,Sudeste,outras_condicoes_maternas,edema_proteinuria_sem_hipertensao,13,57824,0.0225,58,4708.83,0
202410,3,Sudeste,outras_condicoes_maternas,outras_condicoes_da_gestacao,648,57824,1.1206,2274,195536.41,0
202410,3,Sudeste,transtornos_hipertensivos,eclampsia,195,57824,0.3372,746,135218.71,1
202410,3,Sudeste,transtornos_hipertensivos,hipertensao_gestacional,809,57824,1.3991,2855,527310.73,0
202410,3,Sudeste,transtornos_hipertensivos,outros_hipertensivos,1123,57824,1.9421,3864,887794.63,0
202410,3,Sudeste,transtornos_hipertensivos,pre_eclampsia,1278,57824,2.2102,5037,1091424.63,1
202410,4,Sul,complicacoes_anestesicas,anestesia_obstetrica,9,22398,0.0402,14,1185.16,0
202410,4,Sul,complicacoes_gestacao,liquido_membranas_ou_placenta,629,22398,2.8083,2141,483571.29,0
202410,4,Sul,complicacoes_parto,trabalho_de_parto_ou_parto,2862,22398,12.7779,7187,1921370.12,0
202410,4,Sul,complicacoes_puerperais,outras_complicacoes_puerperais,107,22398,0.4777,297,37420.07,0
202410,4,Sul,complicacoes_vasculares,complicacoes_venosas,20,22398,0.0893,109,5133.69,0
202410,4,Sul,desfecho_abortivo,gestacao_com_desfecho_abortivo,1928,22398,8.6079,2332,569742.52,1
202410,4,Sul,disturbios_metabolicos,diabetes_na_gestacao,544,22398,2.4288,1884,314850.36,0
202410,4,Sul,hemorragias,hemorragia_pos_parto,39,22398,0.1741,81,14583.33,0
202410,4,Sul,hemorragias,outras_hemorragias_obstetricas,460,22398,2.0538,790,125362.09,0
202410,4,Sul,infeccoes,infeccao_geniturinaria_gestacao,309,22398,1.3796,1097,63963.87,0
202410,4,Sul,infeccoes,infeccao_puerperal,100,22398,0.4465,409,29331.18,0
202410,4,Sul,outras_condicoes_maternas,anemia_complicando_gestacao,8,22398,0.0357,19,1541.95,0
202410,4,Sul,outras_condicoes_maternas,doencas_classificadas_em_outros_capitulos,1174,22398,5.2415,3829,462283.68,0
202410,4,Sul,outras_condicoes_maternas,edema_proteinuria_sem_hipertensao,12,22398,0.0536,27,3774.78,0
202410,4,Sul,outras_condicoes_maternas,outras_condicoes_da_gestacao,197,22398,0.8795,568,56139.37,0
202410,4,Sul,transtornos_hipertensivos,eclampsia,62,22398,0.2768,224,34285.04,0
202410,4,Sul,transtornos_hipertensivos,hipertensao_gestacional,189,22398,0.8438,622,106902.96,0
202410,4,Sul,transtornos_hipertensivos,outros_hipertensivos,316,22398,1.4108,1138,227312.55,0
202410,4,Sul,transtornos_hipertensivos,pre_eclampsia,493,22398,2.2011,2686,343922.65,1
202410,5,Centro-Oeste,complicacoes_anestesicas,anestesia_obstetrica,32,15027,0.213,108,6743.94,0
202410,5,Centro-Oeste,complicacoes_gestacao,liquido_membranas_ou_placenta,400,15027,2.6619,1192,291276.95,0
202410,5,Centro-Oeste,complicacoes_parto,trabalho_de_parto_ou_parto,1948,15027,12.9633,5084,1048438.19,1
202410,5,Centro-Oeste,complicacoes_puerperais,outras_complicacoes_puerperais,149,15027,0.9915,576,45373.04,0
202410,5,Centro-Oeste,complicacoes_vasculares,complicacoes_venosas,16,15027,0.1065,100,7907.83,0
202410,5,Centro-Oeste,desfecho_abortivo,gestacao_com_desfecho_abortivo,1376,15027,9.1569,2224,369064.96,0
202410,5,Centro-Oeste,disturbios_metabolicos,diabetes_na_gestacao,383,15027,2.5487,1258,207608.78,0
202410,5,Centro-Oeste,hemorragias,hemorragia_pos_parto,24,15027,0.1597,70,16886.90,0
202410,5,Centro-Oeste,hemorragias,outras_hemorragias_obstetricas,391,15027,2.602,816,107619.97,0
202410,5,Centro-Oeste,infeccoes,infeccao_geniturinaria_gestacao,261,15027,1.7369,920,49705.87,0
202410,5,Centro-Oeste,infeccoes,infeccao_puerperal,108,15027,0.7187,563,44388.22,0
202410,5,Centro-Oeste,outras_condicoes_maternas,anemia_complicando_gestacao,7,15027,0.0466,22,4819.82,0
202410,5,Centro-Oeste,outras_condicoes_maternas,doencas_classificadas_em_outros_capitulos,790,15027,5.2572,2861,289460.24,0
202410,5,Centro-Oeste,outras_condicoes_maternas,outras_condicoes_da_gestacao,139,15027,0.925,491,48585.74,0
202410,5,Centro-Oeste,transtornos_hipertensivos,eclampsia,34,15027,0.2263,118,22162.08,0
202410,5,Centro-Oeste,transtornos_hipertensivos,hipertensao_gestacional,241,15027,1.6038,789,137467.66,0
202410,5,Centro-Oeste,transtornos_hipertensivos,outros_hipertensivos,243,15027,1.6171,1017,215473.86,0
202410,5,Centro-Oeste,transtornos_hipertensivos,pre_eclampsia,329,15027,2.1894,1116,239956.57,1
202411,1,Norte,complicacoes_anestesicas,anestesia_obstetrica,21,22324,0.0941,55,6946.94,0
202411,1,Norte,complicacoes_gestacao,liquido_membranas_ou_placenta,754,22324,3.3775,2476,634277.24,0
202411,1,Norte,complicacoes_parto,trabalho_de_parto_ou_parto,3310,22324,14.8271,9150,2438177.14,3
202411,1,Norte,complicacoes_puerperais,outras_complicacoes_puerperais,110,22324,0.4927,502,44527.41,0
202411,1,Norte,complicacoes_vasculares,complicacoes_venosas,14,22324,0.0627,83,5276.40,0
202411,1,Norte,complicacoes_vasculares,embolia_obstetrica,2,22324,0.009,5,2158.97,1
202411,1,Norte,desfecho_abortivo,gestacao_com_desfecho_abortivo,1754,22324,7.857,3006,422969.06,0
202411,1,Norte,disturbios_metabolicos,diabetes_na_gestacao,450,22324,2.0158,1977,294082.83,0
202411,1,Norte,hemorragias,hemorragia_pos_parto,10,22324,0.0448,32,5687.49,0
202411,1,Norte,hemorragias,outras_hemorragias_obstetricas,512,22324,2.2935,1403,140243.79,0
202411,1,Norte,infeccoes,infeccao_geniturinaria_gestacao,686,22324,3.0729,2398,112708.08,0
202411,1,Norte,infeccoes,infeccao_puerperal,194,22324,0.869,1172,81854.95,1
202411,1,Norte,outras_condicoes_maternas,anemia_complicando_gestacao,17,22324,0.0762,84,5514.32,0
202411,1,Norte,outras_condicoes_maternas,doencas_classificadas_em_outros_capitulos,625,22324,2.7997,2522,189020.30,0
202411,1,Norte,outras_condicoes_maternas,edema_proteinuria_sem_hipertensao,5,22324,0.0224,13,2018.25,0
202411,1,Norte,outras_condicoes_maternas,outras_condicoes_da_gestacao,98,22324,0.439,373,31272.16,0
202411,1,Norte,transtornos_hipertensivos,eclampsia,59,22324,0.2643,229,47034.70,0
202411,1,Norte,transtornos_hipertensivos,hipertensao_gestacional,215,22324,0.9631,761,148062.95,0
202411,1,Norte,transtornos_hipertensivos,outros_hipertensivos,150,22324,0.6719,543,98397.38,0
202411,1,Norte,transtornos_hipertensivos,pre_eclampsia,588,22324,2.6339,2230,510127.90,0
202411,2,Nordeste,complicacoes_anestesicas,anestesia_obstetrica,42,50951,0.0824,100,7899.33,0
202411,2,Nordeste,complicacoes_gestacao,liquido_membranas_ou_placenta,2075,50951,4.0725,5965,1535043.24,1
202411,2,Nordeste,complicacoes_parto,trabalho_de_parto_ou_parto,5888,50951,11.5562,15818,3885787.86,3
202411,2,Nordeste,complicacoes_puerperais,outras_complicacoes_puerperais,379,50951,0.7439,1705,184641.26,1
202411,2,Nordeste,complicacoes_vasculares,complicacoes_venosas,83,50951,0.1629,423,27049.39,0
202411,2,Nordeste,complicacoes_vasculares,embolia_obstetrica,6,50951,0.0118,20,2935.87,0
202411,2,Nordeste,desfecho_abortivo,gestacao_com_desfecho_abortivo,4956,50951,9.727,8984,1225613.88,2
202411,2,Nordeste,disturbios_metabolicos,diabetes_na_gestacao,1527,50951,2.997,6688,1112718.37,2
202411,2,Nordeste,hemorragias,hemorragia_pos_parto,85,50951,0.1668,300,63807.32,0
202411,2,Nordeste,hemorragias,outras_hemorragias_obstetricas,728,50951,1.4288,1917,238634.02,2
202411,2,Nordeste,infeccoes,infeccao_geniturinaria_gestacao,645,50951,1.2659,2931,136456.44,0
202411,2,Nordeste,infeccoes,infeccao_puerperal,389,50951,0.7635,2440,151036.30,3
202411,2,Nordeste,outras_condicoes_maternas,anemia_complicando_gestacao,37,50951,0.0726,148,31240.69,0
202411,2,Nordeste,outras_condicoes_maternas,doencas_classificadas_em_outros_capitulos,1660,50951,3.258,7510,656735.70,0
202411,2,Nordeste,outras_condicoes_maternas,edema_proteinuria_sem_hipertensao,9,50951,0.0177,10,4468.58,0
202411,2,Nordeste,outras_condicoes_maternas,outras_condicoes_da_gestacao,282,50951,0.5535,918,77340.13,0
202411,2,Nordeste,transtornos_hipertensivos,eclampsia,104,50951,0.2041,380,87093.63,0
202411,2,Nordeste,transtornos_hipertensivos,hipertensao_gestacional,835,50951,1.6388,3076,594011.12,0
202411,2,Nordeste,transtornos_hipertensivos,outros_hipertensivos,866,50951,1.6997,3017,692610.63,0
202411,2,Nordeste,transtornos_hipertensivos,pre_eclampsia,2042,50951,4.0078,9301,1846415.13,3
202411,3,Sudeste,complicacoes_anestesicas,anestesia_obstetrica,44,55726,0.079,123,14986.42,0
202411,3,Sudeste,complicacoes_gestacao,liquido_membranas_ou_placenta,2053,55726,3.6841,6535,1540101.89,0
202411,3,Sudeste,complicacoes_parto,trabalho_de_parto_ou_parto,5739,55726,10.2986,15857,3837384.26,3
202411,3,Sudeste,complicacoes_puerperais,outras_complicacoes_puerperais,236,55726,0.4235,851,112902.43,0
202411,3,Sudeste,complicacoes_vasculares,complicacoes_venosas,63,55726,0.1131,209,13841.47,0
202411,3,Sudeste,desfecho_abortivo,gestacao_com_desfecho_abortivo,5034,55726,9.0335,8363,1566886.88,3
202411,3,Sudeste,disturbios_metabolicos,diabetes_na_gestacao,2039,55726,3.659,8095,1215025.70,0
202411,3,Sudeste,hemorragias,hemorragia_pos_parto,91,55726,0.1633,251,66867.76,0
202411,3,Sudeste,hemorragias,outras_hemorragias_obstetricas,1414,55726,2.5374,2602,373664.40,0
202411,3,Sudeste,infeccoes,infeccao_geniturinaria_gestacao,804,55726,1.4428,3274,191144.31,0
202411,3,Sudeste,infeccoes,infeccao_puerperal,397,55726,0.7124,2023,175346.58,0
202411,3,Sudeste,outras_condicoes_maternas,anemia_complicando_gestacao,39,55726,0.07,131,13210.77,0
202411,3,Sudeste,outras_condicoes_maternas,doencas_classificadas_em_outros_capitulos,1329,55726,2.3849,4726,551151.34,1
202411,3,Sudeste,outras_condicoes_maternas,edema_proteinuria_sem_hipertensao,6,55726,0.0108,13,1999.76,0
202411,3,Sudeste,outras_condicoes_maternas,outras_condicoes_da_gestacao,677,55726,1.2149,2433,237338.93,0
202411,3,Sudeste,transtornos_hipertensivos,eclampsia,193,55726,0.3463,812,152120.08,1
202411,3,Sudeste,transtornos_hipertensivos,hipertensao_gestacional,821,55726,1.4733,2865,514012.35,0
202411,3,Sudeste,transtornos_hipertensivos,outros_hipertensivos,1139,55726,2.0439,3840,916245.64,0
202411,3,Sudeste,transtornos_hipertensivos,pre_eclampsia,1278,55726,2.2934,5304,1141005.19,1
202411,4,Sul,complicacoes_anestesicas,anestesia_obstetrica,9,22684,0.0397,11,975.54,0
202411,4,Sul,complicacoes_gestacao,liquido_membranas_ou_placenta,604,22684,2.6627,1693,467518.72,0
202411,4,Sul,complicacoes_parto,trabalho_de_parto_ou_parto,2867,22684,12.6389,7680,1995883.24,0
202411,4,Sul,complicacoes_puerperais,outras_complicacoes_puerperais,117,22684,0.5158,328,34196.46,0
202411,4,Sul,complicacoes_vasculares,complicacoes_venosas,29,22684,0.1278,80,7741.39,0
202411,4,Sul,desfecho_abortivo,gestacao_com_desfecho_abortivo,1981,22684,8.733,2572,564781.17,0
202411,4,Sul,disturbios_metabolicos,diabetes_na_gestacao,578,22684,2.5481,1954,336803.58,0
202411,4,Sul,hemorragias,hemorragia_pos_parto,37,22684,0.1631,109,15669.33,1
202411,4,Sul,hemorragias,outras_hemorragias_obstetricas,479,22684,2.1116,857,116253.62,1
202411,4,Sul,infeccoes,infeccao_geniturinaria_gestacao,302,22684,1.3313,1147,73858.52,0
202411,4,Sul,infeccoes,infeccao_puerperal,104,22684,0.4585,423,39725.71,0
202411,4,Sul,outras_condicoes_maternas,anemia_complicando_gestacao,10,22684,0.0441,23,1616.42,0
202411,4,Sul,outras_condicoes_maternas,doencas_classificadas_em_outros_capitulos,1197,22684,5.2768,3625,439707.75,2
202411,4,Sul,outras_condicoes_maternas,edema_proteinuria_sem_hipertensao,10,22684,0.0441,37,4002.14,0
202411,4,Sul,outras_condicoes_maternas,outras_condicoes_da_gestacao,233,22684,1.0272,643,66451.57,0
202411,4,Sul,transtornos_hipertensivos,eclampsia,56,22684,0.2469,237,29135.50,0
202411,4,Sul,transtornos_hipertensivos,hipertensao_gestacional,194,22684,0.8552,708,126532.57,0
202411,4,Sul,transtornos_hipertensivos,outros_hipertensivos,311,22684,1.371,1094,231397.61,0
202411,4,Sul,transtornos_hipertensivos,pre_eclampsia,478,22684,2.1072,2392,328582.99,0
202411,5,Centro-Oeste,complicacoes_anestesicas,anestesia_obstetrica,30,14676,0.2044,113,6807.60,0
202411,5,Centro-Oeste,complicacoes_gestacao,liquido_membranas_ou_placenta,437,14676,2.9777,1310,303184.65,0
202411,5,Centro-Oeste,complicacoes_parto,trabalho_de_parto_ou_parto,1851,14676,12.6124,4778,1010854.05,1
202411,5,Centro-Oeste,complicacoes_puerperais,outras_complicacoes_puerperais,133,14676,0.9062,510,55946.32,0
202411,5,Centro-Oeste,complicacoes_vasculares,complicacoes_venosas,15,14676,0.1022,60,2599.86,0
202411,5,Centro-Oeste,complicacoes_vasculares,embolia_obstetrica,1,14676,0.0068,6,3154.30,0
202411,5,Centro-Oeste,desfecho_abortivo,gestacao_com_desfecho_abortivo,1236,14676,8.4219,2027,327366.37,2
202411,5,Centro-Oeste,disturbios_metabolicos,diabetes_na_gestacao,356,14676,2.4257,1129,199131.66,0
202411,5,Centro-Oeste,hemorragias,hemorragia_pos_parto,11,14676,0.075,31,3074.41,0
202411,5,Centro-Oeste,hemorragias,outras_hemorragias_obstetricas,373,14676,2.5416,736,97758.57,0
202411,5,Centro-Oeste,infeccoes,infeccao_geniturinaria_gestacao,286,14676,1.9488,879,48309.88,0
202411,5,Centro-Oeste,infeccoes,infeccao_puerperal,105,14676,0.7155,524,33399.77,0
202411,5,Centro-Oeste,outras_condicoes_maternas,anemia_complicando_gestacao,5,14676,0.0341,28,1586.77,0
202411,5,Centro-Oeste,outras_condicoes_maternas,doencas_classificadas_em_outros_capitulos,763,14676,5.199,2714,336626.11,0
202411,5,Centro-Oeste,outras_condicoes_maternas,edema_proteinuria_sem_hipertensao,2,14676,0.0136,3,1099.30,0
202411,5,Centro-Oeste,outras_condicoes_maternas,outras_condicoes_da_gestacao,121,14676,0.8245,405,28376.07,0
202411,5,Centro-Oeste,transtornos_hipertensivos,eclampsia,42,14676,0.2862,269,73853.70,0
202411,5,Centro-Oeste,transtornos_hipertensivos,hipertensao_gestacional,226,14676,1.5399,865,125622.66,0
202411,5,Centro-Oeste,transtornos_hipertensivos,outros_hipertensivos,212,14676,1.4445,790,174312.92,0
202411,5,Centro-Oeste,transtornos_hipertensivos,pre_eclampsia,324,14676,2.2077,1158,236843.32,0
202412,1,Norte,complicacoes_anestesicas,anestesia_obstetrica,17,20908,0.0813,34,3278.38,0
202412,1,Norte,complicacoes_gestacao,liquido_membranas_ou_placenta,624,20908,2.9845,2093,502549.65,0
202412,1,Norte,complicacoes_parto,trabalho_de_parto_ou_parto,2980,20908,14.2529,7868,2180059.28,3
202412,1,Norte,complicacoes_puerperais,outras_complicacoes_puerperais,119,20908,0.5692,545,38868.93,0
202412,1,Norte,complicacoes_vasculares,complicacoes_venosas,11,20908,0.0526,29,3617.51,0
202412,1,Norte,complicacoes_vasculares,embolia_obstetrica,1,20908,0.0048,2,514.60,0
202412,1,Norte,desfecho_abortivo,gestacao_com_desfecho_abortivo,1588,20908,7.5952,2835,396241.92,0
202412,1,Norte,disturbios_metabolicos,diabetes_na_gestacao,366,20908,1.7505,1494,230525.49,0
202412,1,Norte,hemorragias,hemorragia_pos_parto,11,20908,0.0526,31,2454.61,0
202412,1,Norte,hemorragias,outras_hemorragias_obstetricas,449,20908,2.1475,1354,123136.40,0
202412,1,Norte,infeccoes,infeccao_geniturinaria_gestacao,635,20908,3.0371,2172,104232.27,0
202412,1,Norte,infeccoes,infeccao_puerperal,169,20908,0.8083,812,48011.26,0
202412,1,Norte,outras_condicoes_maternas,anemia_complicando_gestacao,14,20908,0.067,72,3208.96,0
202412,1,Norte,outras_condicoes_maternas,doencas_classificadas_em_outros_capitulos,507,20908,2.4249,1964,153205.43,1
202412,1,Norte,outras_condicoes_maternas,edema_proteinuria_sem_hipertensao,1,20908,0.0048,2,125.24,0
202412,1,Norte,outras_condicoes_maternas,outras_condicoes_da_gestacao,90,20908,0.4305,277,24840.92,0
202412,1,Norte,transtornos_hipertensivos,eclampsia,59,20908,0.2822,185,39143.68,0
202412,1,Norte,transtornos_hipertensivos,hipertensao_gestacional,189,20908,0.904,683,125737.03,0
202412,1,Norte,transtornos_hipertensivos,outros_hipertensivos,154,20908,0.7366,607,108196.46,0
202412,1,Norte,transtornos_hipertensivos,pre_eclampsia,490,20908,2.3436,1862,417138.64,0
202412,2,Nordeste,complicacoes_anestesicas,anestesia_obstetrica,49,49285,0.0994,122,10004.93,0
202412,2,Nordeste,complicacoes_gestacao,liquido_membranas_ou_placenta,2005,49285,4.0682,5725,1483340.90,0
202412,2,Nordeste,complicacoes_parto,trabalho_de_parto_ou_parto,5566,49285,11.2935,14345,3494317.72,2
202412,2,Nordeste,complicacoes_puerperais,outras_complicacoes_puerperais,351,49285,0.7122,1600,149587.84,0
202412,2,Nordeste,complicacoes_vasculares,complicacoes_venosas,86,49285,0.1745,389,34855.23,0
202412,2,Nordeste,complicacoes_vasculares,embolia_obstetrica,1,49285,0.002,11,182.42,0
202412,2,Nordeste,desfecho_abortivo,gestacao_com_desfecho_abortivo,4667,49285,9.4694,8722,1110332.28,0
202412,2,Nordeste,disturbios_metabolicos,diabetes_na_gestacao,1487,49285,3.0171,6836,1029903.21,0
202412,2,Nordeste,hemorragias,hemorragia_pos_parto,72,49285,0.1461,228,30767.39,0
202412,2,Nordeste,hemorragias,outras_hemorragias_obstetricas,773,49285,1.5684,1777,272721.34,0
202412,2,Nordeste,infeccoes,infeccao_geniturinaria_gestacao,662,49285,1.3432,3354,148318.36,0
202412,2,Nordeste,infeccoes,infeccao_puerperal,422,49285,0.8562,2547,137759.94,0
202412,2,Nordeste,outras_condicoes_maternas,anemia_complicando_gestacao,39,49285,0.0791,174,20727.35,0
202412,2,Nordeste,outras_condicoes_maternas,doencas_classificadas_em_outros_capitulos,1641,49285,3.3296,7936,634967.23,2
202412,2,Nordeste,outras_condicoes_maternas,edema_proteinuria_sem_hipertensao,12,49285,0.0243,63,5491.35,0
202412,2,Nordeste,outras_condicoes_maternas,outras_condicoes_da_gestacao,266,49285,0.5397,785,62071.18,0
202412,2,Nordeste,transtornos_hipertensivos,eclampsia,115,49285,0.2333,575,124491.34,0
202412,2,Nordeste,transtornos_hipertensivos,hipertensao_gestacional,833,49285,1.6902,2904,615673.94,1
202412,2,Nordeste,transtornos_hipertensivos,outros_hipertensivos,763,49285,1.5481,2902,624627.01,0
202412,2,Nordeste,transtornos_hipertensivos,pre_eclampsia,1988,49285,4.0337,8602,1776069.61,3
202412,3,Sudeste,complicacoes_anestesicas,anestesia_obstetrica,39,55987,0.0697,107,17770.76,0
202412,3,Sudeste,complicacoes_gestacao,liquido_membranas_ou_placenta,2031,55987,3.6276,6186,1494493.17,1
202412,3,Sudeste,complicacoes_parto,trabalho_de_parto_ou_parto,5728,55987,10.2309,15865,3772105.65,1
202412,3,Sudeste,complicacoes_puerperais,outras_complicacoes_puerperais,231,55987,0.4126,768,104407.91,1
202412,3,Sudeste,complicacoes_vasculares,complicacoes_venosas,77,55987,0.1375,379,39403.53,0
202412,3,Sudeste,complicacoes_vasculares,embolia_obstetrica,2,55987,0.0036,3,1049.30,0
202412,3,Sudeste,desfecho_abortivo,gestacao_com_desfecho_abortivo,4980,55987,8.8949,8015,1421456.34,0
202412,3,Sudeste,disturbios_metabolicos,diabetes_na_gestacao,2105,55987,3.7598,7929,1198645.56,0
202412,3,Sudeste,hemorragias,hemorragia_pos_parto,91,55987,0.1625,233,68907.43,0
202412,3,Sudeste,hemorragias,outras_hemorragias_obstetricas,1397,55987,2.4952,2570,414350.87,1
202412,3,Sudeste,infeccoes,infeccao_geniturinaria_gestacao,851,55987,1.52,3352,202131.13,0
202412,3,Sudeste,infeccoes,infeccao_puerperal,390,55987,0.6966,1917,187147.81,1
202412,3,Sudeste,outras_condicoes_maternas,anemia_complicando_gestacao,59,55987,0.1054,220,24346.04,0
202412,3,Sudeste,outras_condicoes_maternas,doencas_classificadas_em_outros_capitulos,1358,55987,2.4256,4946,542211.50,0
202412,3,Sudeste,outras_condicoes_maternas,edema_proteinuria_sem_hipertensao,8,55987,0.0143,22,3014.20,0
202412,3,Sudeste,outras_condicoes_maternas,outras_condicoes_da_gestacao,733,55987,1.3092,2553,294218.72,1
202412,3,Sudeste,transtornos_hipertensivos,eclampsia,209,55987,0.3733,1004,170606.76,1
202412,3,Sudeste,transtornos_hipertensivos,hipertensao_gestacional,726,55987,1.2967,2382,430590.65,0
202412,3,Sudeste,transtornos_hipertensivos,outros_hipertensivos,1112,55987,1.9862,3854,887861.74,0
202412,3,Sudeste,transtornos_hipertensivos,pre_eclampsia,1189,55987,2.1237,4789,979676.51,2
202412,4,Sul,complicacoes_anestesicas,anestesia_obstetrica,7,21394,0.0327,13,3064.40,0
202412,4,Sul,complicacoes_gestacao,liquido_membranas_ou_placenta,614,21394,2.87,1801,473362.56,0
202412,4,Sul,complicacoes_parto,trabalho_de_parto_ou_parto,2670,21394,12.4801,7072,1837421.10,0
202412,4,Sul,complicacoes_puerperais,outras_complicacoes_puerperais,97,21394,0.4534,282,36676.20,0
202412,4,Sul,complicacoes_vasculares,complicacoes_venosas,38,21394,0.1776,123,10748.17,0
202412,4,Sul,complicacoes_vasculares,embolia_obstetrica,1,21394,0.0047,4,382.57,0
202412,4,Sul,desfecho_abortivo,gestacao_com_desfecho_abortivo,1923,21394,8.9885,2252,580418.74,0
202412,4,Sul,disturbios_metabolicos,diabetes_na_gestacao,571,21394,2.669,1989,316650.78,0
202412,4,Sul,hemorragias,hemorragia_pos_parto,35,21394,0.1636,63,13550.74,0
202412,4,Sul,hemorragias,outras_hemorragias_obstetricas,502,21394,2.3465,865,134580.97,0
202412,4,Sul,infeccoes,infeccao_geniturinaria_gestacao,289,21394,1.3508,1105,69067.20,0
202412,4,Sul,infeccoes,infeccao_puerperal,114,21394,0.5329,434,44030.72,0
202412,4,Sul,outras_condicoes_maternas,anemia_complicando_gestacao,11,21394,0.0514,30,2360.26,0
202412,4,Sul,outras_condicoes_maternas,doencas_classificadas_em_outros_capitulos,1091,21394,5.0996,3266,354483.12,0
202412,4,Sul,outras_condicoes_maternas,edema_proteinuria_sem_hipertensao,15,21394,0.0701,36,3064.11,0
202412,4,Sul,outras_condicoes_maternas,outras_condicoes_da_gestacao,244,21394,1.1405,701,78931.80,0
202412,4,Sul,transtornos_hipertensivos,eclampsia,65,21394,0.3038,229,52096.05,1
202412,4,Sul,transtornos_hipertensivos,hipertensao_gestacional,207,21394,0.9676,563,109803.89,0
202412,4,Sul,transtornos_hipertensivos,outros_hipertensivos,274,21394,1.2807,904,209895.18,0
202412,4,Sul,transtornos_hipertensivos,pre_eclampsia,478,21394,2.2343,2608,306818.65,0
202412,5,Centro-Oeste,complicacoes_anestesicas,anestesia_obstetrica,19,14603,0.1301,52,3268.16,0
202412,5,Centro-Oeste,complicacoes_gestacao,liquido_membranas_ou_placenta,468,14603,3.2048,1356,329887.18,0
202412,5,Centro-Oeste,complicacoes_parto,trabalho_de_parto_ou_parto,1997,14603,13.6753,5239,1092221.48,0
202412,5,Centro-Oeste,complicacoes_puerperais,outras_complicacoes_puerperais,116,14603,0.7944,472,30922.16,0
202412,5,Centro-Oeste,complicacoes_vasculares,complicacoes_venosas,17,14603,0.1164,67,3789.24,0
202412,5,Centro-Oeste,desfecho_abortivo,gestacao_com_desfecho_abortivo,1096,14603,7.5053,1863,326334.42,0
202412,5,Centro-Oeste,disturbios_metabolicos,diabetes_na_gestacao,368,14603,2.52,1250,200229.43,0
202412,5,Centro-Oeste,hemorragias,hemorragia_pos_parto,17,14603,0.1164,49,18103.41,0
202412,5,Centro-Oeste,hemorragias,outras_hemorragias_obstetricas,331,14603,2.2667,725,73634.87,0
202412,5,Centro-Oeste,infeccoes,infeccao_geniturinaria_gestacao,305,14603,2.0886,991,56933.44,0
202412,5,Centro-Oeste,infeccoes,infeccao_puerperal,100,14603,0.6848,508,51111.47,1
202412,5,Centro-Oeste,outras_condicoes_maternas,anemia_complicando_gestacao,1,14603,0.0068,4,133.44,0
202412,5,Centro-Oeste,outras_condicoes_maternas,doencas_classificadas_em_outros_capitulos,831,14603,5.6906,2935,350234.50,0
202412,5,Centro-Oeste,outras_condicoes_maternas,edema_proteinuria_sem_hipertensao,2,14603,0.0137,8,1100.67,0
202412,5,Centro-Oeste,outras_condicoes_maternas,outras_condicoes_da_gestacao,123,14603,0.8423,352,26178.67,0
202412,5,Centro-Oeste,transtornos_hipertensivos,eclampsia,32,14603,0.2191,114,29829.90,0
202412,5,Centro-Oeste,transtornos_hipertensivos,hipertensao_gestacional,226,14603,1.5476,827,126606.74,0
202412,5,Centro-Oeste,transtornos_hipertensivos,outros_hipertensivos,220,14603,1.5065,836,172434.92,0
202412,5,Centro-Oeste,transtornos_hipertensivos,pre_eclampsia,292,14603,1.9996,1145,245810.45,0
